"File","Path","Line","Kind","Name"
"Danish.lua","C:\Program Files (x86)\World of Warcraft\_retail_\Interface\AddOns\Guild_Roster_Manager\locales\Danish.lua","28","assigned function","GRML.Danish"
"Dutch.lua","C:\Program Files (x86)\World of Warcraft\_retail_\Interface\AddOns\Guild_Roster_Manager\locales\Dutch.lua","28","assigned function","GRML.Dutch"
"English.lua","C:\Program Files (x86)\World of Warcraft\_retail_\Interface\AddOns\Guild_Roster_Manager\locales\English.lua","26","assigned function","GRML.English"
"French.lua","C:\Program Files (x86)\World of Warcraft\_retail_\Interface\AddOns\Guild_Roster_Manager\locales\French.lua","25","assigned function","GRML.French"
"German.lua","C:\Program Files (x86)\World of Warcraft\_retail_\Interface\AddOns\Guild_Roster_Manager\locales\German.lua","28","assigned function","GRML.German"
"GRM_ActivityMetrics.lua","C:\Program Files (x86)\World of Warcraft\_retail_\Interface\AddOns\Guild_Roster_Manager\GRM_ActivityMetrics.lua","14","local function","NormalizeRealmName"
"GRM_ActivityMetrics.lua","C:\Program Files (x86)\World of Warcraft\_retail_\Interface\AddOns\Guild_Roster_Manager\GRM_ActivityMetrics.lua","19","local function","GetCurrentRealmName"
"GRM_ActivityMetrics.lua","C:\Program Files (x86)\World of Warcraft\_retail_\Interface\AddOns\Guild_Roster_Manager\GRM_ActivityMetrics.lua","26","local function","GetGuildStorageKey"
"GRM_ActivityMetrics.lua","C:\Program Files (x86)\World of Warcraft\_retail_\Interface\AddOns\Guild_Roster_Manager\GRM_ActivityMetrics.lua","42","local function","CanonicalizeName"
"GRM_ActivityMetrics.lua","C:\Program Files (x86)\World of Warcraft\_retail_\Interface\AddOns\Guild_Roster_Manager\GRM_ActivityMetrics.lua","71","local function","DateKeyToEpoch"
"GRM_ActivityMetrics.lua","C:\Program Files (x86)\World of Warcraft\_retail_\Interface\AddOns\Guild_Roster_Manager\GRM_ActivityMetrics.lua","91","local function","PruneDailyMap"
"GRM_ActivityMetrics.lua","C:\Program Files (x86)\World of Warcraft\_retail_\Interface\AddOns\Guild_Roster_Manager\GRM_ActivityMetrics.lua","105","local function","SumRecentValues"
"GRM_ActivityMetrics.lua","C:\Program Files (x86)\World of Warcraft\_retail_\Interface\AddOns\Guild_Roster_Manager\GRM_ActivityMetrics.lua","122","local function","EnsureDailyHourMarks"
"GRM_ActivityMetrics.lua","C:\Program Files (x86)\World of Warcraft\_retail_\Interface\AddOns\Guild_Roster_Manager\GRM_ActivityMetrics.lua","129","local function","MarkHourlyPresence"
"GRM_ActivityMetrics.lua","C:\Program Files (x86)\World of Warcraft\_retail_\Interface\AddOns\Guild_Roster_Manager\GRM_ActivityMetrics.lua","147","local function","CountActiveHoursInDay"
"GRM_ActivityMetrics.lua","C:\Program Files (x86)\World of Warcraft\_retail_\Interface\AddOns\Guild_Roster_Manager\GRM_ActivityMetrics.lua","161","local function","CalculateDailyActivityScore"
"GRM_ActivityMetrics.lua","C:\Program Files (x86)\World of Warcraft\_retail_\Interface\AddOns\Guild_Roster_Manager\GRM_ActivityMetrics.lua","169","local function","CalculateRecentActivityAverage"
"GRM_ActivityMetrics.lua","C:\Program Files (x86)\World of Warcraft\_retail_\Interface\AddOns\Guild_Roster_Manager\GRM_ActivityMetrics.lua","194","local function","EnsureMetricsDB"
"GRM_ActivityMetrics.lua","C:\Program Files (x86)\World of Warcraft\_retail_\Interface\AddOns\Guild_Roster_Manager\GRM_ActivityMetrics.lua","217","local function","EnsurePlayerEntry"
"GRM_ActivityMetrics.lua","C:\Program Files (x86)\World of Warcraft\_retail_\Interface\AddOns\Guild_Roster_Manager\GRM_ActivityMetrics.lua","244","local function","MarkMetricsDirty"
"GRM_ActivityMetrics.lua","C:\Program Files (x86)\World of Warcraft\_retail_\Interface\AddOns\Guild_Roster_Manager\GRM_ActivityMetrics.lua","250","local function","RequestGuildRosterRefresh"
"GRM_ActivityMetrics.lua","C:\Program Files (x86)\World of Warcraft\_retail_\Interface\AddOns\Guild_Roster_Manager\GRM_ActivityMetrics.lua","260","function","Activity.RecordGuildChatMessage"
"GRM_ActivityMetrics.lua","C:\Program Files (x86)\World of Warcraft\_retail_\Interface\AddOns\Guild_Roster_Manager\GRM_ActivityMetrics.lua","290","function","Activity.RecordRosterSnapshot"
"GRM_ActivityMetrics.lua","C:\Program Files (x86)\World of Warcraft\_retail_\Interface\AddOns\Guild_Roster_Manager\GRM_ActivityMetrics.lua","342","function","Activity.BuildFeed"
"GRM_ActivityMetrics.lua","C:\Program Files (x86)\World of Warcraft\_retail_\Interface\AddOns\Guild_Roster_Manager\GRM_ActivityMetrics.lua","454","local function","FindPlayerMetricsEntry"
"GRM_ActivityMetrics.lua","C:\Program Files (x86)\World of Warcraft\_retail_\Interface\AddOns\Guild_Roster_Manager\GRM_ActivityMetrics.lua","486","function","Activity.GetPlayerSummary"
"GRM_ActivityMetrics.lua","C:\Program Files (x86)\World of Warcraft\_retail_\Interface\AddOns\Guild_Roster_Manager\GRM_ActivityMetrics.lua","517","assigned function","GRM.GetGuildActivityMetricsFeed"
"GRM_ActivityMetrics.lua","C:\Program Files (x86)\World of Warcraft\_retail_\Interface\AddOns\Guild_Roster_Manager\GRM_ActivityMetrics.lua","521","assigned function","GRM.GetPlayerActivitySummary"
"GRM_AltManagement.lua","C:\Program Files (x86)\World of Warcraft\_retail_\Interface\AddOns\Guild_Roster_Manager\GRM_AltManagement.lua","13","assigned function","GRM.SetMain"
"GRM_AltManagement.lua","C:\Program Files (x86)\World of Warcraft\_retail_\Interface\AddOns\Guild_Roster_Manager\GRM_AltManagement.lua","68","assigned function","GRM.DemotePlayerFromMain"
"GRM_AltManagement.lua","C:\Program Files (x86)\World of Warcraft\_retail_\Interface\AddOns\Guild_Roster_Manager\GRM_AltManagement.lua","112","assigned function","GRM.GetAltGroupMain"
"GRM_AltManagement.lua","C:\Program Files (x86)\World of Warcraft\_retail_\Interface\AddOns\Guild_Roster_Manager\GRM_AltManagement.lua","141","assigned function","GRM.GetPlayerMain"
"GRM_AltManagement.lua","C:\Program Files (x86)\World of Warcraft\_retail_\Interface\AddOns\Guild_Roster_Manager\GRM_AltManagement.lua","158","assigned function","GRM.GetFormattedMainName"
"GRM_AltManagement.lua","C:\Program Files (x86)\World of Warcraft\_retail_\Interface\AddOns\Guild_Roster_Manager\GRM_AltManagement.lua","190","assigned function","GRM.IsMain"
"GRM_AltManagement.lua","C:\Program Files (x86)\World of Warcraft\_retail_\Interface\AddOns\Guild_Roster_Manager\GRM_AltManagement.lua","205","assigned function","GRM.IsFormerMemberMain"
"GRM_AltManagement.lua","C:\Program Files (x86)\World of Warcraft\_retail_\Interface\AddOns\Guild_Roster_Manager\GRM_AltManagement.lua","215","assigned function","GRM.IsFormerMemberAnAlt"
"GRM_AltManagement.lua","C:\Program Files (x86)\World of Warcraft\_retail_\Interface\AddOns\Guild_Roster_Manager\GRM_AltManagement.lua","234","assigned function","GRM.GetAltGroup"
"GRM_AltManagement.lua","C:\Program Files (x86)\World of Warcraft\_retail_\Interface\AddOns\Guild_Roster_Manager\GRM_AltManagement.lua","246","assigned function","GRM.CreateAltGroup"
"GRM_AltManagement.lua","C:\Program Files (x86)\World of Warcraft\_retail_\Interface\AddOns\Guild_Roster_Manager\GRM_AltManagement.lua","301","assigned function","GRM.AddAlt"
"GRM_AltManagement.lua","C:\Program Files (x86)\World of Warcraft\_retail_\Interface\AddOns\Guild_Roster_Manager\GRM_AltManagement.lua","439","assigned function","GRM.RemoveAltGroup"
"GRM_AltManagement.lua","C:\Program Files (x86)\World of Warcraft\_retail_\Interface\AddOns\Guild_Roster_Manager\GRM_AltManagement.lua","462","assigned function","GRM.IsPlayerInAltGroup"
"GRM_AltManagement.lua","C:\Program Files (x86)\World of Warcraft\_retail_\Interface\AddOns\Guild_Roster_Manager\GRM_AltManagement.lua","480","assigned function","GRM.CreateNewAltGroupID"
"GRM_AltManagement.lua","C:\Program Files (x86)\World of Warcraft\_retail_\Interface\AddOns\Guild_Roster_Manager\GRM_AltManagement.lua","498","assigned function","GRM.GetNumAltGroups"
"GRM_AltManagement.lua","C:\Program Files (x86)\World of Warcraft\_retail_\Interface\AddOns\Guild_Roster_Manager\GRM_AltManagement.lua","505","assigned function","GRM.GetAltNamesList"
"GRM_AltManagement.lua","C:\Program Files (x86)\World of Warcraft\_retail_\Interface\AddOns\Guild_Roster_Manager\GRM_AltManagement.lua","523","assigned function","GRM.GetListOfAlts"
"GRM_AltManagement.lua","C:\Program Files (x86)\World of Warcraft\_retail_\Interface\AddOns\Guild_Roster_Manager\GRM_AltManagement.lua","555","assigned function","GRM.GetListOfAltsLowerRankThanMyself"
"GRM_AltManagement.lua","C:\Program Files (x86)\World of Warcraft\_retail_\Interface\AddOns\Guild_Roster_Manager\GRM_AltManagement.lua","579","assigned function","GRM.PlayerIsAnAlt"
"GRM_AltManagement.lua","C:\Program Files (x86)\World of Warcraft\_retail_\Interface\AddOns\Guild_Roster_Manager\GRM_AltManagement.lua","594","assigned function","GRM.PlayerHasAlts"
"GRM_AltManagement.lua","C:\Program Files (x86)\World of Warcraft\_retail_\Interface\AddOns\Guild_Roster_Manager\GRM_AltManagement.lua","608","assigned function","GRM.LeftPlayerHasAlts"
"GRM_AltManagement.lua","C:\Program Files (x86)\World of Warcraft\_retail_\Interface\AddOns\Guild_Roster_Manager\GRM_AltManagement.lua","621","assigned function","GRM.GetNumAlts"
"GRM_AltManagement.lua","C:\Program Files (x86)\World of Warcraft\_retail_\Interface\AddOns\Guild_Roster_Manager\GRM_AltManagement.lua","635","assigned function","GRM.AddPlayerToAltGroup"
"GRM_AltManagement.lua","C:\Program Files (x86)\World of Warcraft\_retail_\Interface\AddOns\Guild_Roster_Manager\GRM_AltManagement.lua","701","assigned function","GRM.RemovePlayerFromAltGroup"
"GRM_AltManagement.lua","C:\Program Files (x86)\World of Warcraft\_retail_\Interface\AddOns\Guild_Roster_Manager\GRM_AltManagement.lua","779","assigned function","GRM.GetAltGroupTimeStamp"
"GRM_AltManagement.lua","C:\Program Files (x86)\World of Warcraft\_retail_\Interface\AddOns\Guild_Roster_Manager\GRM_AltManagement.lua","792","assigned function","GRM.IsAnyAltActive"
"GRM_AltManagement.lua","C:\Program Files (x86)\World of Warcraft\_retail_\Interface\AddOns\Guild_Roster_Manager\GRM_AltManagement.lua","813","assigned function","GRM.IsAnyAltActiveForRecommendKicks"
"GRM_AltManagement.lua","C:\Program Files (x86)\World of Warcraft\_retail_\Interface\AddOns\Guild_Roster_Manager\GRM_AltManagement.lua","850","assigned function","GRM.AddRejoinToAltGroup"
"GRM_AltManagement.lua","C:\Program Files (x86)\World of Warcraft\_retail_\Interface\AddOns\Guild_Roster_Manager\GRM_AltManagement.lua","880","assigned function","GRM.AddPlayerToOwnAltList"
"GRM_AltManagement.lua","C:\Program Files (x86)\World of Warcraft\_retail_\Interface\AddOns\Guild_Roster_Manager\GRM_AltManagement.lua","944","assigned function","GRM.CheckIfNeedToAddAlt"
"GRM_AltManagement.lua","C:\Program Files (x86)\World of Warcraft\_retail_\Interface\AddOns\Guild_Roster_Manager\GRM_AltManagement.lua","956","assigned function","GRM.ChangePlayerNameInAltGrouping"
"GRM_AltManagement.lua","C:\Program Files (x86)\World of Warcraft\_retail_\Interface\AddOns\Guild_Roster_Manager\GRM_AltManagement.lua","987","assigned function","GRM.GetAltWithOldestJoinDate"
"GRM_AltManagement.lua","C:\Program Files (x86)\World of Warcraft\_retail_\Interface\AddOns\Guild_Roster_Manager\GRM_AltManagement.lua","1023","assigned function","GRM.SyncJoinDatesOnAllAlts"
"GRM_AltManagement.lua","C:\Program Files (x86)\World of Warcraft\_retail_\Interface\AddOns\Guild_Roster_Manager\GRM_AltManagement.lua","1113","assigned function","GRM.SyncJoinDateUsingEarliest"
"GRM_AltManagement.lua","C:\Program Files (x86)\World of Warcraft\_retail_\Interface\AddOns\Guild_Roster_Manager\GRM_AltManagement.lua","1120","assigned function","GRM.SyncJoinDateUsingMain"
"GRM_AltManagement.lua","C:\Program Files (x86)\World of Warcraft\_retail_\Interface\AddOns\Guild_Roster_Manager\GRM_AltManagement.lua","1127","assigned function","GRM.SyncJoinDateUsingCurrentSelected"
"GRM_AltManagement.lua","C:\Program Files (x86)\World of Warcraft\_retail_\Interface\AddOns\Guild_Roster_Manager\GRM_AltManagement.lua","1134","assigned function","GRM.IsAltJoinDatesSynced"
"GRM_AltManagement.lua","C:\Program Files (x86)\World of Warcraft\_retail_\Interface\AddOns\Guild_Roster_Manager\GRM_AltManagement.lua","1170","assigned function","GRM.PlayerOrAltHasJD"
"GRM_AltManagement.lua","C:\Program Files (x86)\World of Warcraft\_retail_\Interface\AddOns\Guild_Roster_Manager\GRM_AltManagement.lua","1203","assigned function","GRM.PopulateAltFrames"
"GRM_AltManagement.lua","C:\Program Files (x86)\World of Warcraft\_retail_\Interface\AddOns\Guild_Roster_Manager\GRM_AltManagement.lua","1421","assigned function","GRM.GetSortedAltNamesWithDetails"
"GRM_AltManagement.lua","C:\Program Files (x86)\World of Warcraft\_retail_\Interface\AddOns\Guild_Roster_Manager\GRM_AltManagement.lua","1544","assigned function","GRM.GetAltTag"
"GRM_AltManagement.lua","C:\Program Files (x86)\World of Warcraft\_retail_\Interface\AddOns\Guild_Roster_Manager\GRM_AltManagement.lua","1556","assigned function","GRM.AddAltAutoComplete"
"GRM_AltManagement.lua","C:\Program Files (x86)\World of Warcraft\_retail_\Interface\AddOns\Guild_Roster_Manager\GRM_AltManagement.lua","1634","assigned function","GRM.KickAllAlts"
"GRM_AltManagement.lua","C:\Program Files (x86)\World of Warcraft\_retail_\Interface\AddOns\Guild_Roster_Manager\GRM_AltManagement.lua","1722","assigned function","GRM.SetBirthdayForAltGrouping"
"GRM_AltManagement.lua","C:\Program Files (x86)\World of Warcraft\_retail_\Interface\AddOns\Guild_Roster_Manager\GRM_AltManagement.lua","1787","assigned function","GRM.ResetBirthdayForAltGroup"
"GRM_AltManagement.lua","C:\Program Files (x86)\World of Warcraft\_retail_\Interface\AddOns\Guild_Roster_Manager\GRM_AltManagement.lua","1888","assigned function","GRM.SyncBirthdayWithNewAlt"
"GRM_AltsImport.lua","C:\Program Files (x86)\World of Warcraft\_retail_\Interface\AddOns\Guild_Roster_Manager\GRM_AltsImport.lua","32","assigned function","GRM.ExportMainTagToNotes"
"GRM_AltsImport.lua","C:\Program Files (x86)\World of Warcraft\_retail_\Interface\AddOns\Guild_Roster_Manager\GRM_AltsImport.lua","38","assigned function","GRM.ExportAltTagToNotes"
"GRM_AltsImport.lua","C:\Program Files (x86)\World of Warcraft\_retail_\Interface\AddOns\Guild_Roster_Manager\GRM_AltsImport.lua","44","assigned function","GRM.ImportAllMains"
"GRM_AltsImport.lua","C:\Program Files (x86)\World of Warcraft\_retail_\Interface\AddOns\Guild_Roster_Manager\GRM_AltsImport.lua","48","assigned function","GRM.ImportAllAlts"
"GRM_API.lua","C:\Program Files (x86)\World of Warcraft\_retail_\Interface\AddOns\Guild_Roster_Manager\GRM_API.lua","40","assigned function","GRM_API.GetMember"
"GRM_API.lua","C:\Program Files (x86)\World of Warcraft\_retail_\Interface\AddOns\Guild_Roster_Manager\GRM_API.lua","54","assigned function","GRM_API.GetFormerMember"
"GRM_API.lua","C:\Program Files (x86)\World of Warcraft\_retail_\Interface\AddOns\Guild_Roster_Manager\GRM_API.lua","68","assigned function","GRM_API.IsGuildMember"
"GRM_API.lua","C:\Program Files (x86)\World of Warcraft\_retail_\Interface\AddOns\Guild_Roster_Manager\GRM_API.lua","80","assigned function","GRM_API.GetMemberAlts"
"GRM_API.lua","C:\Program Files (x86)\World of Warcraft\_retail_\Interface\AddOns\Guild_Roster_Manager\GRM_API.lua","179","assigned function","GRM_API.ClearFriendsList"
"GRM_API.lua","C:\Program Files (x86)\World of Warcraft\_retail_\Interface\AddOns\Guild_Roster_Manager\GRM_API.lua","188","assigned function","GRM_API.ClearAllOfficerNotes"
"GRM_API.lua","C:\Program Files (x86)\World of Warcraft\_retail_\Interface\AddOns\Guild_Roster_Manager\GRM_API.lua","199","assigned function","GRM_API.ClearAllPublicNotes"
"GRM_API.lua","C:\Program Files (x86)\World of Warcraft\_retail_\Interface\AddOns\Guild_Roster_Manager\GRM_API.lua","210","assigned function","GRM_API.RestoreAllPublicNotesFromSave"
"GRM_API.lua","C:\Program Files (x86)\World of Warcraft\_retail_\Interface\AddOns\Guild_Roster_Manager\GRM_API.lua","229","assigned function","GRM_API.RestoreAllOfficerNotesFromSave"
"GRM_API.lua","C:\Program Files (x86)\World of Warcraft\_retail_\Interface\AddOns\Guild_Roster_Manager\GRM_API.lua","251","assigned function","GRM_API.RestoreAllPublicNotes"
"GRM_API.lua","C:\Program Files (x86)\World of Warcraft\_retail_\Interface\AddOns\Guild_Roster_Manager\GRM_API.lua","296","assigned function","GRM_API.SetAllUnlinkedPlayersToMain"
"GRM_API.lua","C:\Program Files (x86)\World of Warcraft\_retail_\Interface\AddOns\Guild_Roster_Manager\GRM_API.lua","315","assigned function","GRM_API.SetAllUnknownPromoteDates"
"GRM_API.lua","C:\Program Files (x86)\World of Warcraft\_retail_\Interface\AddOns\Guild_Roster_Manager\GRM_API.lua","353","assigned function","GRM_API.SetAllUnknownJoinDates"
"GRM_API.lua","C:\Program Files (x86)\World of Warcraft\_retail_\Interface\AddOns\Guild_Roster_Manager\GRM_API.lua","387","assigned function","GRM_API.ClearAllUnverifiedPromoteDates"
"GRM_API.lua","C:\Program Files (x86)\World of Warcraft\_retail_\Interface\AddOns\Guild_Roster_Manager\GRM_API.lua","406","assigned function","GRM_API.RollBackToVerifiedPromotionDatesOnly"
"GRM_API.lua","C:\Program Files (x86)\World of Warcraft\_retail_\Interface\AddOns\Guild_Roster_Manager\GRM_API.lua","425","assigned function","GRM_API.ValidateAllDates"
"GRM_API.lua","C:\Program Files (x86)\World of Warcraft\_retail_\Interface\AddOns\Guild_Roster_Manager\GRM_API.lua","450","assigned function","GRM_API.ReportAltGroupsOverLimit"
"GRM_API.lua","C:\Program Files (x86)\World of Warcraft\_retail_\Interface\AddOns\Guild_Roster_Manager\GRM_API.lua","503","assigned function","GRM_API.AddCustomRejoinEntry"
"GRM_API.lua","C:\Program Files (x86)\World of Warcraft\_retail_\Interface\AddOns\Guild_Roster_Manager\GRM_API.lua","521","assigned function","GRM_API.DetermineInterfaceRule"
"grm_chattynator.lua","C:\Program Files (x86)\World of Warcraft\_retail_\Interface\AddOns\Guild_Roster_Manager\Compatibility\grm_chattynator.lua","12","assigned function","chattynator.IsChattynatorLoaded"
"grm_chattynator.lua","C:\Program Files (x86)\World of Warcraft\_retail_\Interface\AddOns\Guild_Roster_Manager\Compatibility\grm_chattynator.lua","24","assigned function","chattynator.GetChattynatorTab"
"grm_chattynator.lua","C:\Program Files (x86)\World of Warcraft\_retail_\Interface\AddOns\Guild_Roster_Manager\Compatibility\grm_chattynator.lua","51","assigned function","chattynator.ConfigureChattynatorTab"
"grm_chattynator.lua","C:\Program Files (x86)\World of Warcraft\_retail_\Interface\AddOns\Guild_Roster_Manager\Compatibility\grm_chattynator.lua","74","assigned function","chattynator.ChattynatorReport"
"grm_chattynator.lua","C:\Program Files (x86)\World of Warcraft\_retail_\Interface\AddOns\Guild_Roster_Manager\Compatibility\grm_chattynator.lua","90","assigned function","chattynator.SetReportChannel"
"grm_chattynator.lua","C:\Program Files (x86)\World of Warcraft\_retail_\Interface\AddOns\Guild_Roster_Manager\Compatibility\grm_chattynator.lua","97","assigned function","chattynator.DisableChannel"
"grm_chattynator.lua","C:\Program Files (x86)\World of Warcraft\_retail_\Interface\AddOns\Guild_Roster_Manager\Compatibility\grm_chattynator.lua","121","assigned function","chattynator.EnableChannel"
"grm_chattynator.lua","C:\Program Files (x86)\World of Warcraft\_retail_\Interface\AddOns\Guild_Roster_Manager\Compatibility\grm_chattynator.lua","146","assigned function","chattynator.InitializeTabsForGRM"
"grm_chattynator.lua","C:\Program Files (x86)\World of Warcraft\_retail_\Interface\AddOns\Guild_Roster_Manager\Compatibility\grm_chattynator.lua","164","assigned function","chattynator.RefreshChattynatorTabs"
"grm_chattynator.lua","C:\Program Files (x86)\World of Warcraft\_retail_\Interface\AddOns\Guild_Roster_Manager\Compatibility\grm_chattynator.lua","176","assigned function","chattynator.CreateChattynatorTab"
"grm_chattynator.lua","C:\Program Files (x86)\World of Warcraft\_retail_\Interface\AddOns\Guild_Roster_Manager\Compatibility\grm_chattynator.lua","200","assigned function","chattynator.CleanupChattynatorTabs"
"GRM_ClassicFrames.lua","C:\Program Files (x86)\World of Warcraft\_retail_\Interface\AddOns\Guild_Roster_Manager\GRM_ClassicFrames.lua","5","assigned function","GRM_UI.EstablishClassicFrames"
"GRM_Config.lua","C:\Program Files (x86)\World of Warcraft\_retail_\Interface\AddOns\Guild_Roster_Manager\GRM_Config.lua","17","assigned function","Config.GetTimeOffesets"
"GRM_Config.lua","C:\Program Files (x86)\World of Warcraft\_retail_\Interface\AddOns\Guild_Roster_Manager\GRM_Config.lua","56","assigned function","Config.ActivateAddon"
"GRM_Core.lua","C:\Program Files (x86)\World of Warcraft\_retail_\Interface\AddOns\Guild_Roster_Manager\GRM_Core.lua","391","assigned function","GRM.CreateTexture"
"GRM_Core.lua","C:\Program Files (x86)\World of Warcraft\_retail_\Interface\AddOns\Guild_Roster_Manager\GRM_Core.lua","398","assigned function","GRM.GetMouseFocus"
"GRM_Core.lua","C:\Program Files (x86)\World of Warcraft\_retail_\Interface\AddOns\Guild_Roster_Manager\GRM_Core.lua","413","assigned function","GRM.IsHardcoreActive"
"GRM_Core.lua","C:\Program Files (x86)\World of Warcraft\_retail_\Interface\AddOns\Guild_Roster_Manager\GRM_Core.lua","427","assigned function","GRM.GameVersion"
"GRM_Core.lua","C:\Program Files (x86)\World of Warcraft\_retail_\Interface\AddOns\Guild_Roster_Manager\GRM_Core.lua","451","assigned function","GRM.CanViewOfficerNote"
"GRM_Core.lua","C:\Program Files (x86)\World of Warcraft\_retail_\Interface\AddOns\Guild_Roster_Manager\GRM_Core.lua","459","assigned function","GRM.CanEditOfficerNote"
"GRM_Core.lua","C:\Program Files (x86)\World of Warcraft\_retail_\Interface\AddOns\Guild_Roster_Manager\GRM_Core.lua","468","assigned function","GRM.CanEditPublicNote"
"GRM_Core.lua","C:\Program Files (x86)\World of Warcraft\_retail_\Interface\AddOns\Guild_Roster_Manager\GRM_Core.lua","476","assigned function","GRM.GuildRoster"
"GRM_Core.lua","C:\Program Files (x86)\World of Warcraft\_retail_\Interface\AddOns\Guild_Roster_Manager\GRM_Core.lua","485","assigned function","GRM.GetColorPickerFrame"
"GRM_Core.lua","C:\Program Files (x86)\World of Warcraft\_retail_\Interface\AddOns\Guild_Roster_Manager\GRM_Core.lua","515","assigned function","GRM.IsAddOnLoaded"
"GRM_Core.lua","C:\Program Files (x86)\World of Warcraft\_retail_\Interface\AddOns\Guild_Roster_Manager\GRM_Core.lua","523","assigned function","GRM.LoadLuaAddOn"
"GRM_Core.lua","C:\Program Files (x86)\World of Warcraft\_retail_\Interface\AddOns\Guild_Roster_Manager\GRM_Core.lua","531","assigned function","GRM.ForceLoadAddon"
"GRM_Core.lua","C:\Program Files (x86)\World of Warcraft\_retail_\Interface\AddOns\Guild_Roster_Manager\GRM_Core.lua","538","assigned function","GRM.SetSliderTemplate"
"GRM_Core.lua","C:\Program Files (x86)\World of Warcraft\_retail_\Interface\AddOns\Guild_Roster_Manager\GRM_Core.lua","550","assigned function","GRM.issecretvalue"
"GRM_Core.lua","C:\Program Files (x86)\World of Warcraft\_retail_\Interface\AddOns\Guild_Roster_Manager\GRM_Core.lua","564","assigned function","GRM.GetMaxPlayerLevelByExpansion"
"GRM_Core.lua","C:\Program Files (x86)\World of Warcraft\_retail_\Interface\AddOns\Guild_Roster_Manager\GRM_Core.lua","580","assigned function","GRM.InGroupLogic"
"GRM_Core.lua","C:\Program Files (x86)\World of Warcraft\_retail_\Interface\AddOns\Guild_Roster_Manager\GRM_Core.lua","653","assigned function","GRM.FrameCombatHide"
"GRM_Core.lua","C:\Program Files (x86)\World of Warcraft\_retail_\Interface\AddOns\Guild_Roster_Manager\GRM_Core.lua","713","assigned function","GRM.FrameCombatRestore"
"GRM_Core.lua","C:\Program Files (x86)\World of Warcraft\_retail_\Interface\AddOns\Guild_Roster_Manager\GRM_Core.lua","757","assigned function","GRM.WipeCombatHiddenState"
"GRM_Core.lua","C:\Program Files (x86)\World of Warcraft\_retail_\Interface\AddOns\Guild_Roster_Manager\GRM_Core.lua","769","assigned function","GRM.SecretValueRestrictionRestore"
"GRM_Core.lua","C:\Program Files (x86)\World of Warcraft\_retail_\Interface\AddOns\Guild_Roster_Manager\GRM_Core.lua","779","assigned function","GRM.IsInAnyPvPInstance"
"GRM_Core.lua","C:\Program Files (x86)\World of Warcraft\_retail_\Interface\AddOns\Guild_Roster_Manager\GRM_Core.lua","790","assigned function","GRM.GetWowProgressLink"
"GRM_Core.lua","C:\Program Files (x86)\World of Warcraft\_retail_\Interface\AddOns\Guild_Roster_Manager\GRM_Core.lua","807","assigned function","GRM.GetRaiderIOLink"
"GRM_Core.lua","C:\Program Files (x86)\World of Warcraft\_retail_\Interface\AddOns\Guild_Roster_Manager\GRM_Core.lua","826","assigned function","GRM.BuildRaceIDEnum"
"GRM_Core.lua","C:\Program Files (x86)\World of Warcraft\_retail_\Interface\AddOns\Guild_Roster_Manager\GRM_Core.lua","844","assigned function","GRM.BuildClassIDEnums"
"GRM_Core.lua","C:\Program Files (x86)\World of Warcraft\_retail_\Interface\AddOns\Guild_Roster_Manager\GRM_Core.lua","862","assigned function","GRM.ConfigureEnums"
"GRM_Core.lua","C:\Program Files (x86)\World of Warcraft\_retail_\Interface\AddOns\Guild_Roster_Manager\GRM_Core.lua","874","assigned function","GRM.ClearPermData"
"GRM_Core.lua","C:\Program Files (x86)\World of Warcraft\_retail_\Interface\AddOns\Guild_Roster_Manager\GRM_Core.lua","925","assigned function","GRM.ConfigureMiscForPlayer"
"GRM_Core.lua","C:\Program Files (x86)\World of Warcraft\_retail_\Interface\AddOns\Guild_Roster_Manager\GRM_Core.lua","934","assigned function","GRM.GetRankRestrictedDefaultRankIndex"
"GRM_Core.lua","C:\Program Files (x86)\World of Warcraft\_retail_\Interface\AddOns\Guild_Roster_Manager\GRM_Core.lua","947","assigned function","GRM.SetDefaultAddonSettings"
"GRM_Core.lua","C:\Program Files (x86)\World of Warcraft\_retail_\Interface\AddOns\Guild_Roster_Manager\GRM_Core.lua","1286","assigned function","GRM.IsSettingsConfigured"
"GRM_Core.lua","C:\Program Files (x86)\World of Warcraft\_retail_\Interface\AddOns\Guild_Roster_Manager\GRM_Core.lua","1300","assigned function","GRM.RefreshAllSettings"
"GRM_Core.lua","C:\Program Files (x86)\World of Warcraft\_retail_\Interface\AddOns\Guild_Roster_Manager\GRM_Core.lua","1308","assigned function","GRM.IsOldSettingsFormat"
"GRM_Core.lua","C:\Program Files (x86)\World of Warcraft\_retail_\Interface\AddOns\Guild_Roster_Manager\GRM_Core.lua","1326","assigned function","GRM.UpdateOldSettingsFormat"
"GRM_Core.lua","C:\Program Files (x86)\World of Warcraft\_retail_\Interface\AddOns\Guild_Roster_Manager\GRM_Core.lua","1403","assigned function","GRM.LoadSettings"
"GRM_Core.lua","C:\Program Files (x86)\World of Warcraft\_retail_\Interface\AddOns\Guild_Roster_Manager\GRM_Core.lua","1464","assigned function","GRM.GuildSpecificConfigurations"
"GRM_Core.lua","C:\Program Files (x86)\World of Warcraft\_retail_\Interface\AddOns\Guild_Roster_Manager\GRM_Core.lua","1482","assigned function","GRM.FinalSettingsConfigurations"
"GRM_Core.lua","C:\Program Files (x86)\World of Warcraft\_retail_\Interface\AddOns\Guild_Roster_Manager\GRM_Core.lua","1529","assigned function","GRM.VerifyAddonSettings"
"GRM_Core.lua","C:\Program Files (x86)\World of Warcraft\_retail_\Interface\AddOns\Guild_Roster_Manager\GRM_Core.lua","1609","assigned function","GRM.Validate_Guild_DB"
"GRM_Core.lua","C:\Program Files (x86)\World of Warcraft\_retail_\Interface\AddOns\Guild_Roster_Manager\GRM_Core.lua","1685","assigned function","GRM.GetClassName"
"GRM_Core.lua","C:\Program Files (x86)\World of Warcraft\_retail_\Interface\AddOns\Guild_Roster_Manager\GRM_Core.lua","1696","assigned function","GRM.SetClassChatColoring"
"GRM_Core.lua","C:\Program Files (x86)\World of Warcraft\_retail_\Interface\AddOns\Guild_Roster_Manager\GRM_Core.lua","1735","assigned function","GRM.SetChatClassColoringInWrath"
"GRM_Core.lua","C:\Program Files (x86)\World of Warcraft\_retail_\Interface\AddOns\Guild_Roster_Manager\GRM_Core.lua","1749","assigned function","GRM.SetChatClassColoringNew"
"GRM_Core.lua","C:\Program Files (x86)\World of Warcraft\_retail_\Interface\AddOns\Guild_Roster_Manager\GRM_Core.lua","1765","assigned function","GRM.SetChatColoring"
"GRM_Core.lua","C:\Program Files (x86)\World of Warcraft\_retail_\Interface\AddOns\Guild_Roster_Manager\GRM_Core.lua","1792","assigned function","GRM.GetPageIndex"
"GRM_Core.lua","C:\Program Files (x86)\World of Warcraft\_retail_\Interface\AddOns\Guild_Roster_Manager\GRM_Core.lua","1817","assigned function","GRM.ResetDefaultSettings"
"GRM_Core.lua","C:\Program Files (x86)\World of Warcraft\_retail_\Interface\AddOns\Guild_Roster_Manager\GRM_Core.lua","1903","assigned function","GRM.BuildComPattern"
"GRM_Core.lua","C:\Program Files (x86)\World of Warcraft\_retail_\Interface\AddOns\Guild_Roster_Manager\GRM_Core.lua","1930","assigned function","GRM.GetNumKeyedEntries"
"GRM_Core.lua","C:\Program Files (x86)\World of Warcraft\_retail_\Interface\AddOns\Guild_Roster_Manager\GRM_Core.lua","1945","assigned function","GRM.IsMouseOverAnyChatWindowIncludingCommunities"
"GRM_Core.lua","C:\Program Files (x86)\World of Warcraft\_retail_\Interface\AddOns\Guild_Roster_Manager\GRM_Core.lua","1994","assigned function","GRM.SetReportWindow"
"GRM_Core.lua","C:\Program Files (x86)\World of Warcraft\_retail_\Interface\AddOns\Guild_Roster_Manager\GRM_Core.lua","2069","assigned function","GRM.SetJoinAndRejoinTags"
"GRM_Core.lua","C:\Program Files (x86)\World of Warcraft\_retail_\Interface\AddOns\Guild_Roster_Manager\GRM_Core.lua","2087","assigned function","GRM.AddReportChannel"
"GRM_Core.lua","C:\Program Files (x86)\World of Warcraft\_retail_\Interface\AddOns\Guild_Roster_Manager\GRM_Core.lua","2123","assigned function","GRM.CreateChatTabs"
"GRM_Core.lua","C:\Program Files (x86)\World of Warcraft\_retail_\Interface\AddOns\Guild_Roster_Manager\GRM_Core.lua","2171","assigned function","GRM.MissingChatTabs"
"GRM_Core.lua","C:\Program Files (x86)\World of Warcraft\_retail_\Interface\AddOns\Guild_Roster_Manager\GRM_Core.lua","2289","assigned function","GRM.CancelChatTabCreation"
"GRM_Core.lua","C:\Program Files (x86)\World of Warcraft\_retail_\Interface\AddOns\Guild_Roster_Manager\GRM_Core.lua","2308","assigned function","GRM.EstablishNewCustomReportWindow"
"GRM_Core.lua","C:\Program Files (x86)\World of Warcraft\_retail_\Interface\AddOns\Guild_Roster_Manager\GRM_Core.lua","2404","assigned function","GRM.CleanupUnusedChannels"
"GRM_Core.lua","C:\Program Files (x86)\World of Warcraft\_retail_\Interface\AddOns\Guild_Roster_Manager\GRM_Core.lua","2442","assigned function","GRM.IsValidChannelName"
"GRM_Core.lua","C:\Program Files (x86)\World of Warcraft\_retail_\Interface\AddOns\Guild_Roster_Manager\GRM_Core.lua","2455","assigned function","GRM.ParseMultiChannelString"
"GRM_Core.lua","C:\Program Files (x86)\World of Warcraft\_retail_\Interface\AddOns\Guild_Roster_Manager\GRM_Core.lua","2501","assigned function","GRM.BuildMultiChannelString"
"GRM_Core.lua","C:\Program Files (x86)\World of Warcraft\_retail_\Interface\AddOns\Guild_Roster_Manager\GRM_Core.lua","2523","assigned function","GRM.SlimName"
"GRM_Core.lua","C:\Program Files (x86)\World of Warcraft\_retail_\Interface\AddOns\Guild_Roster_Manager\GRM_Core.lua","2539","assigned function","GRM.FormatName"
"GRM_Core.lua","C:\Program Files (x86)\World of Warcraft\_retail_\Interface\AddOns\Guild_Roster_Manager\GRM_Core.lua","2558","assigned function","GRM.Title"
"GRM_Core.lua","C:\Program Files (x86)\World of Warcraft\_retail_\Interface\AddOns\Guild_Roster_Manager\GRM_Core.lua","2569","assigned function","GRM.Use24HrBasedOnDefaultLanguage"
"GRM_Core.lua","C:\Program Files (x86)\World of Warcraft\_retail_\Interface\AddOns\Guild_Roster_Manager\GRM_Core.lua","2584","assigned function","GRM.L"
"GRM_Core.lua","C:\Program Files (x86)\World of Warcraft\_retail_\Interface\AddOns\Guild_Roster_Manager\GRM_Core.lua","2646","assigned function","GRM.OrigL"
"GRM_Core.lua","C:\Program Files (x86)\World of Warcraft\_retail_\Interface\AddOns\Guild_Roster_Manager\GRM_Core.lua","2663","assigned function","GRM.NormalizeHitRects"
"GRM_Core.lua","C:\Program Files (x86)\World of Warcraft\_retail_\Interface\AddOns\Guild_Roster_Manager\GRM_Core.lua","2676","assigned function","GRM.Round"
"GRM_Core.lua","C:\Program Files (x86)\World of Warcraft\_retail_\Interface\AddOns\Guild_Roster_Manager\GRM_Core.lua","2684","assigned function","GRM.Random"
"GRM_Core.lua","C:\Program Files (x86)\World of Warcraft\_retail_\Interface\AddOns\Guild_Roster_Manager\GRM_Core.lua","2691","assigned function","GRM.DeepCopySelfRefProtection"
"GRM_Core.lua","C:\Program Files (x86)\World of Warcraft\_retail_\Interface\AddOns\Guild_Roster_Manager\GRM_Core.lua","2716","assigned function","GRM.ConvertTableToArray"
"GRM_Core.lua","C:\Program Files (x86)\World of Warcraft\_retail_\Interface\AddOns\Guild_Roster_Manager\GRM_Core.lua","2733","assigned function","GRM.ConvertTableTo2DArray"
"GRM_Core.lua","C:\Program Files (x86)\World of Warcraft\_retail_\Interface\AddOns\Guild_Roster_Manager\GRM_Core.lua","2755","assigned function","GRM.AddGuildBackup"
"GRM_Core.lua","C:\Program Files (x86)\World of Warcraft\_retail_\Interface\AddOns\Guild_Roster_Manager\GRM_Core.lua","2785","assigned function","GRM.RemoveGuildBackup"
"GRM_Core.lua","C:\Program Files (x86)\World of Warcraft\_retail_\Interface\AddOns\Guild_Roster_Manager\GRM_Core.lua","2810","assigned function","GRM.LoadRestorePoint"
"GRM_Core.lua","C:\Program Files (x86)\World of Warcraft\_retail_\Interface\AddOns\Guild_Roster_Manager\GRM_Core.lua","2895","assigned function","GRM.RestoreAllOldNotes"
"GRM_Core.lua","C:\Program Files (x86)\World of Warcraft\_retail_\Interface\AddOns\Guild_Roster_Manager\GRM_Core.lua","2921","assigned function","GRM.ChangeServerNameOfAll"
"GRM_Core.lua","C:\Program Files (x86)\World of Warcraft\_retail_\Interface\AddOns\Guild_Roster_Manager\GRM_Core.lua","3010","assigned function","GRM.PurgeGuildFromDatabase"
"GRM_Core.lua","C:\Program Files (x86)\World of Warcraft\_retail_\Interface\AddOns\Guild_Roster_Manager\GRM_Core.lua","3053","assigned function","GRM.GetClubEpochJoinTime"
"GRM_Core.lua","C:\Program Files (x86)\World of Warcraft\_retail_\Interface\AddOns\Guild_Roster_Manager\GRM_Core.lua","3065","assigned function","GRM.GetSelectedClubID"
"GRM_Core.lua","C:\Program Files (x86)\World of Warcraft\_retail_\Interface\AddOns\Guild_Roster_Manager\GRM_Core.lua","3072","assigned function","GRM.ConvertToRealEpochNumber"
"GRM_Core.lua","C:\Program Files (x86)\World of Warcraft\_retail_\Interface\AddOns\Guild_Roster_Manager\GRM_Core.lua","3079","assigned function","GRM.GetFullNameClubMember"
"GRM_Core.lua","C:\Program Files (x86)\World of Warcraft\_retail_\Interface\AddOns\Guild_Roster_Manager\GRM_Core.lua","3112","assigned function","GRM.GetPlayerNameByGUID"
"GRM_Core.lua","C:\Program Files (x86)\World of Warcraft\_retail_\Interface\AddOns\Guild_Roster_Manager\GRM_Core.lua","3137","assigned function","GRM.GetPlayerSex"
"GRM_Core.lua","C:\Program Files (x86)\World of Warcraft\_retail_\Interface\AddOns\Guild_Roster_Manager\GRM_Core.lua","3159","assigned function","GRM.AppendServerName"
"GRM_Core.lua","C:\Program Files (x86)\World of Warcraft\_retail_\Interface\AddOns\Guild_Roster_Manager\GRM_Core.lua","3175","assigned function","GRM.AppendServerNameSimple"
"GRM_Core.lua","C:\Program Files (x86)\World of Warcraft\_retail_\Interface\AddOns\Guild_Roster_Manager\GRM_Core.lua","3187","assigned function","GRM.GetPlayerServer"
"GRM_Core.lua","C:\Program Files (x86)\World of Warcraft\_retail_\Interface\AddOns\Guild_Roster_Manager\GRM_Core.lua","3230","assigned function","GRM.GetNumMains"
"GRM_Core.lua","C:\Program Files (x86)\World of Warcraft\_retail_\Interface\AddOns\Guild_Roster_Manager\GRM_Core.lua","3248","assigned function","GRM.GetNumberPatternMatches"
"GRM_Core.lua","C:\Program Files (x86)\World of Warcraft\_retail_\Interface\AddOns\Guild_Roster_Manager\GRM_Core.lua","3255","assigned function","GRM.CreateGuildCreationDatePattern"
"GRM_Core.lua","C:\Program Files (x86)\World of Warcraft\_retail_\Interface\AddOns\Guild_Roster_Manager\GRM_Core.lua","3272","assigned function","GRM.SetSystemMessageFilter"
"GRM_Core.lua","C:\Program Files (x86)\World of Warcraft\_retail_\Interface\AddOns\Guild_Roster_Manager\GRM_Core.lua","3407","assigned function","GRM.SystemMessageHandler"
"GRM_Core.lua","C:\Program Files (x86)\World of Warcraft\_retail_\Interface\AddOns\Guild_Roster_Manager\GRM_Core.lua","3528","assigned function","GRM.SyncPlayerGoneOffline"
"GRM_Core.lua","C:\Program Files (x86)\World of Warcraft\_retail_\Interface\AddOns\Guild_Roster_Manager\GRM_Core.lua","3552","assigned function","GRM.SystemMessagePatternMatchCheck"
"GRM_Core.lua","C:\Program Files (x86)\World of Warcraft\_retail_\Interface\AddOns\Guild_Roster_Manager\GRM_Core.lua","3593","assigned function","GRM.GetBirthday"
"GRM_Core.lua","C:\Program Files (x86)\World of Warcraft\_retail_\Interface\AddOns\Guild_Roster_Manager\GRM_Core.lua","3613","assigned function","GRM.SetBirthdayInfo"
"GRM_Core.lua","C:\Program Files (x86)\World of Warcraft\_retail_\Interface\AddOns\Guild_Roster_Manager\GRM_Core.lua","3684","assigned function","GRM.AnnounceIfMacroReady"
"GRM_Core.lua","C:\Program Files (x86)\World of Warcraft\_retail_\Interface\AddOns\Guild_Roster_Manager\GRM_Core.lua","3746","assigned function","GRM.AddMainTagToComeOnlineSystemMessage"
"GRM_Core.lua","C:\Program Files (x86)\World of Warcraft\_retail_\Interface\AddOns\Guild_Roster_Manager\GRM_Core.lua","3814","assigned function","GRM.AddMainTagToGoneOfflineSystemMessage"
"GRM_Core.lua","C:\Program Files (x86)\World of Warcraft\_retail_\Interface\AddOns\Guild_Roster_Manager\GRM_Core.lua","3876","assigned function","GRM.SetGuildInfoDetails"
"GRM_Core.lua","C:\Program Files (x86)\World of Warcraft\_retail_\Interface\AddOns\Guild_Roster_Manager\GRM_Core.lua","3894","assigned function","GRM.GetAuditLinePlayervalues"
"GRM_Core.lua","C:\Program Files (x86)\World of Warcraft\_retail_\Interface\AddOns\Guild_Roster_Manager\GRM_Core.lua","3990","assigned function","GRM.GetAllGuildiesInOrder"
"GRM_Core.lua","C:\Program Files (x86)\World of Warcraft\_retail_\Interface\AddOns\Guild_Roster_Manager\GRM_Core.lua","4036","assigned function","GRM.GetAllGuildiesInJoinDateOrder"
"GRM_Core.lua","C:\Program Files (x86)\World of Warcraft\_retail_\Interface\AddOns\Guild_Roster_Manager\GRM_Core.lua","4131","assigned function","GRM.GetAllGuildiesInPromoDateOrder"
"GRM_Core.lua","C:\Program Files (x86)\World of Warcraft\_retail_\Interface\AddOns\Guild_Roster_Manager\GRM_Core.lua","4234","assigned function","GRM.GetAllMainsAndAltsInOrder"
"GRM_Core.lua","C:\Program Files (x86)\World of Warcraft\_retail_\Interface\AddOns\Guild_Roster_Manager\GRM_Core.lua","4300","assigned function","GRM.GetAllGuildiesByBirthdayDateOrder"
"GRM_Core.lua","C:\Program Files (x86)\World of Warcraft\_retail_\Interface\AddOns\Guild_Roster_Manager\GRM_Core.lua","4402","assigned function","GRM.GetAllCurrentAndFormerGuildies"
"GRM_Core.lua","C:\Program Files (x86)\World of Warcraft\_retail_\Interface\AddOns\Guild_Roster_Manager\GRM_Core.lua","4437","assigned function","GRM.RemoveSpecialCharacters"
"GRM_Core.lua","C:\Program Files (x86)\World of Warcraft\_retail_\Interface\AddOns\Guild_Roster_Manager\GRM_Core.lua","4460","assigned function","GRM.GetAutoCompleteMatches"
"GRM_Core.lua","C:\Program Files (x86)\World of Warcraft\_retail_\Interface\AddOns\Guild_Roster_Manager\GRM_Core.lua","4485","assigned function","GRM.GetAutoCompleteRealmMatches"
"GRM_Core.lua","C:\Program Files (x86)\World of Warcraft\_retail_\Interface\AddOns\Guild_Roster_Manager\GRM_Core.lua","4509","assigned function","GRM.GetPlayerRankIDAtStart"
"GRM_Core.lua","C:\Program Files (x86)\World of Warcraft\_retail_\Interface\AddOns\Guild_Roster_Manager\GRM_Core.lua","4523","assigned function","GRM.GetReputationTextLevel"
"GRM_Core.lua","C:\Program Files (x86)\World of Warcraft\_retail_\Interface\AddOns\Guild_Roster_Manager\GRM_Core.lua","4558","assigned function","GRM.AddPlayerStatusCheck"
"GRM_Core.lua","C:\Program Files (x86)\World of Warcraft\_retail_\Interface\AddOns\Guild_Roster_Manager\GRM_Core.lua","4617","assigned function","GRM.IsOnFriendsList"
"GRM_Core.lua","C:\Program Files (x86)\World of Warcraft\_retail_\Interface\AddOns\Guild_Roster_Manager\GRM_Core.lua","4638","assigned function","GRM.SetPlayersGUIDStillValid"
"GRM_Core.lua","C:\Program Files (x86)\World of Warcraft\_retail_\Interface\AddOns\Guild_Roster_Manager\GRM_Core.lua","4660","assigned function","GRM.IsPlayerStillOnServerByGUID"
"GRM_Core.lua","C:\Program Files (x86)\World of Warcraft\_retail_\Interface\AddOns\Guild_Roster_Manager\GRM_Core.lua","4686","assigned function","GRM.ValidateBanGUIDs"
"GRM_Core.lua","C:\Program Files (x86)\World of Warcraft\_retail_\Interface\AddOns\Guild_Roster_Manager\GRM_Core.lua","4717","assigned function","GRM.MiscCleanupOnLogin"
"GRM_Core.lua","C:\Program Files (x86)\World of Warcraft\_retail_\Interface\AddOns\Guild_Roster_Manager\GRM_Core.lua","4755","assigned function","GRM.GetPlayersWithoutGUID"
"GRM_Core.lua","C:\Program Files (x86)\World of Warcraft\_retail_\Interface\AddOns\Guild_Roster_Manager\GRM_Core.lua","4781","assigned function","GRM.QueryPlayersGUIDByFriendsList"
"GRM_Core.lua","C:\Program Files (x86)\World of Warcraft\_retail_\Interface\AddOns\Guild_Roster_Manager\GRM_Core.lua","4931","assigned function","GRM.QueryNearbyGUIDsAndUpdate"
"GRM_Core.lua","C:\Program Files (x86)\World of Warcraft\_retail_\Interface\AddOns\Guild_Roster_Manager\GRM_Core.lua","4993","assigned function","GRM.UpdateMemberOrFormerMemberGUID"
"GRM_Core.lua","C:\Program Files (x86)\World of Warcraft\_retail_\Interface\AddOns\Guild_Roster_Manager\GRM_Core.lua","5003","assigned function","GRM.CollectGUIDsWithinGoup"
"GRM_Core.lua","C:\Program Files (x86)\World of Warcraft\_retail_\Interface\AddOns\Guild_Roster_Manager\GRM_Core.lua","5036","assigned function","GRM.BanInfo"
"GRM_Core.lua","C:\Program Files (x86)\World of Warcraft\_retail_\Interface\AddOns\Guild_Roster_Manager\GRM_Core.lua","5060","assigned function","GRM.DelayMinimapButtonOpen"
"GRM_Core.lua","C:\Program Files (x86)\World of Warcraft\_retail_\Interface\AddOns\Guild_Roster_Manager\GRM_Core.lua","5100","assigned function","GRM.GetChannelType"
"GRM_Core.lua","C:\Program Files (x86)\World of Warcraft\_retail_\Interface\AddOns\Guild_Roster_Manager\GRM_Core.lua","5115","assigned function","GRM.GetChatRGB"
"GRM_Core.lua","C:\Program Files (x86)\World of Warcraft\_retail_\Interface\AddOns\Guild_Roster_Manager\GRM_Core.lua","5128","assigned function","GRM.GetNameWithMainTags"
"GRM_Core.lua","C:\Program Files (x86)\World of Warcraft\_retail_\Interface\AddOns\Guild_Roster_Manager\GRM_Core.lua","5184","assigned function","GRM.AddMainToChat"
"GRM_Core.lua","C:\Program Files (x86)\World of Warcraft\_retail_\Interface\AddOns\Guild_Roster_Manager\GRM_Core.lua","5267","assigned function","GRM.RefreshMainTagHexCode"
"GRM_Core.lua","C:\Program Files (x86)\World of Warcraft\_retail_\Interface\AddOns\Guild_Roster_Manager\GRM_Core.lua","5280","assigned function","GRM.GetMainTags"
"GRM_Core.lua","C:\Program Files (x86)\World of Warcraft\_retail_\Interface\AddOns\Guild_Roster_Manager\GRM_Core.lua","5293","assigned function","GRM.GetAltTags"
"GRM_Core.lua","C:\Program Files (x86)\World of Warcraft\_retail_\Interface\AddOns\Guild_Roster_Manager\GRM_Core.lua","5306","assigned function","GRM.GetCurrentMainTag"
"GRM_Core.lua","C:\Program Files (x86)\World of Warcraft\_retail_\Interface\AddOns\Guild_Roster_Manager\GRM_Core.lua","5313","assigned function","GRM.GetCurrentAltTag"
"GRM_Core.lua","C:\Program Files (x86)\World of Warcraft\_retail_\Interface\AddOns\Guild_Roster_Manager\GRM_Core.lua","5320","assigned function","GRM.RemoveMainAltTags"
"GRM_Core.lua","C:\Program Files (x86)\World of Warcraft\_retail_\Interface\AddOns\Guild_Roster_Manager\GRM_Core.lua","5331","assigned function","GRM.RemoveHexCodeColoringFromString"
"GRM_Core.lua","C:\Program Files (x86)\World of Warcraft\_retail_\Interface\AddOns\Guild_Roster_Manager\GRM_Core.lua","5350","assigned function","GRM.RemoveStringColoring"
"GRM_Core.lua","C:\Program Files (x86)\World of Warcraft\_retail_\Interface\AddOns\Guild_Roster_Manager\GRM_Core.lua","5379","assigned function","GRM.VersionCheck"
"GRM_Core.lua","C:\Program Files (x86)\World of Warcraft\_retail_\Interface\AddOns\Guild_Roster_Manager\GRM_Core.lua","5407","assigned function","GRM.RegisterVersionCheck"
"GRM_Core.lua","C:\Program Files (x86)\World of Warcraft\_retail_\Interface\AddOns\Guild_Roster_Manager\GRM_Core.lua","5476","assigned function","GRM.AddonUserRegister"
"GRM_Core.lua","C:\Program Files (x86)\World of Warcraft\_retail_\Interface\AddOns\Guild_Roster_Manager\GRM_Core.lua","5620","assigned function","GRM.GetNumAddonUsersOutdated"
"GRM_Core.lua","C:\Program Files (x86)\World of Warcraft\_retail_\Interface\AddOns\Guild_Roster_Manager\GRM_Core.lua","5635","assigned function","GRM.GetNumAddonUsersAvailableToSync"
"GRM_Core.lua","C:\Program Files (x86)\World of Warcraft\_retail_\Interface\AddOns\Guild_Roster_Manager\GRM_Core.lua","5651","assigned function","GRM.RegisterMessage"
"GRM_Core.lua","C:\Program Files (x86)\World of Warcraft\_retail_\Interface\AddOns\Guild_Roster_Manager\GRM_Core.lua","5663","assigned function","GRM.RegisterGuildAddonUsers"
"GRM_Core.lua","C:\Program Files (x86)\World of Warcraft\_retail_\Interface\AddOns\Guild_Roster_Manager\GRM_Core.lua","5710","assigned function","GRM.IsNumInString"
"GRM_Core.lua","C:\Program Files (x86)\World of Warcraft\_retail_\Interface\AddOns\Guild_Roster_Manager\GRM_Core.lua","5726","assigned function","GRM.IsValidName"
"GRM_Core.lua","C:\Program Files (x86)\World of Warcraft\_retail_\Interface\AddOns\Guild_Roster_Manager\GRM_Core.lua","5746","assigned function","GRM.ByteRulesFollowed"
"GRM_Core.lua","C:\Program Files (x86)\World of Warcraft\_retail_\Interface\AddOns\Guild_Roster_Manager\GRM_Core.lua","5776","assigned function","GRM.UTF8char"
"GRM_Core.lua","C:\Program Files (x86)\World of Warcraft\_retail_\Interface\AddOns\Guild_Roster_Manager\GRM_Core.lua","5804","assigned function","GRM.UTF8Len"
"GRM_Core.lua","C:\Program Files (x86)\World of Warcraft\_retail_\Interface\AddOns\Guild_Roster_Manager\GRM_Core.lua","5821","assigned function","GRM.GetNumLetters"
"GRM_Core.lua","C:\Program Files (x86)\World of Warcraft\_retail_\Interface\AddOns\Guild_Roster_Manager\GRM_Core.lua","5834","assigned function","GRM.CapitalizeFirst"
"GRM_Core.lua","C:\Program Files (x86)\World of Warcraft\_retail_\Interface\AddOns\Guild_Roster_Manager\GRM_Core.lua","5850","assigned function","GRM.FormatInputName"
"GRM_Core.lua","C:\Program Files (x86)\World of Warcraft\_retail_\Interface\AddOns\Guild_Roster_Manager\GRM_Core.lua","5883","assigned function","GRM.Capitalize"
"GRM_Core.lua","C:\Program Files (x86)\World of Warcraft\_retail_\Interface\AddOns\Guild_Roster_Manager\GRM_Core.lua","5891","assigned function","GRM.Title"
"GRM_Core.lua","C:\Program Files (x86)\World of Warcraft\_retail_\Interface\AddOns\Guild_Roster_Manager\GRM_Core.lua","5907","assigned function","GRM.Trim"
"GRM_Core.lua","C:\Program Files (x86)\World of Warcraft\_retail_\Interface\AddOns\Guild_Roster_Manager\GRM_Core.lua","5918","assigned function","GRM.NormalizeRealmName"
"GRM_Core.lua","C:\Program Files (x86)\World of Warcraft\_retail_\Interface\AddOns\Guild_Roster_Manager\GRM_Core.lua","5928","assigned function","GRM.StringToCharArray"
"GRM_Core.lua","C:\Program Files (x86)\World of Warcraft\_retail_\Interface\AddOns\Guild_Roster_Manager\GRM_Core.lua","5944","assigned function","GRM.GetWordArrayFromString"
"GRM_Core.lua","C:\Program Files (x86)\World of Warcraft\_retail_\Interface\AddOns\Guild_Roster_Manager\GRM_Core.lua","5959","assigned function","GRM.ConvertStringNumArrayToBoolArray"
"GRM_Core.lua","C:\Program Files (x86)\World of Warcraft\_retail_\Interface\AddOns\Guild_Roster_Manager\GRM_Core.lua","5977","assigned function","GRM.GetMythicRatingToMatchRaiderIO"
"GRM_Core.lua","C:\Program Files (x86)\World of Warcraft\_retail_\Interface\AddOns\Guild_Roster_Manager\GRM_Core.lua","6048","assigned function","GRM.AllignTwoColumns"
"GRM_Core.lua","C:\Program Files (x86)\World of Warcraft\_retail_\Interface\AddOns\Guild_Roster_Manager\GRM_Core.lua","6108","assigned function","GRM.GetRosterName"
"GRM_Core.lua","C:\Program Files (x86)\World of Warcraft\_retail_\Interface\AddOns\Guild_Roster_Manager\GRM_Core.lua","6131","assigned function","GRM.InitializeRosterButtons"
"GRM_Core.lua","C:\Program Files (x86)\World of Warcraft\_retail_\Interface\AddOns\Guild_Roster_Manager\GRM_Core.lua","6148","assigned function","GRM.InitializeCommunitiesButtons"
"GRM_Core.lua","C:\Program Files (x86)\World of Warcraft\_retail_\Interface\AddOns\Guild_Roster_Manager\GRM_Core.lua","6216","assigned function","GRM.RosterButton_OnUpdate"
"GRM_Core.lua","C:\Program Files (x86)\World of Warcraft\_retail_\Interface\AddOns\Guild_Roster_Manager\GRM_Core.lua","6267","assigned function","GRM.RecolorText"
"GRM_Core.lua","C:\Program Files (x86)\World of Warcraft\_retail_\Interface\AddOns\Guild_Roster_Manager\GRM_Core.lua","6289","assigned function","GRM.GetAllTooltipText"
"GRM_Core.lua","C:\Program Files (x86)\World of Warcraft\_retail_\Interface\AddOns\Guild_Roster_Manager\GRM_Core.lua","6361","assigned function","GRM.RebuildToolTip"
"GRM_Core.lua","C:\Program Files (x86)\World of Warcraft\_retail_\Interface\AddOns\Guild_Roster_Manager\GRM_Core.lua","6384","assigned function","GRM.MemberListBlizTooltip_Update"
"GRM_Core.lua","C:\Program Files (x86)\World of Warcraft\_retail_\Interface\AddOns\Guild_Roster_Manager\GRM_Core.lua","6445","assigned function","GRM.BuildGuildRosterHotkeyAndMacro"
"GRM_Core.lua","C:\Program Files (x86)\World of Warcraft\_retail_\Interface\AddOns\Guild_Roster_Manager\GRM_Core.lua","6499","assigned function","GRM.BindingCurrentlyInUse"
"GRM_Core.lua","C:\Program Files (x86)\World of Warcraft\_retail_\Interface\AddOns\Guild_Roster_Manager\GRM_Core.lua","6525","assigned function","GRM.ConfigureOnlineStatusText"
"GRM_Core.lua","C:\Program Files (x86)\World of Warcraft\_retail_\Interface\AddOns\Guild_Roster_Manager\GRM_Core.lua","6537","assigned function","GRM.RosterFrame"
"GRM_Core.lua","C:\Program Files (x86)\World of Warcraft\_retail_\Interface\AddOns\Guild_Roster_Manager\GRM_Core.lua","6670","assigned function","GRM.AltButtonPos"
"GRM_Core.lua","C:\Program Files (x86)\World of Warcraft\_retail_\Interface\AddOns\Guild_Roster_Manager\GRM_Core.lua","6705","assigned function","GRM.GetLevelRange"
"GRM_Core.lua","C:\Program Files (x86)\World of Warcraft\_retail_\Interface\AddOns\Guild_Roster_Manager\GRM_Core.lua","6761","assigned function","GRM.CopyFromJoinDate"
"GRM_Core.lua","C:\Program Files (x86)\World of Warcraft\_retail_\Interface\AddOns\Guild_Roster_Manager\GRM_Core.lua","6817","assigned function","GRM.CopyFromPromoDate"
"GRM_Core.lua","C:\Program Files (x86)\World of Warcraft\_retail_\Interface\AddOns\Guild_Roster_Manager\GRM_Core.lua","6914","assigned function","GRM.GetPlayerClass"
"GRM_Core.lua","C:\Program Files (x86)\World of Warcraft\_retail_\Interface\AddOns\Guild_Roster_Manager\GRM_Core.lua","6929","assigned function","GRM.GetPlayerClassByGUID"
"GRM_Core.lua","C:\Program Files (x86)\World of Warcraft\_retail_\Interface\AddOns\Guild_Roster_Manager\GRM_Core.lua","6952","assigned function","GRM.DetermineClass"
"GRM_Core.lua","C:\Program Files (x86)\World of Warcraft\_retail_\Interface\AddOns\Guild_Roster_Manager\GRM_Core.lua","6967","assigned function","GRM.GetClassColorRGB"
"GRM_Core.lua","C:\Program Files (x86)\World of Warcraft\_retail_\Interface\AddOns\Guild_Roster_Manager\GRM_Core.lua","6994","assigned function","GRM.GetStringClassColorByName"
"GRM_Core.lua","C:\Program Files (x86)\World of Warcraft\_retail_\Interface\AddOns\Guild_Roster_Manager\GRM_Core.lua","7032","assigned function","GRM.GetClassifiedName"
"GRM_Core.lua","C:\Program Files (x86)\World of Warcraft\_retail_\Interface\AddOns\Guild_Roster_Manager\GRM_Core.lua","7059","assigned function","GRM.rgbToHex"
"GRM_Core.lua","C:\Program Files (x86)\World of Warcraft\_retail_\Interface\AddOns\Guild_Roster_Manager\GRM_Core.lua","7086","assigned function","GRM.ConvertRGBScale"
"GRM_Core.lua","C:\Program Files (x86)\World of Warcraft\_retail_\Interface\AddOns\Guild_Roster_Manager\GRM_Core.lua","7104","assigned function","GRM.IsMouseOverAltButton"
"GRM_Core.lua","C:\Program Files (x86)\World of Warcraft\_retail_\Interface\AddOns\Guild_Roster_Manager\GRM_Core.lua","7121","assigned function","GRM.GetSelectedName"
"GRM_Core.lua","C:\Program Files (x86)\World of Warcraft\_retail_\Interface\AddOns\Guild_Roster_Manager\GRM_Core.lua","7139","assigned function","GRM.MouseOverClearAllTooltips"
"GRM_Core.lua","C:\Program Files (x86)\World of Warcraft\_retail_\Interface\AddOns\Guild_Roster_Manager\GRM_Core.lua","7150","assigned function","GRM.SetAltAsMainDropDownMenuLogic"
"GRM_Core.lua","C:\Program Files (x86)\World of Warcraft\_retail_\Interface\AddOns\Guild_Roster_Manager\GRM_Core.lua","7194","assigned function","GRM.DemoteMainToAltDropDownMenuLogic"
"GRM_Core.lua","C:\Program Files (x86)\World of Warcraft\_retail_\Interface\AddOns\Guild_Roster_Manager\GRM_Core.lua","7236","assigned function","GRM.KickAllBanned"
"GRM_Core.lua","C:\Program Files (x86)\World of Warcraft\_retail_\Interface\AddOns\Guild_Roster_Manager\GRM_Core.lua","7283","assigned function","GRM.CreateMacro"
"GRM_Core.lua","C:\Program Files (x86)\World of Warcraft\_retail_\Interface\AddOns\Guild_Roster_Manager\GRM_Core.lua","7330","assigned function","GRM.BuildMacroInviteAll"
"GRM_Core.lua","C:\Program Files (x86)\World of Warcraft\_retail_\Interface\AddOns\Guild_Roster_Manager\GRM_Core.lua","7349","assigned function","GRM.BanSpecificPlayer"
"GRM_Core.lua","C:\Program Files (x86)\World of Warcraft\_retail_\Interface\AddOns\Guild_Roster_Manager\GRM_Core.lua","7395","assigned function","GRM.AddMemberRecord"
"GRM_Core.lua","C:\Program Files (x86)\World of Warcraft\_retail_\Interface\AddOns\Guild_Roster_Manager\GRM_Core.lua","7554","assigned function","GRM.AddMemberToLeftPlayers"
"GRM_Core.lua","C:\Program Files (x86)\World of Warcraft\_retail_\Interface\AddOns\Guild_Roster_Manager\GRM_Core.lua","7620","assigned function","GRM.JoinAndRankDataCleanup"
"GRM_Core.lua","C:\Program Files (x86)\World of Warcraft\_retail_\Interface\AddOns\Guild_Roster_Manager\GRM_Core.lua","7645","assigned function","GRM.ImportJoinDate"
"GRM_Core.lua","C:\Program Files (x86)\World of Warcraft\_retail_\Interface\AddOns\Guild_Roster_Manager\GRM_Core.lua","7691","assigned function","GRM.GetMessageRGB"
"GRM_Core.lua","C:\Program Files (x86)\World of Warcraft\_retail_\Interface\AddOns\Guild_Roster_Manager\GRM_Core.lua","7776","assigned function","GRM.PrintLog"
"GRM_Core.lua","C:\Program Files (x86)\World of Warcraft\_retail_\Interface\AddOns\Guild_Roster_Manager\GRM_Core.lua","7840","assigned function","GRM.Report"
"GRM_Core.lua","C:\Program Files (x86)\World of Warcraft\_retail_\Interface\AddOns\Guild_Roster_Manager\GRM_Core.lua","7866","assigned function","GRM.ReportLocationCheck"
"GRM_Core.lua","C:\Program Files (x86)\World of Warcraft\_retail_\Interface\AddOns\Guild_Roster_Manager\GRM_Core.lua","7890","assigned function","GRM.BuildEventCalendarManagerScrollFrame"
"GRM_Core.lua","C:\Program Files (x86)\World of Warcraft\_retail_\Interface\AddOns\Guild_Roster_Manager\GRM_Core.lua","8152","assigned function","GRM.BuildAddonUserScrollFrame"
"GRM_Core.lua","C:\Program Files (x86)\World of Warcraft\_retail_\Interface\AddOns\Guild_Roster_Manager\GRM_Core.lua","8353","assigned function","GRM.BuildAltGroupingScrollFrame"
"GRM_Core.lua","C:\Program Files (x86)\World of Warcraft\_retail_\Interface\AddOns\Guild_Roster_Manager\GRM_Core.lua","8539","assigned function","GRM.BuildAutoCompleteAltSelectionScrollFrame"
"GRM_Core.lua","C:\Program Files (x86)\World of Warcraft\_retail_\Interface\AddOns\Guild_Roster_Manager\GRM_Core.lua","8634","assigned function","GRM.BuildAutoCompleteBanNames"
"GRM_Core.lua","C:\Program Files (x86)\World of Warcraft\_retail_\Interface\AddOns\Guild_Roster_Manager\GRM_Core.lua","8819","assigned function","GRM.ResetAutoCompleteHighlights"
"GRM_Core.lua","C:\Program Files (x86)\World of Warcraft\_retail_\Interface\AddOns\Guild_Roster_Manager\GRM_Core.lua","8831","assigned function","GRM.ConfigureSlider"
"GRM_Core.lua","C:\Program Files (x86)\World of Warcraft\_retail_\Interface\AddOns\Guild_Roster_Manager\GRM_Core.lua","8875","assigned function","GRM.GetBackupEntries"
"GRM_Core.lua","C:\Program Files (x86)\World of Warcraft\_retail_\Interface\AddOns\Guild_Roster_Manager\GRM_Core.lua","8918","assigned function","GRM.BackupHybridShiftDown"
"GRM_Core.lua","C:\Program Files (x86)\World of Warcraft\_retail_\Interface\AddOns\Guild_Roster_Manager\GRM_Core.lua","8992","assigned function","GRM.BackupHybridShiftUp"
"GRM_Core.lua","C:\Program Files (x86)\World of Warcraft\_retail_\Interface\AddOns\Guild_Roster_Manager\GRM_Core.lua","9064","assigned function","GRM.BackupSetLastValue"
"GRM_Core.lua","C:\Program Files (x86)\World of Warcraft\_retail_\Interface\AddOns\Guild_Roster_Manager\GRM_Core.lua","9073","assigned function","GRM.BackupSetFirstValue"
"GRM_Core.lua","C:\Program Files (x86)\World of Warcraft\_retail_\Interface\AddOns\Guild_Roster_Manager\GRM_Core.lua","9083","assigned function","GRM.UpdateBackupTooltip"
"GRM_Core.lua","C:\Program Files (x86)\World of Warcraft\_retail_\Interface\AddOns\Guild_Roster_Manager\GRM_Core.lua","9118","assigned function","GRM.SetBackupValues"
"GRM_Core.lua","C:\Program Files (x86)\World of Warcraft\_retail_\Interface\AddOns\Guild_Roster_Manager\GRM_Core.lua","9199","assigned function","GRM.BuildBackupScrollFrame"
"GRM_Core.lua","C:\Program Files (x86)\World of Warcraft\_retail_\Interface\AddOns\Guild_Roster_Manager\GRM_Core.lua","9308","assigned function","GRM.BuildBackupHybridButtons"
"GRM_Core.lua","C:\Program Files (x86)\World of Warcraft\_retail_\Interface\AddOns\Guild_Roster_Manager\GRM_Core.lua","9505","assigned function","GRM.GetAuditEntries"
"GRM_Core.lua","C:\Program Files (x86)\World of Warcraft\_retail_\Interface\AddOns\Guild_Roster_Manager\GRM_Core.lua","9535","assigned function","GRM.GetAutoCompleteNamesForAudit"
"GRM_Core.lua","C:\Program Files (x86)\World of Warcraft\_retail_\Interface\AddOns\Guild_Roster_Manager\GRM_Core.lua","9563","assigned function","GRM.SetAuditValues"
"GRM_Core.lua","C:\Program Files (x86)\World of Warcraft\_retail_\Interface\AddOns\Guild_Roster_Manager\GRM_Core.lua","9617","assigned function","GRM.AuditHybridShiftDown"
"GRM_Core.lua","C:\Program Files (x86)\World of Warcraft\_retail_\Interface\AddOns\Guild_Roster_Manager\GRM_Core.lua","9652","assigned function","GRM.AuditHybridShiftUp"
"GRM_Core.lua","C:\Program Files (x86)\World of Warcraft\_retail_\Interface\AddOns\Guild_Roster_Manager\GRM_Core.lua","9685","assigned function","GRM.AuditSetLastValue"
"GRM_Core.lua","C:\Program Files (x86)\World of Warcraft\_retail_\Interface\AddOns\Guild_Roster_Manager\GRM_Core.lua","9693","assigned function","GRM.AuditSetFirstValue"
"GRM_Core.lua","C:\Program Files (x86)\World of Warcraft\_retail_\Interface\AddOns\Guild_Roster_Manager\GRM_Core.lua","9701","assigned function","GRM.UpdateAuditTooltip"
"GRM_Core.lua","C:\Program Files (x86)\World of Warcraft\_retail_\Interface\AddOns\Guild_Roster_Manager\GRM_Core.lua","9734","assigned function","GRM.RefreshAuditFrames"
"GRM_Core.lua","C:\Program Files (x86)\World of Warcraft\_retail_\Interface\AddOns\Guild_Roster_Manager\GRM_Core.lua","9903","assigned function","GRM.UnlockAuditButtonHighlights"
"GRM_Core.lua","C:\Program Files (x86)\World of Warcraft\_retail_\Interface\AddOns\Guild_Roster_Manager\GRM_Core.lua","9912","assigned function","GRM.BuildAuditScrollButtons"
"GRM_Core.lua","C:\Program Files (x86)\World of Warcraft\_retail_\Interface\AddOns\Guild_Roster_Manager\GRM_Core.lua","10048","assigned function","GRM.GetIncompleteGuildDataCounts"
"GRM_Core.lua","C:\Program Files (x86)\World of Warcraft\_retail_\Interface\AddOns\Guild_Roster_Manager\GRM_Core.lua","10125","assigned function","GRM.RefreshAddonUserFrames"
"GRM_Core.lua","C:\Program Files (x86)\World of Warcraft\_retail_\Interface\AddOns\Guild_Roster_Manager\GRM_Core.lua","10144","assigned function","GRM.RefreshAddEventFrame"
"GRM_Core.lua","C:\Program Files (x86)\World of Warcraft\_retail_\Interface\AddOns\Guild_Roster_Manager\GRM_Core.lua","10202","assigned function","GRM.Next"
"GRM_Core.lua","C:\Program Files (x86)\World of Warcraft\_retail_\Interface\AddOns\Guild_Roster_Manager\GRM_Core.lua","10209","assigned function","GRM.NoteFormatParsingProtection"
"GRM_Core.lua","C:\Program Files (x86)\World of Warcraft\_retail_\Interface\AddOns\Guild_Roster_Manager\GRM_Core.lua","10211","local function","urlCodeToChar"
"GRM_Core.lua","C:\Program Files (x86)\World of Warcraft\_retail_\Interface\AddOns\Guild_Roster_Manager\GRM_Core.lua","10221","assigned function","GRM.GetPromotionLogString"
"GRM_Core.lua","C:\Program Files (x86)\World of Warcraft\_retail_\Interface\AddOns\Guild_Roster_Manager\GRM_Core.lua","10247","assigned function","GRM.GetDemotionLogString"
"GRM_Core.lua","C:\Program Files (x86)\World of Warcraft\_retail_\Interface\AddOns\Guild_Roster_Manager\GRM_Core.lua","10262","assigned function","GRM.GetLeveledString"
"GRM_Core.lua","C:\Program Files (x86)\World of Warcraft\_retail_\Interface\AddOns\Guild_Roster_Manager\GRM_Core.lua","10314","assigned function","GRM.GetNoteChangeString"
"GRM_Core.lua","C:\Program Files (x86)\World of Warcraft\_retail_\Interface\AddOns\Guild_Roster_Manager\GRM_Core.lua","10334","assigned function","GRM.GetOfficerNoteChangeString"
"GRM_Core.lua","C:\Program Files (x86)\World of Warcraft\_retail_\Interface\AddOns\Guild_Roster_Manager\GRM_Core.lua","10353","assigned function","GRM.GetRankRenamedString"
"GRM_Core.lua","C:\Program Files (x86)\World of Warcraft\_retail_\Interface\AddOns\Guild_Roster_Manager\GRM_Core.lua","10386","assigned function","GRM.GetInactiveReturnString"
"GRM_Core.lua","C:\Program Files (x86)\World of Warcraft\_retail_\Interface\AddOns\Guild_Roster_Manager\GRM_Core.lua","10398","assigned function","GRM.GetRecommendKickString"
"GRM_Core.lua","C:\Program Files (x86)\World of Warcraft\_retail_\Interface\AddOns\Guild_Roster_Manager\GRM_Core.lua","10433","assigned function","GRM.GetPromotionRecommendString"
"GRM_Core.lua","C:\Program Files (x86)\World of Warcraft\_retail_\Interface\AddOns\Guild_Roster_Manager\GRM_Core.lua","10463","assigned function","GRM.GetDemotionRecommendString"
"GRM_Core.lua","C:\Program Files (x86)\World of Warcraft\_retail_\Interface\AddOns\Guild_Roster_Manager\GRM_Core.lua","10491","assigned function","GRM.GetSpecialRecommendString"
"GRM_Core.lua","C:\Program Files (x86)\World of Warcraft\_retail_\Interface\AddOns\Guild_Roster_Manager\GRM_Core.lua","10525","assigned function","GRM.GetNameChangeString"
"GRM_Core.lua","C:\Program Files (x86)\World of Warcraft\_retail_\Interface\AddOns\Guild_Roster_Manager\GRM_Core.lua","10536","assigned function","GRM.GetLeftOrKickString"
"GRM_Core.lua","C:\Program Files (x86)\World of Warcraft\_retail_\Interface\AddOns\Guild_Roster_Manager\GRM_Core.lua","10633","assigned function","GRM.GetCustomNoteChangeString"
"GRM_Core.lua","C:\Program Files (x86)\World of Warcraft\_retail_\Interface\AddOns\Guild_Roster_Manager\GRM_Core.lua","10656","assigned function","GRM.GetGuildNameChangeString"
"GRM_Core.lua","C:\Program Files (x86)\World of Warcraft\_retail_\Interface\AddOns\Guild_Roster_Manager\GRM_Core.lua","10667","assigned function","GRM.GetBanLogString"
"GRM_Core.lua","C:\Program Files (x86)\World of Warcraft\_retail_\Interface\AddOns\Guild_Roster_Manager\GRM_Core.lua","10689","assigned function","GRM.GetBanLogUpdateAndEditString"
"GRM_Core.lua","C:\Program Files (x86)\World of Warcraft\_retail_\Interface\AddOns\Guild_Roster_Manager\GRM_Core.lua","10721","assigned function","GRM.GetUnBanString"
"GRM_Core.lua","C:\Program Files (x86)\World of Warcraft\_retail_\Interface\AddOns\Guild_Roster_Manager\GRM_Core.lua","10732","assigned function","GRM.GetBanStatusSyncString"
"GRM_Core.lua","C:\Program Files (x86)\World of Warcraft\_retail_\Interface\AddOns\Guild_Roster_Manager\GRM_Core.lua","10760","assigned function","GRM.GetJoinOrRejoinString"
"GRM_Core.lua","C:\Program Files (x86)\World of Warcraft\_retail_\Interface\AddOns\Guild_Roster_Manager\GRM_Core.lua","10942","assigned function","GRM.GetEventString"
"GRM_Core.lua","C:\Program Files (x86)\World of Warcraft\_retail_\Interface\AddOns\Guild_Roster_Manager\GRM_Core.lua","10968","assigned function","GRM.GetDeathString"
"GRM_Core.lua","C:\Program Files (x86)\World of Warcraft\_retail_\Interface\AddOns\Guild_Roster_Manager\GRM_Core.lua","10980","assigned function","GRM.ReProcessLogString"
"GRM_Core.lua","C:\Program Files (x86)\World of Warcraft\_retail_\Interface\AddOns\Guild_Roster_Manager\GRM_Core.lua","11113","assigned function","GRM.ReprocessAllLogEntriesToCurrentLanguage"
"GRM_Core.lua","C:\Program Files (x86)\World of Warcraft\_retail_\Interface\AddOns\Guild_Roster_Manager\GRM_Core.lua","11128","assigned function","GRM.RecordLeftGuildChanges"
"GRM_Core.lua","C:\Program Files (x86)\World of Warcraft\_retail_\Interface\AddOns\Guild_Roster_Manager\GRM_Core.lua","11257","assigned function","GRM.RemoveLineBreaks"
"GRM_Core.lua","C:\Program Files (x86)\World of Warcraft\_retail_\Interface\AddOns\Guild_Roster_Manager\GRM_Core.lua","11266","assigned function","GRM.RecordCustomNoteChanges"
"GRM_Core.lua","C:\Program Files (x86)\World of Warcraft\_retail_\Interface\AddOns\Guild_Roster_Manager\GRM_Core.lua","11295","assigned function","GRM.SetCustomNote"
"GRM_Core.lua","C:\Program Files (x86)\World of Warcraft\_retail_\Interface\AddOns\Guild_Roster_Manager\GRM_Core.lua","11368","assigned function","GRM.SetJoinDateToCustomNote"
"GRM_Core.lua","C:\Program Files (x86)\World of Warcraft\_retail_\Interface\AddOns\Guild_Roster_Manager\GRM_Core.lua","11409","assigned function","GRM.IsAnyCustomNoteLarge"
"GRM_Core.lua","C:\Program Files (x86)\World of Warcraft\_retail_\Interface\AddOns\Guild_Roster_Manager\GRM_Core.lua","11427","assigned function","GRM.GetPlayerGuildRep"
"GRM_Core.lua","C:\Program Files (x86)\World of Warcraft\_retail_\Interface\AddOns\Guild_Roster_Manager\GRM_Core.lua","11441","assigned function","GRM.IsPresenceOnline"
"GRM_Core.lua","C:\Program Files (x86)\World of Warcraft\_retail_\Interface\AddOns\Guild_Roster_Manager\GRM_Core.lua","11453","assigned function","GRM.GetPlayerRace"
"GRM_Core.lua","C:\Program Files (x86)\World of Warcraft\_retail_\Interface\AddOns\Guild_Roster_Manager\GRM_Core.lua","11471","assigned function","GRM.VerifyAllRankDates"
"GRM_Core.lua","C:\Program Files (x86)\World of Warcraft\_retail_\Interface\AddOns\Guild_Roster_Manager\GRM_Core.lua","11529","assigned function","GRM.VerifyAllJoinDates"
"GRM_Core.lua","C:\Program Files (x86)\World of Warcraft\_retail_\Interface\AddOns\Guild_Roster_Manager\GRM_Core.lua","11587","assigned function","GRM.GetNumUnverifiedJoinDates"
"GRM_Core.lua","C:\Program Files (x86)\World of Warcraft\_retail_\Interface\AddOns\Guild_Roster_Manager\GRM_Core.lua","11605","assigned function","GRM.GetNumUnverifiedPromoDates"
"GRM_Core.lua","C:\Program Files (x86)\World of Warcraft\_retail_\Interface\AddOns\Guild_Roster_Manager\GRM_Core.lua","11632","assigned function","GRM.NotificationCheck"
"GRM_Core.lua","C:\Program Files (x86)\World of Warcraft\_retail_\Interface\AddOns\Guild_Roster_Manager\GRM_Core.lua","11681","assigned function","GRM.NotificationIndependentChecker"
"GRM_Core.lua","C:\Program Files (x86)\World of Warcraft\_retail_\Interface\AddOns\Guild_Roster_Manager\GRM_Core.lua","11716","assigned function","GRM.SetBirthdayFrameLogic"
"GRM_Core.lua","C:\Program Files (x86)\World of Warcraft\_retail_\Interface\AddOns\Guild_Roster_Manager\GRM_Core.lua","11750","assigned function","GRM.SetBirthday"
"GRM_Core.lua","C:\Program Files (x86)\World of Warcraft\_retail_\Interface\AddOns\Guild_Roster_Manager\GRM_Core.lua","11841","assigned function","GRM.CleanupBirthdays"
"GRM_Core.lua","C:\Program Files (x86)\World of Warcraft\_retail_\Interface\AddOns\Guild_Roster_Manager\GRM_Core.lua","11893","assigned function","GRM.GetEventYear"
"GRM_Core.lua","C:\Program Files (x86)\World of Warcraft\_retail_\Interface\AddOns\Guild_Roster_Manager\GRM_Core.lua","11905","assigned function","GRM.GetEventMonth"
"GRM_Core.lua","C:\Program Files (x86)\World of Warcraft\_retail_\Interface\AddOns\Guild_Roster_Manager\GRM_Core.lua","11916","assigned function","GRM.GetEventMonthEnumResult"
"GRM_Core.lua","C:\Program Files (x86)\World of Warcraft\_retail_\Interface\AddOns\Guild_Roster_Manager\GRM_Core.lua","11923","assigned function","GRM.GetEventDay"
"GRM_Core.lua","C:\Program Files (x86)\World of Warcraft\_retail_\Interface\AddOns\Guild_Roster_Manager\GRM_Core.lua","11934","assigned function","GRM.IsCalendarEventAlreadyAdded"
"GRM_Core.lua","C:\Program Files (x86)\World of Warcraft\_retail_\Interface\AddOns\Guild_Roster_Manager\GRM_Core.lua","11970","assigned function","GRM.IsOnAnnouncementList"
"GRM_Core.lua","C:\Program Files (x86)\World of Warcraft\_retail_\Interface\AddOns\Guild_Roster_Manager\GRM_Core.lua","11998","assigned function","GRM.RemoveFromCalendarQue"
"GRM_Core.lua","C:\Program Files (x86)\World of Warcraft\_retail_\Interface\AddOns\Guild_Roster_Manager\GRM_Core.lua","12019","assigned function","GRM.RemoveAllFromEventQue"
"GRM_Core.lua","C:\Program Files (x86)\World of Warcraft\_retail_\Interface\AddOns\Guild_Roster_Manager\GRM_Core.lua","12054","assigned function","GRM.CalendarQueCheck"
"GRM_Core.lua","C:\Program Files (x86)\World of Warcraft\_retail_\Interface\AddOns\Guild_Roster_Manager\GRM_Core.lua","12070","assigned function","GRM.GetAnniversaryLogReport"
"GRM_Core.lua","C:\Program Files (x86)\World of Warcraft\_retail_\Interface\AddOns\Guild_Roster_Manager\GRM_Core.lua","12085","assigned function","GRM.GetBirthdayLogReport"
"GRM_Core.lua","C:\Program Files (x86)\World of Warcraft\_retail_\Interface\AddOns\Guild_Roster_Manager\GRM_Core.lua","12103","assigned function","GRM.ResetPlayerEvent"
"GRM_Core.lua","C:\Program Files (x86)\World of Warcraft\_retail_\Interface\AddOns\Guild_Roster_Manager\GRM_Core.lua","12112","assigned function","GRM.CleanupEventsFromplayers"
"GRM_Core.lua","C:\Program Files (x86)\World of Warcraft\_retail_\Interface\AddOns\Guild_Roster_Manager\GRM_Core.lua","12133","assigned function","GRM.InsertNewEvent"
"GRM_Core.lua","C:\Program Files (x86)\World of Warcraft\_retail_\Interface\AddOns\Guild_Roster_Manager\GRM_Core.lua","12191","assigned function","GRM.AddAnnouncementToCalendar"
"GRM_Core.lua","C:\Program Files (x86)\World of Warcraft\_retail_\Interface\AddOns\Guild_Roster_Manager\GRM_Core.lua","12236","assigned function","GRM.RemoveItemFromLog"
"GRM_Core.lua","C:\Program Files (x86)\World of Warcraft\_retail_\Interface\AddOns\Guild_Roster_Manager\GRM_Core.lua","12278","assigned function","GRM.ClearAllLogLinesWithinRange"
"GRM_Core.lua","C:\Program Files (x86)\World of Warcraft\_retail_\Interface\AddOns\Guild_Roster_Manager\GRM_Core.lua","12316","assigned function","GRM.ResetLogReport"
"GRM_Core.lua","C:\Program Files (x86)\World of Warcraft\_retail_\Interface\AddOns\Guild_Roster_Manager\GRM_Core.lua","12334","assigned function","GRM.LogSetLastValue"
"GRM_Core.lua","C:\Program Files (x86)\World of Warcraft\_retail_\Interface\AddOns\Guild_Roster_Manager\GRM_Core.lua","12342","assigned function","GRM.LogSetFirstValue"
"GRM_Core.lua","C:\Program Files (x86)\World of Warcraft\_retail_\Interface\AddOns\Guild_Roster_Manager\GRM_Core.lua","12350","assigned function","GRM.LogToolHybridShiftDown"
"GRM_Core.lua","C:\Program Files (x86)\World of Warcraft\_retail_\Interface\AddOns\Guild_Roster_Manager\GRM_Core.lua","12376","assigned function","GRM.LogToolHybridShiftUP"
"GRM_Core.lua","C:\Program Files (x86)\World of Warcraft\_retail_\Interface\AddOns\Guild_Roster_Manager\GRM_Core.lua","12403","assigned function","GRM.ConfigureChangesHeader"
"GRM_Core.lua","C:\Program Files (x86)\World of Warcraft\_retail_\Interface\AddOns\Guild_Roster_Manager\GRM_Core.lua","12435","assigned function","GRM.SetLogValues"
"GRM_Core.lua","C:\Program Files (x86)\World of Warcraft\_retail_\Interface\AddOns\Guild_Roster_Manager\GRM_Core.lua","12493","assigned function","GRM.GetOperatorsFromText"
"GRM_Core.lua","C:\Program Files (x86)\World of Warcraft\_retail_\Interface\AddOns\Guild_Roster_Manager\GRM_Core.lua","12510","assigned function","GRM.GetSearchLog"
"GRM_Core.lua","C:\Program Files (x86)\World of Warcraft\_retail_\Interface\AddOns\Guild_Roster_Manager\GRM_Core.lua","12663","assigned function","GRM.SetColoredLines"
"GRM_Core.lua","C:\Program Files (x86)\World of Warcraft\_retail_\Interface\AddOns\Guild_Roster_Manager\GRM_Core.lua","12688","assigned function","GRM.BuildLogComplete"
"GRM_Core.lua","C:\Program Files (x86)\World of Warcraft\_retail_\Interface\AddOns\Guild_Roster_Manager\GRM_Core.lua","12711","assigned function","GRM.BuildLog"
"GRM_Core.lua","C:\Program Files (x86)\World of Warcraft\_retail_\Interface\AddOns\Guild_Roster_Manager\GRM_Core.lua","12820","assigned function","GRM.BuildCoreLogFontstrings"
"GRM_Core.lua","C:\Program Files (x86)\World of Warcraft\_retail_\Interface\AddOns\Guild_Roster_Manager\GRM_Core.lua","12934","assigned function","GRM.RefreshLogTooltip"
"GRM_Core.lua","C:\Program Files (x86)\World of Warcraft\_retail_\Interface\AddOns\Guild_Roster_Manager\GRM_Core.lua","12978","assigned function","GRM.ResetLogStringPoints"
"GRM_Core.lua","C:\Program Files (x86)\World of Warcraft\_retail_\Interface\AddOns\Guild_Roster_Manager\GRM_Core.lua","13007","assigned function","GRM.AddOldLogHeader"
"GRM_Core.lua","C:\Program Files (x86)\World of Warcraft\_retail_\Interface\AddOns\Guild_Roster_Manager\GRM_Core.lua","13014","assigned function","GRM.AddNewChangesHeader"
"GRM_Core.lua","C:\Program Files (x86)\World of Warcraft\_retail_\Interface\AddOns\Guild_Roster_Manager\GRM_Core.lua","13021","assigned function","GRM.convertToArrayFormat"
"GRM_Core.lua","C:\Program Files (x86)\World of Warcraft\_retail_\Interface\AddOns\Guild_Roster_Manager\GRM_Core.lua","13062","assigned function","GRM.BuildCustomNoteScrollFrame"
"GRM_Core.lua","C:\Program Files (x86)\World of Warcraft\_retail_\Interface\AddOns\Guild_Roster_Manager\GRM_Core.lua","13129","assigned function","GRM.InitializeDropDownDay"
"GRM_Core.lua","C:\Program Files (x86)\World of Warcraft\_retail_\Interface\AddOns\Guild_Roster_Manager\GRM_Core.lua","13209","assigned function","GRM.InitializeDropDownYear"
"GRM_Core.lua","C:\Program Files (x86)\World of Warcraft\_retail_\Interface\AddOns\Guild_Roster_Manager\GRM_Core.lua","13276","assigned function","GRM.InitializeDropDownMonth"
"GRM_Core.lua","C:\Program Files (x86)\World of Warcraft\_retail_\Interface\AddOns\Guild_Roster_Manager\GRM_Core.lua","13340","assigned function","GRM.SetJoinDate"
"GRM_Core.lua","C:\Program Files (x86)\World of Warcraft\_retail_\Interface\AddOns\Guild_Roster_Manager\GRM_Core.lua","13466","assigned function","GRM.PlayerHasJoinDate"
"GRM_Core.lua","C:\Program Files (x86)\World of Warcraft\_retail_\Interface\AddOns\Guild_Roster_Manager\GRM_Core.lua","13483","assigned function","GRM.SetPromoDate"
"GRM_Core.lua","C:\Program Files (x86)\World of Warcraft\_retail_\Interface\AddOns\Guild_Roster_Manager\GRM_Core.lua","13558","assigned function","GRM.SetAllIncompleteJoinUnknown"
"GRM_Core.lua","C:\Program Files (x86)\World of Warcraft\_retail_\Interface\AddOns\Guild_Roster_Manager\GRM_Core.lua","13622","assigned function","GRM.SetAllIncompletePromoUnknown"
"GRM_Core.lua","C:\Program Files (x86)\World of Warcraft\_retail_\Interface\AddOns\Guild_Roster_Manager\GRM_Core.lua","13666","assigned function","GRM.SetAllIncompleteBdayUnknown"
"GRM_Core.lua","C:\Program Files (x86)\World of Warcraft\_retail_\Interface\AddOns\Guild_Roster_Manager\GRM_Core.lua","13728","assigned function","GRM.DateSubmitCancelResetLogic"
"GRM_Core.lua","C:\Program Files (x86)\World of Warcraft\_retail_\Interface\AddOns\Guild_Roster_Manager\GRM_Core.lua","13906","assigned function","GRM.SetDateButtonConfiguration"
"GRM_Core.lua","C:\Program Files (x86)\World of Warcraft\_retail_\Interface\AddOns\Guild_Roster_Manager\GRM_Core.lua","13948","assigned function","GRM.GetRecordedDate"
"GRM_Core.lua","C:\Program Files (x86)\World of Warcraft\_retail_\Interface\AddOns\Guild_Roster_Manager\GRM_Core.lua","13975","assigned function","GRM.SetDateSelectFrame"
"GRM_Core.lua","C:\Program Files (x86)\World of Warcraft\_retail_\Interface\AddOns\Guild_Roster_Manager\GRM_Core.lua","14027","assigned function","GRM.IsGuildieAnOfficer"
"GRM_Core.lua","C:\Program Files (x86)\World of Warcraft\_retail_\Interface\AddOns\Guild_Roster_Manager\GRM_Core.lua","14037","assigned function","GRM.GetPlayerRankPermissions"
"GRM_Core.lua","C:\Program Files (x86)\World of Warcraft\_retail_\Interface\AddOns\Guild_Roster_Manager\GRM_Core.lua","14047","assigned function","GRM.GetFirstOfficerRank"
"GRM_Core.lua","C:\Program Files (x86)\World of Warcraft\_retail_\Interface\AddOns\Guild_Roster_Manager\GRM_Core.lua","14063","assigned function","GRM.IsOfficerRankByIndex"
"GRM_Core.lua","C:\Program Files (x86)\World of Warcraft\_retail_\Interface\AddOns\Guild_Roster_Manager\GRM_Core.lua","14073","assigned function","GRM.IsPlayerAnOfficer"
"GRM_Core.lua","C:\Program Files (x86)\World of Warcraft\_retail_\Interface\AddOns\Guild_Roster_Manager\GRM_Core.lua","14080","assigned function","GRM.GetRankIndex"
"GRM_Core.lua","C:\Program Files (x86)\World of Warcraft\_retail_\Interface\AddOns\Guild_Roster_Manager\GRM_Core.lua","14105","assigned function","GRM.BuildRankList"
"GRM_Core.lua","C:\Program Files (x86)\World of Warcraft\_retail_\Interface\AddOns\Guild_Roster_Manager\GRM_Core.lua","14115","assigned function","GRM.OnRankChange"
"GRM_Core.lua","C:\Program Files (x86)\World of Warcraft\_retail_\Interface\AddOns\Guild_Roster_Manager\GRM_Core.lua","14239","assigned function","GRM.PopulateOptionsRankDropDown"
"GRM_Core.lua","C:\Program Files (x86)\World of Warcraft\_retail_\Interface\AddOns\Guild_Roster_Manager\GRM_Core.lua","14350","assigned function","GRM.PopulateBanListOptionsDropDown"
"GRM_Core.lua","C:\Program Files (x86)\World of Warcraft\_retail_\Interface\AddOns\Guild_Roster_Manager\GRM_Core.lua","14467","assigned function","GRM.PopulateDefaultDropDownRankMenu"
"GRM_Core.lua","C:\Program Files (x86)\World of Warcraft\_retail_\Interface\AddOns\Guild_Roster_Manager\GRM_Core.lua","14550","assigned function","GRM.CreateRankDropDownMenu"
"GRM_Core.lua","C:\Program Files (x86)\World of Warcraft\_retail_\Interface\AddOns\Guild_Roster_Manager\GRM_Core.lua","14602","assigned function","GRM.CreateDropDownMenu"
"GRM_Core.lua","C:\Program Files (x86)\World of Warcraft\_retail_\Interface\AddOns\Guild_Roster_Manager\GRM_Core.lua","14652","assigned function","GRM.PopulateClassDropDownMenu"
"GRM_Core.lua","C:\Program Files (x86)\World of Warcraft\_retail_\Interface\AddOns\Guild_Roster_Manager\GRM_Core.lua","14745","assigned function","GRM.PopulateMainTagDropdown"
"GRM_Core.lua","C:\Program Files (x86)\World of Warcraft\_retail_\Interface\AddOns\Guild_Roster_Manager\GRM_Core.lua","14816","assigned function","GRM.PopulateDefaultTabDropdown"
"GRM_Core.lua","C:\Program Files (x86)\World of Warcraft\_retail_\Interface\AddOns\Guild_Roster_Manager\GRM_Core.lua","14879","assigned function","GRM.PopulateLanguageDropdown"
"GRM_Core.lua","C:\Program Files (x86)\World of Warcraft\_retail_\Interface\AddOns\Guild_Roster_Manager\GRM_Core.lua","15052","assigned function","GRM.PopulateFontDropdown"
"GRM_Core.lua","C:\Program Files (x86)\World of Warcraft\_retail_\Interface\AddOns\Guild_Roster_Manager\GRM_Core.lua","15149","assigned function","GRM.PopulateTimestampFormatDropDown"
"GRM_Core.lua","C:\Program Files (x86)\World of Warcraft\_retail_\Interface\AddOns\Guild_Roster_Manager\GRM_Core.lua","15252","assigned function","GRM.Populate24HrDropDown"
"GRM_Core.lua","C:\Program Files (x86)\World of Warcraft\_retail_\Interface\AddOns\Guild_Roster_Manager\GRM_Core.lua","15323","assigned function","GRM.SetGroupInviteButton"
"GRM_Core.lua","C:\Program Files (x86)\World of Warcraft\_retail_\Interface\AddOns\Guild_Roster_Manager\GRM_Core.lua","15377","assigned function","GRM.CreateOptionsRankDropDown"
"GRM_Core.lua","C:\Program Files (x86)\World of Warcraft\_retail_\Interface\AddOns\Guild_Roster_Manager\GRM_Core.lua","15475","assigned function","GRM.ClearPromoDateHistory"
"GRM_Core.lua","C:\Program Files (x86)\World of Warcraft\_retail_\Interface\AddOns\Guild_Roster_Manager\GRM_Core.lua","15501","assigned function","GRM.ClearJoinDateHistory"
"GRM_Core.lua","C:\Program Files (x86)\World of Warcraft\_retail_\Interface\AddOns\Guild_Roster_Manager\GRM_Core.lua","15537","assigned function","GRM.ResetPlayerMetaData"
"GRM_Core.lua","C:\Program Files (x86)\World of Warcraft\_retail_\Interface\AddOns\Guild_Roster_Manager\GRM_Core.lua","15619","assigned function","GRM.ResetAllSavedData"
"GRM_Core.lua","C:\Program Files (x86)\World of Warcraft\_retail_\Interface\AddOns\Guild_Roster_Manager\GRM_Core.lua","15684","assigned function","GRM.ResetGuildSavedData"
"GRM_Core.lua","C:\Program Files (x86)\World of Warcraft\_retail_\Interface\AddOns\Guild_Roster_Manager\GRM_Core.lua","15746","assigned function","GRM.CheckForNewPlayer"
"GRM_Core.lua","C:\Program Files (x86)\World of Warcraft\_retail_\Interface\AddOns\Guild_Roster_Manager\GRM_Core.lua","15886","assigned function","GRM.GetParsedNameFromInviteAnnouncmenet"
"GRM_Core.lua","C:\Program Files (x86)\World of Warcraft\_retail_\Interface\AddOns\Guild_Roster_Manager\GRM_Core.lua","15912","assigned function","GRM.LiveKickDetection"
"GRM_Core.lua","C:\Program Files (x86)\World of Warcraft\_retail_\Interface\AddOns\Guild_Roster_Manager\GRM_Core.lua","15945","assigned function","GRM.SendBannedSyncMessageForAlts"
"GRM_Core.lua","C:\Program Files (x86)\World of Warcraft\_retail_\Interface\AddOns\Guild_Roster_Manager\GRM_Core.lua","15997","assigned function","GRM.BanAndKickingAltsByPlayer"
"GRM_Core.lua","C:\Program Files (x86)\World of Warcraft\_retail_\Interface\AddOns\Guild_Roster_Manager\GRM_Core.lua","16067","assigned function","GRM.GetPlayerKickedFromButton"
"GRM_Core.lua","C:\Program Files (x86)\World of Warcraft\_retail_\Interface\AddOns\Guild_Roster_Manager\GRM_Core.lua","16097","assigned function","GRM.KickButtonLogic"
"GRM_Core.lua","C:\Program Files (x86)\World of Warcraft\_retail_\Interface\AddOns\Guild_Roster_Manager\GRM_Core.lua","16143","assigned function","GRM.KickAction"
"GRM_Core.lua","C:\Program Files (x86)\World of Warcraft\_retail_\Interface\AddOns\Guild_Roster_Manager\GRM_Core.lua","16192","assigned function","GRM.GetPromotionText"
"GRM_Core.lua","C:\Program Files (x86)\World of Warcraft\_retail_\Interface\AddOns\Guild_Roster_Manager\GRM_Core.lua","16222","assigned function","GRM.GetDeomotionText"
"GRM_Core.lua","C:\Program Files (x86)\World of Warcraft\_retail_\Interface\AddOns\Guild_Roster_Manager\GRM_Core.lua","16271","assigned function","GRM.AddToLiveScanQue"
"GRM_Core.lua","C:\Program Files (x86)\World of Warcraft\_retail_\Interface\AddOns\Guild_Roster_Manager\GRM_Core.lua","16295","assigned function","GRM.ProcessLiveScanQue"
"GRM_Core.lua","C:\Program Files (x86)\World of Warcraft\_retail_\Interface\AddOns\Guild_Roster_Manager\GRM_Core.lua","16328","assigned function","GRM.SetNextTrue"
"GRM_Core.lua","C:\Program Files (x86)\World of Warcraft\_retail_\Interface\AddOns\Guild_Roster_Manager\GRM_Core.lua","16353","assigned function","GRM.SystemMessageLiveDetectionControl"
"GRM_Core.lua","C:\Program Files (x86)\World of Warcraft\_retail_\Interface\AddOns\Guild_Roster_Manager\GRM_Core.lua","16496","assigned function","GRM.LiveJoinDetection"
"GRM_Core.lua","C:\Program Files (x86)\World of Warcraft\_retail_\Interface\AddOns\Guild_Roster_Manager\GRM_Core.lua","16511","assigned function","GRM.LivePromoteOrDemoteDetection"
"GRM_Core.lua","C:\Program Files (x86)\World of Warcraft\_retail_\Interface\AddOns\Guild_Roster_Manager\GRM_Core.lua","16562","assigned function","GRM.LiveLeaveDetection"
"GRM_Core.lua","C:\Program Files (x86)\World of Warcraft\_retail_\Interface\AddOns\Guild_Roster_Manager\GRM_Core.lua","16594","assigned function","GRM.GetParsedplayerName"
"GRM_Core.lua","C:\Program Files (x86)\World of Warcraft\_retail_\Interface\AddOns\Guild_Roster_Manager\GRM_Core.lua","16611","assigned function","GRM.GetParsedJoinPlayerName"
"GRM_Core.lua","C:\Program Files (x86)\World of Warcraft\_retail_\Interface\AddOns\Guild_Roster_Manager\GRM_Core.lua","16621","assigned function","GRM.GetParsedKickPlayerNames"
"GRM_Core.lua","C:\Program Files (x86)\World of Warcraft\_retail_\Interface\AddOns\Guild_Roster_Manager\GRM_Core.lua","16676","assigned function","GRM.RemoveBan"
"GRM_Core.lua","C:\Program Files (x86)\World of Warcraft\_retail_\Interface\AddOns\Guild_Roster_Manager\GRM_Core.lua","16705","assigned function","GRM.UnBanplayer"
"GRM_Core.lua","C:\Program Files (x86)\World of Warcraft\_retail_\Interface\AddOns\Guild_Roster_Manager\GRM_Core.lua","16721","assigned function","GRM.BanListUnban"
"GRM_Core.lua","C:\Program Files (x86)\World of Warcraft\_retail_\Interface\AddOns\Guild_Roster_Manager\GRM_Core.lua","16746","assigned function","GRM.PopulateMemberDetails"
"GRM_Core.lua","C:\Program Files (x86)\World of Warcraft\_retail_\Interface\AddOns\Guild_Roster_Manager\GRM_Core.lua","17182","assigned function","GRM.RemoveBanSendSyncMessage"
"GRM_Core.lua","C:\Program Files (x86)\World of Warcraft\_retail_\Interface\AddOns\Guild_Roster_Manager\GRM_Core.lua","17223","assigned function","GRM.FactionIcon"
"GRM_Core.lua","C:\Program Files (x86)\World of Warcraft\_retail_\Interface\AddOns\Guild_Roster_Manager\GRM_Core.lua","17253","assigned function","GRM.DeathStatus"
"GRM_Core.lua","C:\Program Files (x86)\World of Warcraft\_retail_\Interface\AddOns\Guild_Roster_Manager\GRM_Core.lua","17297","assigned function","GRM.ClearAllFrames"
"GRM_Core.lua","C:\Program Files (x86)\World of Warcraft\_retail_\Interface\AddOns\Guild_Roster_Manager\GRM_Core.lua","17331","assigned function","GRM.ClearResetFramesOnTabChange"
"GRM_Core.lua","C:\Program Files (x86)\World of Warcraft\_retail_\Interface\AddOns\Guild_Roster_Manager\GRM_Core.lua","17344","assigned function","GRM.SubFrameCheck"
"GRM_Core.lua","C:\Program Files (x86)\World of Warcraft\_retail_\Interface\AddOns\Guild_Roster_Manager\GRM_Core.lua","17371","assigned function","GRM.SelectPlayerOnRoster"
"GRM_Core.lua","C:\Program Files (x86)\World of Warcraft\_retail_\Interface\AddOns\Guild_Roster_Manager\GRM_Core.lua","17389","assigned function","GRM.DateUntrustedTag"
"GRM_Core.lua","C:\Program Files (x86)\World of Warcraft\_retail_\Interface\AddOns\Guild_Roster_Manager\GRM_Core.lua","17406","assigned function","GRM.GetPlayerWhoBanned"
"GRM_Core.lua","C:\Program Files (x86)\World of Warcraft\_retail_\Interface\AddOns\Guild_Roster_Manager\GRM_Core.lua","17428","assigned function","GRM.GetBannedPlayersWithGUIDs"
"GRM_Core.lua","C:\Program Files (x86)\World of Warcraft\_retail_\Interface\AddOns\Guild_Roster_Manager\GRM_Core.lua","17455","assigned function","GRM.GetBannedPlayersStillInGuild"
"GRM_Core.lua","C:\Program Files (x86)\World of Warcraft\_retail_\Interface\AddOns\Guild_Roster_Manager\GRM_Core.lua","17474","assigned function","GRM.SyncRemoveCurrentPlayerBan"
"GRM_Core.lua","C:\Program Files (x86)\World of Warcraft\_retail_\Interface\AddOns\Guild_Roster_Manager\GRM_Core.lua","17492","assigned function","GRM.SyncAddCurrentPlayerBan"
"GRM_Core.lua","C:\Program Files (x86)\World of Warcraft\_retail_\Interface\AddOns\Guild_Roster_Manager\GRM_Core.lua","17507","assigned function","GRM.ChangeCurrentPlayerBanReason"
"GRM_Core.lua","C:\Program Files (x86)\World of Warcraft\_retail_\Interface\AddOns\Guild_Roster_Manager\GRM_Core.lua","17522","assigned function","GRM.GetNumberOfPlayerSBannedCurrentlyInGuild"
"GRM_Core.lua","C:\Program Files (x86)\World of Warcraft\_retail_\Interface\AddOns\Guild_Roster_Manager\GRM_Core.lua","17548","assigned function","GRM.GetSortedBanListNamesWithDetails"
"GRM_Core.lua","C:\Program Files (x86)\World of Warcraft\_retail_\Interface\AddOns\Guild_Roster_Manager\GRM_Core.lua","17725","assigned function","GRM.IsAnyBanHighlighted"
"GRM_Core.lua","C:\Program Files (x86)\World of Warcraft\_retail_\Interface\AddOns\Guild_Roster_Manager\GRM_Core.lua","17742","assigned function","GRM.ClearAllBanHighlights"
"GRM_Core.lua","C:\Program Files (x86)\World of Warcraft\_retail_\Interface\AddOns\Guild_Roster_Manager\GRM_Core.lua","17753","assigned function","GRM.IsBanNameOnList"
"GRM_Core.lua","C:\Program Files (x86)\World of Warcraft\_retail_\Interface\AddOns\Guild_Roster_Manager\GRM_Core.lua","17770","assigned function","GRM.RefreshBanListFrames"
"GRM_Core.lua","C:\Program Files (x86)\World of Warcraft\_retail_\Interface\AddOns\Guild_Roster_Manager\GRM_Core.lua","18107","assigned function","GRM.RestoreTooltip"
"GRM_Core.lua","C:\Program Files (x86)\World of Warcraft\_retail_\Interface\AddOns\Guild_Roster_Manager\GRM_Core.lua","18115","assigned function","GRM.GetRankHistory"
"GRM_Core.lua","C:\Program Files (x86)\World of Warcraft\_retail_\Interface\AddOns\Guild_Roster_Manager\GRM_Core.lua","18159","assigned function","GRM.PromoRankTooltip"
"GRM_Core.lua","C:\Program Files (x86)\World of Warcraft\_retail_\Interface\AddOns\Guild_Roster_Manager\GRM_Core.lua","18236","assigned function","GRM.JoinDateTooltip"
"GRM_Core.lua","C:\Program Files (x86)\World of Warcraft\_retail_\Interface\AddOns\Guild_Roster_Manager\GRM_Core.lua","18320","assigned function","GRM.PlayerNameTooltip"
"GRM_Core.lua","C:\Program Files (x86)\World of Warcraft\_retail_\Interface\AddOns\Guild_Roster_Manager\GRM_Core.lua","18353","assigned function","GRM.GetSex"
"GRM_Core.lua","C:\Program Files (x86)\World of Warcraft\_retail_\Interface\AddOns\Guild_Roster_Manager\GRM_Core.lua","18368","assigned function","GRM.AltNameTooltip"
"GRM_Core.lua","C:\Program Files (x86)\World of Warcraft\_retail_\Interface\AddOns\Guild_Roster_Manager\GRM_Core.lua","18472","assigned function","GRM.CustomNoteSlider"
"GRM_Core.lua","C:\Program Files (x86)\World of Warcraft\_retail_\Interface\AddOns\Guild_Roster_Manager\GRM_Core.lua","18484","assigned function","GRM.PlayerStatusNotificationTooltip"
"GRM_Core.lua","C:\Program Files (x86)\World of Warcraft\_retail_\Interface\AddOns\Guild_Roster_Manager\GRM_Core.lua","18501","assigned function","GRM.EditBdayTooltip"
"GRM_Core.lua","C:\Program Files (x86)\World of Warcraft\_retail_\Interface\AddOns\Guild_Roster_Manager\GRM_Core.lua","18523","assigned function","GRM.MemberDetailToolTips"
"GRM_Core.lua","C:\Program Files (x86)\World of Warcraft\_retail_\Interface\AddOns\Guild_Roster_Manager\GRM_Core.lua","18563","assigned function","GRM.ModifySpecificGuildControlValue"
"GRM_Core.lua","C:\Program Files (x86)\World of Warcraft\_retail_\Interface\AddOns\Guild_Roster_Manager\GRM_Core.lua","18604","assigned function","GRM.GetGuildInfoTextSafe"
"GRM_Core.lua","C:\Program Files (x86)\World of Warcraft\_retail_\Interface\AddOns\Guild_Roster_Manager\GRM_Core.lua","18621","assigned function","GRM.UpdateGuildInfoWithNewValue"
"GRM_Core.lua","C:\Program Files (x86)\World of Warcraft\_retail_\Interface\AddOns\Guild_Roster_Manager\GRM_Core.lua","18641","assigned function","GRM.GetRulesString"
"GRM_Core.lua","C:\Program Files (x86)\World of Warcraft\_retail_\Interface\AddOns\Guild_Roster_Manager\GRM_Core.lua","18653","assigned function","GRM.GetEachGlobalControl"
"GRM_Core.lua","C:\Program Files (x86)\World of Warcraft\_retail_\Interface\AddOns\Guild_Roster_Manager\GRM_Core.lua","18667","assigned function","GRM.GetGlobalControlValue"
"GRM_Core.lua","C:\Program Files (x86)\World of Warcraft\_retail_\Interface\AddOns\Guild_Roster_Manager\GRM_Core.lua","18686","assigned function","GRM.UpdateGuildLeaderPermissions"
"GRM_Core.lua","C:\Program Files (x86)\World of Warcraft\_retail_\Interface\AddOns\Guild_Roster_Manager\GRM_Core.lua","18755","assigned function","GRM.SetJoinTagCustomFormat"
"GRM_Core.lua","C:\Program Files (x86)\World of Warcraft\_retail_\Interface\AddOns\Guild_Roster_Manager\GRM_Core.lua","18857","assigned function","GRM.SetNoteTriggerRestrictions"
"GRM_Core.lua","C:\Program Files (x86)\World of Warcraft\_retail_\Interface\AddOns\Guild_Roster_Manager\GRM_Core.lua","18901","assigned function","GRM.IsCustomJoinRestricted"
"GRM_Core.lua","C:\Program Files (x86)\World of Warcraft\_retail_\Interface\AddOns\Guild_Roster_Manager\GRM_Core.lua","18918","assigned function","GRM.IsCustomReJoinRestricted"
"GRM_Core.lua","C:\Program Files (x86)\World of Warcraft\_retail_\Interface\AddOns\Guild_Roster_Manager\GRM_Core.lua","18936","assigned function","GRM.SetTimestampRestriction"
"GRM_Core.lua","C:\Program Files (x86)\World of Warcraft\_retail_\Interface\AddOns\Guild_Roster_Manager\GRM_Core.lua","18981","assigned function","GRM.SetLeaderRankRestrictionSetting"
"GRM_Core.lua","C:\Program Files (x86)\World of Warcraft\_retail_\Interface\AddOns\Guild_Roster_Manager\GRM_Core.lua","19021","assigned function","GRM.SetLeaderBanRestrictionSetting"
"GRM_Core.lua","C:\Program Files (x86)\World of Warcraft\_retail_\Interface\AddOns\Guild_Roster_Manager\GRM_Core.lua","19074","assigned function","GRM.SetLeaderCustomNoteRestrictionSetting"
"GRM_Core.lua","C:\Program Files (x86)\World of Warcraft\_retail_\Interface\AddOns\Guild_Roster_Manager\GRM_Core.lua","19115","assigned function","GRM.SetLeaderJoinDateRestrictionSetting"
"GRM_Core.lua","C:\Program Files (x86)\World of Warcraft\_retail_\Interface\AddOns\Guild_Roster_Manager\GRM_Core.lua","19195","assigned function","GRM.SetLeaderUsingJoinTagHeaders"
"GRM_Core.lua","C:\Program Files (x86)\World of Warcraft\_retail_\Interface\AddOns\Guild_Roster_Manager\GRM_Core.lua","19234","assigned function","GRM.IsSyncRankGuildLeaderRestricted"
"GRM_Core.lua","C:\Program Files (x86)\World of Warcraft\_retail_\Interface\AddOns\Guild_Roster_Manager\GRM_Core.lua","19279","assigned function","GRM.ReportRankRestriction"
"GRM_Core.lua","C:\Program Files (x86)\World of Warcraft\_retail_\Interface\AddOns\Guild_Roster_Manager\GRM_Core.lua","19292","assigned function","GRM.GetRankRestrictionText"
"GRM_Core.lua","C:\Program Files (x86)\World of Warcraft\_retail_\Interface\AddOns\Guild_Roster_Manager\GRM_Core.lua","19306","assigned function","GRM.GetGlobalSettingsProgress"
"GRM_Core.lua","C:\Program Files (x86)\World of Warcraft\_retail_\Interface\AddOns\Guild_Roster_Manager\GRM_Core.lua","19328","assigned function","GRM.AllGlobalsAreSet"
"GRM_Core.lua","C:\Program Files (x86)\World of Warcraft\_retail_\Interface\AddOns\Guild_Roster_Manager\GRM_Core.lua","19349","assigned function","GRM.SetGlobalControlsToGuildInfo"
"GRM_Core.lua","C:\Program Files (x86)\World of Warcraft\_retail_\Interface\AddOns\Guild_Roster_Manager\GRM_Core.lua","19400","assigned function","GRM.GetAllGlobalRulesAsString"
"GRM_Core.lua","C:\Program Files (x86)\World of Warcraft\_retail_\Interface\AddOns\Guild_Roster_Manager\GRM_Core.lua","19442","assigned function","GRM.CheckAllDates"
"GRM_Core.lua","C:\Program Files (x86)\World of Warcraft\_retail_\Interface\AddOns\Guild_Roster_Manager\GRM_Core.lua","19563","assigned function","GRM.GetParsedDate"
"GRM_Core.lua","C:\Program Files (x86)\World of Warcraft\_retail_\Interface\AddOns\Guild_Roster_Manager\GRM_Core.lua","19583","assigned function","GRM.RemoveDateFromNote"
"GRM_Core.lua","C:\Program Files (x86)\World of Warcraft\_retail_\Interface\AddOns\Guild_Roster_Manager\GRM_Core.lua","19605","assigned function","GRM.ClearJoinTag"
"GRM_Core.lua","C:\Program Files (x86)\World of Warcraft\_retail_\Interface\AddOns\Guild_Roster_Manager\GRM_Core.lua","19625","assigned function","GRM.ParseDateFormat"
"GRM_Core.lua","C:\Program Files (x86)\World of Warcraft\_retail_\Interface\AddOns\Guild_Roster_Manager\GRM_Core.lua","19748","assigned function","GRM.CleanupNoteDate"
"GRM_Core.lua","C:\Program Files (x86)\World of Warcraft\_retail_\Interface\AddOns\Guild_Roster_Manager\GRM_Core.lua","19770","assigned function","GRM.GetNoteDateDetails"
"GRM_Core.lua","C:\Program Files (x86)\World of Warcraft\_retail_\Interface\AddOns\Guild_Roster_Manager\GRM_Core.lua","19850","assigned function","GRM.IsDateInOtherNotes"
"GRM_Core.lua","C:\Program Files (x86)\World of Warcraft\_retail_\Interface\AddOns\Guild_Roster_Manager\GRM_Core.lua","19883","assigned function","GRM.IsValidYear"
"GRM_Core.lua","C:\Program Files (x86)\World of Warcraft\_retail_\Interface\AddOns\Guild_Roster_Manager\GRM_Core.lua","19900","assigned function","GRM.IsValidMonth"
"GRM_Core.lua","C:\Program Files (x86)\World of Warcraft\_retail_\Interface\AddOns\Guild_Roster_Manager\GRM_Core.lua","19911","assigned function","GRM.IsValidDay"
"GRM_Core.lua","C:\Program Files (x86)\World of Warcraft\_retail_\Interface\AddOns\Guild_Roster_Manager\GRM_Core.lua","19925","assigned function","GRM.GetParsedNoteDateNumbers"
"GRM_Core.lua","C:\Program Files (x86)\World of Warcraft\_retail_\Interface\AddOns\Guild_Roster_Manager\GRM_Core.lua","19974","assigned function","GRM.DatesDoMatch"
"GRM_Core.lua","C:\Program Files (x86)\World of Warcraft\_retail_\Interface\AddOns\Guild_Roster_Manager\GRM_Core.lua","19995","assigned function","GRM.AuditRefresh"
"GRM_Core.lua","C:\Program Files (x86)\World of Warcraft\_retail_\Interface\AddOns\Guild_Roster_Manager\GRM_Core.lua","20006","assigned function","GRM.IsAnyHighlighted"
"GRM_Core.lua","C:\Program Files (x86)\World of Warcraft\_retail_\Interface\AddOns\Guild_Roster_Manager\GRM_Core.lua","20022","assigned function","GRM.GetNoteName"
"GRM_Core.lua","C:\Program Files (x86)\World of Warcraft\_retail_\Interface\AddOns\Guild_Roster_Manager\GRM_Core.lua","20037","assigned function","GRM.GetCountNeedingAttention"
"GRM_Core.lua","C:\Program Files (x86)\World of Warcraft\_retail_\Interface\AddOns\Guild_Roster_Manager\GRM_Core.lua","20054","assigned function","GRM.GetCountThatAreInMultipleLocations"
"GRM_Core.lua","C:\Program Files (x86)\World of Warcraft\_retail_\Interface\AddOns\Guild_Roster_Manager\GRM_Core.lua","20070","assigned function","GRM.GetCountIncorrectLocationNotCorrectNotImported"
"GRM_Core.lua","C:\Program Files (x86)\World of Warcraft\_retail_\Interface\AddOns\Guild_Roster_Manager\GRM_Core.lua","20085","assigned function","GRM.RefreshJDAuditToolsTextFrames"
"GRM_Core.lua","C:\Program Files (x86)\World of Warcraft\_retail_\Interface\AddOns\Guild_Roster_Manager\GRM_Core.lua","20134","assigned function","GRM.RefreshJDAuditToolFrames"
"GRM_Core.lua","C:\Program Files (x86)\World of Warcraft\_retail_\Interface\AddOns\Guild_Roster_Manager\GRM_Core.lua","20217","assigned function","GRM.BuildJDToolHybridButtons"
"GRM_Core.lua","C:\Program Files (x86)\World of Warcraft\_retail_\Interface\AddOns\Guild_Roster_Manager\GRM_Core.lua","20381","assigned function","GRM.UpdateJDAuditTooltip"
"GRM_Core.lua","C:\Program Files (x86)\World of Warcraft\_retail_\Interface\AddOns\Guild_Roster_Manager\GRM_Core.lua","20396","assigned function","GRM.JDAuditToolHybridShiftDown"
"GRM_Core.lua","C:\Program Files (x86)\World of Warcraft\_retail_\Interface\AddOns\Guild_Roster_Manager\GRM_Core.lua","20436","assigned function","GRM.JDAuditToolHybridShiftUp"
"GRM_Core.lua","C:\Program Files (x86)\World of Warcraft\_retail_\Interface\AddOns\Guild_Roster_Manager\GRM_Core.lua","20477","assigned function","GRM.SetJDAuditValues"
"GRM_Core.lua","C:\Program Files (x86)\World of Warcraft\_retail_\Interface\AddOns\Guild_Roster_Manager\GRM_Core.lua","20567","assigned function","GRM.JDAuditSetLastValue"
"GRM_Core.lua","C:\Program Files (x86)\World of Warcraft\_retail_\Interface\AddOns\Guild_Roster_Manager\GRM_Core.lua","20575","assigned function","GRM.JDAuditSetFirstValue"
"GRM_Core.lua","C:\Program Files (x86)\World of Warcraft\_retail_\Interface\AddOns\Guild_Roster_Manager\GRM_Core.lua","20583","assigned function","GRM.ConvertGRMDateFromNote"
"GRM_Core.lua","C:\Program Files (x86)\World of Warcraft\_retail_\Interface\AddOns\Guild_Roster_Manager\GRM_Core.lua","20591","assigned function","GRM.ConvertNoteFromGRM"
"GRM_Core.lua","C:\Program Files (x86)\World of Warcraft\_retail_\Interface\AddOns\Guild_Roster_Manager\GRM_Core.lua","20598","assigned function","GRM.EditJoinDateManually"
"GRM_Core.lua","C:\Program Files (x86)\World of Warcraft\_retail_\Interface\AddOns\Guild_Roster_Manager\GRM_Core.lua","20635","assigned function","GRM.EditSavedNoteDateManually"
"GRM_Core.lua","C:\Program Files (x86)\World of Warcraft\_retail_\Interface\AddOns\Guild_Roster_Manager\GRM_Core.lua","20791","assigned function","GRM.AddDateTagToDefaultNote"
"GRM_Core.lua","C:\Program Files (x86)\World of Warcraft\_retail_\Interface\AddOns\Guild_Roster_Manager\GRM_Core.lua","20916","assigned function","GRM.AddTimeStampToNote"
"GRM_Core.lua","C:\Program Files (x86)\World of Warcraft\_retail_\Interface\AddOns\Guild_Roster_Manager\GRM_Core.lua","20987","assigned function","GRM.RemoveDatesFromNonDefaultNotes"
"GRM_Core.lua","C:\Program Files (x86)\World of Warcraft\_retail_\Interface\AddOns\Guild_Roster_Manager\GRM_Core.lua","21054","assigned function","GRM.FixMismatchedGRMdatesUsingNote"
"GRM_Core.lua","C:\Program Files (x86)\World of Warcraft\_retail_\Interface\AddOns\Guild_Roster_Manager\GRM_Core.lua","21072","assigned function","GRM.FixMismatchedNotesUsingGRM"
"GRM_Core.lua","C:\Program Files (x86)\World of Warcraft\_retail_\Interface\AddOns\Guild_Roster_Manager\GRM_Core.lua","21088","assigned function","GRM.ImportDatesFromNoteToGRM"
"GRM_Core.lua","C:\Program Files (x86)\World of Warcraft\_retail_\Interface\AddOns\Guild_Roster_Manager\GRM_Core.lua","21104","assigned function","GRM.GetNumAuditToolSelected"
"GRM_Core.lua","C:\Program Files (x86)\World of Warcraft\_retail_\Interface\AddOns\Guild_Roster_Manager\GRM_Core.lua","21121","assigned function","GRM.AddJoinDatesToDefaultNotes"
"GRM_Core.lua","C:\Program Files (x86)\World of Warcraft\_retail_\Interface\AddOns\Guild_Roster_Manager\GRM_Core.lua","21141","assigned function","GRM.CleanUpNonDefaultNotes"
"GRM_Core.lua","C:\Program Files (x86)\World of Warcraft\_retail_\Interface\AddOns\Guild_Roster_Manager\GRM_Core.lua","21158","assigned function","GRM.MismatchConfirmConfig"
"GRM_Core.lua","C:\Program Files (x86)\World of Warcraft\_retail_\Interface\AddOns\Guild_Roster_Manager\GRM_Core.lua","21170","assigned function","GRM.MismatchConfirmConfig2"
"GRM_Core.lua","C:\Program Files (x86)\World of Warcraft\_retail_\Interface\AddOns\Guild_Roster_Manager\GRM_Core.lua","21182","assigned function","GRM.MismatchConfirmConfig3"
"GRM_Core.lua","C:\Program Files (x86)\World of Warcraft\_retail_\Interface\AddOns\Guild_Roster_Manager\GRM_Core.lua","21194","assigned function","GRM.MismatchConfirmConfig4"
"GRM_Core.lua","C:\Program Files (x86)\World of Warcraft\_retail_\Interface\AddOns\Guild_Roster_Manager\GRM_Core.lua","21206","assigned function","GRM.MismatchConfirmConfig5"
"GRM_Core.lua","C:\Program Files (x86)\World of Warcraft\_retail_\Interface\AddOns\Guild_Roster_Manager\GRM_Core.lua","21218","assigned function","GRM.GetNumMismatchedButton4"
"GRM_Core.lua","C:\Program Files (x86)\World of Warcraft\_retail_\Interface\AddOns\Guild_Roster_Manager\GRM_Core.lua","21237","assigned function","GRM.GetNumMismatchedButton3"
"GRM_Core.lua","C:\Program Files (x86)\World of Warcraft\_retail_\Interface\AddOns\Guild_Roster_Manager\GRM_Core.lua","21256","assigned function","GRM.GetNumMismatchedButton2"
"GRM_Core.lua","C:\Program Files (x86)\World of Warcraft\_retail_\Interface\AddOns\Guild_Roster_Manager\GRM_Core.lua","21274","assigned function","GRM.GetNumMismatchedButton1"
"GRM_Core.lua","C:\Program Files (x86)\World of Warcraft\_retail_\Interface\AddOns\Guild_Roster_Manager\GRM_Core.lua","21292","assigned function","GRM.GetNumMismatchedButton7"
"GRM_Core.lua","C:\Program Files (x86)\World of Warcraft\_retail_\Interface\AddOns\Guild_Roster_Manager\GRM_Core.lua","21316","assigned function","GRM.SetHybridScrollFrameSliderParameters"
"GRM_Core.lua","C:\Program Files (x86)\World of Warcraft\_retail_\Interface\AddOns\Guild_Roster_Manager\GRM_Core.lua","21411","assigned function","GRM.HybridScrollOnValueChangedConfig"
"GRM_Core.lua","C:\Program Files (x86)\World of Warcraft\_retail_\Interface\AddOns\Guild_Roster_Manager\GRM_Core.lua","21457","assigned function","GRM.HybridControl"
"GRM_Core.lua","C:\Program Files (x86)\World of Warcraft\_retail_\Interface\AddOns\Guild_Roster_Manager\GRM_Core.lua","21475","assigned function","GRM.SearchPlayerInLog"
"GRM_Core.lua","C:\Program Files (x86)\World of Warcraft\_retail_\Interface\AddOns\Guild_Roster_Manager\GRM_Core.lua","21485","assigned function","GRM.OpenPlayerWindow"
"GRM_Core.lua","C:\Program Files (x86)\World of Warcraft\_retail_\Interface\AddOns\Guild_Roster_Manager\GRM_Core.lua","21523","assigned function","GRM.GetRosterSelectionID"
"GRM_Core.lua","C:\Program Files (x86)\World of Warcraft\_retail_\Interface\AddOns\Guild_Roster_Manager\GRM_Core.lua","21592","assigned function","GRM.GlobalSettingsLoopCheck"
"GRM_Core.lua","C:\Program Files (x86)\World of Warcraft\_retail_\Interface\AddOns\Guild_Roster_Manager\GRM_Core.lua","21622","assigned function","GRM.TriggerPlayerNote"
"GRM_Core.lua","C:\Program Files (x86)\World of Warcraft\_retail_\Interface\AddOns\Guild_Roster_Manager\GRM_Core.lua","21701","assigned function","GRM.UpdateNoteFromChat"
"GRM_Core.lua","C:\Program Files (x86)\World of Warcraft\_retail_\Interface\AddOns\Guild_Roster_Manager\GRM_Core.lua","21737","assigned function","GRM.IsPlayerAnAddonUser"
"GRM_Core.lua","C:\Program Files (x86)\World of Warcraft\_retail_\Interface\AddOns\Guild_Roster_Manager\GRM_Core.lua","21752","assigned function","GRM.SpecialAddonAltTagCleanup"
"GRM_Core.lua","C:\Program Files (x86)\World of Warcraft\_retail_\Interface\AddOns\Guild_Roster_Manager\GRM_Core.lua","21783","assigned function","GRM.SetConfirmationWindow"
"GRM_Core.lua","C:\Program Files (x86)\World of Warcraft\_retail_\Interface\AddOns\Guild_Roster_Manager\GRM_Core.lua","21838","assigned function","GRM.GetTransitionFrameToFade"
"GRM_Core.lua","C:\Program Files (x86)\World of Warcraft\_retail_\Interface\AddOns\Guild_Roster_Manager\GRM_Core.lua","21859","assigned function","GRM.FrameTransition"
"GRM_Core.lua","C:\Program Files (x86)\World of Warcraft\_retail_\Interface\AddOns\Guild_Roster_Manager\GRM_Core.lua","21917","assigned function","GRM.OptionTabFrameControl"
"GRM_Core.lua","C:\Program Files (x86)\World of Warcraft\_retail_\Interface\AddOns\Guild_Roster_Manager\GRM_Core.lua","21966","assigned function","GRM.DisableTabButtons"
"GRM_Core.lua","C:\Program Files (x86)\World of Warcraft\_retail_\Interface\AddOns\Guild_Roster_Manager\GRM_Core.lua","21998","assigned function","GRM.DisableSubTabButtons"
"GRM_Core.lua","C:\Program Files (x86)\World of Warcraft\_retail_\Interface\AddOns\Guild_Roster_Manager\GRM_Core.lua","22043","assigned function","GRM.GR_Roster_Click"
"GRM_Core.lua","C:\Program Files (x86)\World of Warcraft\_retail_\Interface\AddOns\Guild_Roster_Manager\GRM_Core.lua","22094","assigned function","GRM.TriggerTrackingCheck"
"GRM_Core.lua","C:\Program Files (x86)\World of Warcraft\_retail_\Interface\AddOns\Guild_Roster_Manager\GRM_Core.lua","22116","assigned function","GRM.TrackingIntegrityCheck"
"GRM_Core.lua","C:\Program Files (x86)\World of Warcraft\_retail_\Interface\AddOns\Guild_Roster_Manager\GRM_Core.lua","22149","assigned function","GRM.IsCalendarEventEditOpen"
"GRM_Core.lua","C:\Program Files (x86)\World of Warcraft\_retail_\Interface\AddOns\Guild_Roster_Manager\GRM_Core.lua","22165","assigned function","GRM.UpdateMacroToolSafeListExpirations"
"GRM_Core.lua","C:\Program Files (x86)\World of Warcraft\_retail_\Interface\AddOns\Guild_Roster_Manager\GRM_Core.lua","22192","assigned function","GRM.ValidateIgnoreExpireDates"
"GRM_Core.lua","C:\Program Files (x86)\World of Warcraft\_retail_\Interface\AddOns\Guild_Roster_Manager\GRM_Core.lua","22238","assigned function","GRM.SlashCommandScan"
"GRM_Core.lua","C:\Program Files (x86)\World of Warcraft\_retail_\Interface\AddOns\Guild_Roster_Manager\GRM_Core.lua","22250","assigned function","GRM.SlashCommandSync"
"GRM_Core.lua","C:\Program Files (x86)\World of Warcraft\_retail_\Interface\AddOns\Guild_Roster_Manager\GRM_Core.lua","22395","assigned function","GRM.SlashCommandCenter"
"GRM_Core.lua","C:\Program Files (x86)\World of Warcraft\_retail_\Interface\AddOns\Guild_Roster_Manager\GRM_Core.lua","22438","assigned function","GRM.SlashCommandHelp"
"GRM_Core.lua","C:\Program Files (x86)\World of Warcraft\_retail_\Interface\AddOns\Guild_Roster_Manager\GRM_Core.lua","22475","assigned function","GRM.SlashCommandClearAll"
"GRM_Core.lua","C:\Program Files (x86)\World of Warcraft\_retail_\Interface\AddOns\Guild_Roster_Manager\GRM_Core.lua","22493","assigned function","GRM.SlashCommandClearGuild"
"GRM_Core.lua","C:\Program Files (x86)\World of Warcraft\_retail_\Interface\AddOns\Guild_Roster_Manager\GRM_Core.lua","22521","assigned function","GRM.HardReset"
"GRM_Core.lua","C:\Program Files (x86)\World of Warcraft\_retail_\Interface\AddOns\Guild_Roster_Manager\GRM_Core.lua","22535","assigned function","GRM.SlashCommandVersion"
"GRM_Core.lua","C:\Program Files (x86)\World of Warcraft\_retail_\Interface\AddOns\Guild_Roster_Manager\GRM_Core.lua","22542","assigned function","GRM.SlashCommandMinimapReset"
"GRM_Core.lua","C:\Program Files (x86)\World of Warcraft\_retail_\Interface\AddOns\Guild_Roster_Manager\GRM_Core.lua","22549","assigned function","GRM.SlashCommandKick"
"GRM_Core.lua","C:\Program Files (x86)\World of Warcraft\_retail_\Interface\AddOns\Guild_Roster_Manager\GRM_Core.lua","22564","assigned function","GRM.SlashCommandBan"
"GRM_Core.lua","C:\Program Files (x86)\World of Warcraft\_retail_\Interface\AddOns\Guild_Roster_Manager\GRM_Core.lua","22574","assigned function","GRM.SlashCommandAudit"
"GRM_Core.lua","C:\Program Files (x86)\World of Warcraft\_retail_\Interface\AddOns\Guild_Roster_Manager\GRM_Core.lua","22584","assigned function","GRM.SlashCommandLog"
"GRM_Core.lua","C:\Program Files (x86)\World of Warcraft\_retail_\Interface\AddOns\Guild_Roster_Manager\GRM_Core.lua","22594","assigned function","GRM.SlashCommandUsers"
"GRM_Core.lua","C:\Program Files (x86)\World of Warcraft\_retail_\Interface\AddOns\Guild_Roster_Manager\GRM_Core.lua","22604","assigned function","GRM.SlashCommandEvents"
"GRM_Core.lua","C:\Program Files (x86)\World of Warcraft\_retail_\Interface\AddOns\Guild_Roster_Manager\GRM_Core.lua","22614","assigned function","GRM.SlashCommandOptions"
"GRM_Core.lua","C:\Program Files (x86)\World of Warcraft\_retail_\Interface\AddOns\Guild_Roster_Manager\GRM_Core.lua","22625","assigned function","GRM.SlashCommandExport"
"GRM_Core.lua","C:\Program Files (x86)\World of Warcraft\_retail_\Interface\AddOns\Guild_Roster_Manager\GRM_Core.lua","22652","assigned function","GRM.SlashCommandModulesOptions"
"GRM_Core.lua","C:\Program Files (x86)\World of Warcraft\_retail_\Interface\AddOns\Guild_Roster_Manager\GRM_Core.lua","22660","assigned function","GRM.SlashCommandGUID"
"GRM_Core.lua","C:\Program Files (x86)\World of Warcraft\_retail_\Interface\AddOns\Guild_Roster_Manager\GRM_Core.lua","22670","assigned function","GRM.SlashCommandProf"
"GRM_Core.lua","C:\Program Files (x86)\World of Warcraft\_retail_\Interface\AddOns\Guild_Roster_Manager\GRM_Core.lua","22682","assigned function","GRM.SlashCommandSearch"
"GRM_Core.lua","C:\Program Files (x86)\World of Warcraft\_retail_\Interface\AddOns\Guild_Roster_Manager\GRM_Core.lua","22720","assigned function","GRM.SlashCommandAltLimitAudit"
"GRM_Core.lua","C:\Program Files (x86)\World of Warcraft\_retail_\Interface\AddOns\Guild_Roster_Manager\GRM_Core.lua","22732","assigned function","GRM.InitiateConfirmFrame"
"GRM_Core.lua","C:\Program Files (x86)\World of Warcraft\_retail_\Interface\AddOns\Guild_Roster_Manager\GRM_Core.lua","22821","assigned function","GRM.OpenCoreWindow"
"GRM_Core.lua","C:\Program Files (x86)\World of Warcraft\_retail_\Interface\AddOns\Guild_Roster_Manager\GRM_Core.lua","22841","assigned function","GRM.SlashCommandRosterActions"
"GRM_Core.lua","C:\Program Files (x86)\World of Warcraft\_retail_\Interface\AddOns\Guild_Roster_Manager\GRM_Core.lua","22842","assigned function","SlashCmdList[slashCommand]"
"GRM_Core.lua","C:\Program Files (x86)\World of Warcraft\_retail_\Interface\AddOns\Guild_Roster_Manager\GRM_Core.lua","22861","assigned function","GRM.SlashCommandActions"
"GRM_Core.lua","C:\Program Files (x86)\World of Warcraft\_retail_\Interface\AddOns\Guild_Roster_Manager\GRM_Core.lua","22862","assigned function","SlashCmdList[slashCommand]"
"GRM_Core.lua","C:\Program Files (x86)\World of Warcraft\_retail_\Interface\AddOns\Guild_Roster_Manager\GRM_Core.lua","23002","assigned function","GRM.InitiateMemberDetailFrame"
"GRM_Core.lua","C:\Program Files (x86)\World of Warcraft\_retail_\Interface\AddOns\Guild_Roster_Manager\GRM_Core.lua","23021","assigned function","GRM.AllRemainingNonDelayFrameInitialization"
"GRM_Core.lua","C:\Program Files (x86)\World of Warcraft\_retail_\Interface\AddOns\Guild_Roster_Manager\GRM_Core.lua","23028","assigned function","GRM.ConfigureGuild"
"GRM_Core.lua","C:\Program Files (x86)\World of Warcraft\_retail_\Interface\AddOns\Guild_Roster_Manager\GRM_Core.lua","23082","assigned function","GRM.FixBackups"
"GRM_Core.lua","C:\Program Files (x86)\World of Warcraft\_retail_\Interface\AddOns\Guild_Roster_Manager\GRM_Core.lua","23101","assigned function","GRM.ConfigureAnnounceOnLogin"
"GRM_Core.lua","C:\Program Files (x86)\World of Warcraft\_retail_\Interface\AddOns\Guild_Roster_Manager\GRM_Core.lua","23124","assigned function","GRM.InitializePreCheck"
"GRM_Core.lua","C:\Program Files (x86)\World of Warcraft\_retail_\Interface\AddOns\Guild_Roster_Manager\GRM_Core.lua","23145","assigned function","GRM.AutoImportDate"
"GRM_Core.lua","C:\Program Files (x86)\World of Warcraft\_retail_\Interface\AddOns\Guild_Roster_Manager\GRM_Core.lua","23163","assigned function","GRM.TrackingConfiguration"
"GRM_Core.lua","C:\Program Files (x86)\World of Warcraft\_retail_\Interface\AddOns\Guild_Roster_Manager\GRM_Core.lua","23324","assigned function","GRM.SecretValueLoadDelayHandler"
"GRM_Core.lua","C:\Program Files (x86)\World of Warcraft\_retail_\Interface\AddOns\Guild_Roster_Manager\GRM_Core.lua","23356","assigned function","GRM.DelayForGuildInfoCallback"
"GRM_Core.lua","C:\Program Files (x86)\World of Warcraft\_retail_\Interface\AddOns\Guild_Roster_Manager\GRM_Core.lua","23406","assigned function","GRM.MessageHookControl"
"GRM_Core.lua","C:\Program Files (x86)\World of Warcraft\_retail_\Interface\AddOns\Guild_Roster_Manager\GRM_Core.lua","23421","assigned function","GRM.SystemMessageHookControl"
"GRM_Core.lua","C:\Program Files (x86)\World of Warcraft\_retail_\Interface\AddOns\Guild_Roster_Manager\GRM_Core.lua","23431","assigned function","GRM.LoadAddon"
"GRM_Core.lua","C:\Program Files (x86)\World of Warcraft\_retail_\Interface\AddOns\Guild_Roster_Manager\GRM_Core.lua","23509","assigned function","GRM.LoadRecursiveErrorCheck"
"GRM_Core.lua","C:\Program Files (x86)\World of Warcraft\_retail_\Interface\AddOns\Guild_Roster_Manager\GRM_Core.lua","23524","assigned function","GRM.finalLoadSteps"
"GRM_Core.lua","C:\Program Files (x86)\World of Warcraft\_retail_\Interface\AddOns\Guild_Roster_Manager\GRM_Core.lua","23549","assigned function","GRM.ReactivateAddon"
"GRM_Core.lua","C:\Program Files (x86)\World of Warcraft\_retail_\Interface\AddOns\Guild_Roster_Manager\GRM_Core.lua","23591","assigned function","GRM.ManageGuildStatus"
"GRM_Core.lua","C:\Program Files (x86)\World of Warcraft\_retail_\Interface\AddOns\Guild_Roster_Manager\GRM_Core.lua","23650","assigned function","GRM.DataLoadDelayProtection"
"GRM_Core.lua","C:\Program Files (x86)\World of Warcraft\_retail_\Interface\AddOns\Guild_Roster_Manager\GRM_Core.lua","23679","assigned function","GRM.SettingsLoadedFinishDataLoad"
"GRM_Core.lua","C:\Program Files (x86)\World of Warcraft\_retail_\Interface\AddOns\Guild_Roster_Manager\GRM_Core.lua","23732","assigned function","GRM.GetNumModules"
"GRM_Core.lua","C:\Program Files (x86)\World of Warcraft\_retail_\Interface\AddOns\Guild_Roster_Manager\GRM_Core.lua","23744","assigned function","GRM.OnAchievementEarned"
"GRM_Core.lua","C:\Program Files (x86)\World of Warcraft\_retail_\Interface\AddOns\Guild_Roster_Manager\GRM_Core.lua","23757","assigned function","GRM.AnnounceAchievement"
"GRM_Debug.lua","C:\Program Files (x86)\World of Warcraft\_retail_\Interface\AddOns\Guild_Roster_Manager\GRM_Debug.lua","11","assigned function","Debug.DebugConfig"
"GRM_Debug.lua","C:\Program Files (x86)\World of Warcraft\_retail_\Interface\AddOns\Guild_Roster_Manager\GRM_Debug.lua","38","assigned function","Debug.DebugLog"
"GRM_Debug.lua","C:\Program Files (x86)\World of Warcraft\_retail_\Interface\AddOns\Guild_Roster_Manager\GRM_Debug.lua","56","assigned function","Debug.AddDebugMessage"
"GRM_Debug.lua","C:\Program Files (x86)\World of Warcraft\_retail_\Interface\AddOns\Guild_Roster_Manager\GRM_Debug.lua","76","assigned function","Debug.DebugMessages"
"GRM_EE.lua","C:\Program Files (x86)\World of Warcraft\_retail_\Interface\AddOns\Guild_Roster_Manager\GRM_EE.lua","16","assigned function","GRM.IsGuildEE"
"GRM_EE.lua","C:\Program Files (x86)\World of Warcraft\_retail_\Interface\AddOns\Guild_Roster_Manager\GRM_EE.lua","24","assigned function","GRM.IsPlayerEE"
"GRM_Export.lua","C:\Program Files (x86)\World of Warcraft\_retail_\Interface\AddOns\Guild_Roster_Manager\GRM_Export.lua","13","assigned function","Export.ExportMemberDetailsHeaders"
"GRM_Export.lua","C:\Program Files (x86)\World of Warcraft\_retail_\Interface\AddOns\Guild_Roster_Manager\GRM_Export.lua","69","assigned function","Export.BuildExportMemberDetails"
"GRM_Export.lua","C:\Program Files (x86)\World of Warcraft\_retail_\Interface\AddOns\Guild_Roster_Manager\GRM_Export.lua","447","assigned function","Export.DelimiterFix"
"GRM_Export.lua","C:\Program Files (x86)\World of Warcraft\_retail_\Interface\AddOns\Guild_Roster_Manager\GRM_Export.lua","462","assigned function","Export.BuildExportAnyText"
"GRM_Export.lua","C:\Program Files (x86)\World of Warcraft\_retail_\Interface\AddOns\Guild_Roster_Manager\GRM_Export.lua","487","assigned function","Export.BuildExportLogFrame"
"GRM_Export.lua","C:\Program Files (x86)\World of Warcraft\_retail_\Interface\AddOns\Guild_Roster_Manager\GRM_Export.lua","619","assigned function","Export.BuildExportDelimiterDropdownMenu"
"GRM_Export.lua","C:\Program Files (x86)\World of Warcraft\_retail_\Interface\AddOns\Guild_Roster_Manager\GRM_Export.lua","686","assigned function","Export.ExportScrollSliderConfigure"
"GRM_Export.lua","C:\Program Files (x86)\World of Warcraft\_retail_\Interface\AddOns\Guild_Roster_Manager\GRM_Export.lua","723","assigned function","Export.ResetExportLogSettingsOnChange"
"GRM_Export.lua","C:\Program Files (x86)\World of Warcraft\_retail_\Interface\AddOns\Guild_Roster_Manager\GRM_Export.lua","762","assigned function","Export.SetExportTabHighlights"
"GRM_Export.lua","C:\Program Files (x86)\World of Warcraft\_retail_\Interface\AddOns\Guild_Roster_Manager\GRM_Export.lua","821","assigned function","Export.SetExportFilters"
"GRM_Export.lua","C:\Program Files (x86)\World of Warcraft\_retail_\Interface\AddOns\Guild_Roster_Manager\GRM_Export.lua","950","assigned function","Export.CheckButtonsAllChecked"
"GRM_Export.lua","C:\Program Files (x86)\World of Warcraft\_retail_\Interface\AddOns\Guild_Roster_Manager\GRM_Export.lua","972","assigned function","Export.ProcessExportLevelRange"
"GRM_Export.lua","C:\Program Files (x86)\World of Warcraft\_retail_\Interface\AddOns\Guild_Roster_Manager\GRM_Export.lua","1073","assigned function","Export.ResetExportLevelRange"
"GRM_Export.lua","C:\Program Files (x86)\World of Warcraft\_retail_\Interface\AddOns\Guild_Roster_Manager\GRM_Export.lua","1089","assigned function","Export.LoadExportMembertab"
"GRM_Export.lua","C:\Program Files (x86)\World of Warcraft\_retail_\Interface\AddOns\Guild_Roster_Manager\GRM_Export.lua","1144","assigned function","Export.LoadExportFormerMembertab"
"GRM_Export.lua","C:\Program Files (x86)\World of Warcraft\_retail_\Interface\AddOns\Guild_Roster_Manager\GRM_Export.lua","1196","assigned function","Export.LoadExportDeathsTab"
"GRM_Export.lua","C:\Program Files (x86)\World of Warcraft\_retail_\Interface\AddOns\Guild_Roster_Manager\GRM_Export.lua","1252","assigned function","Export.GetHardcoreDeaths"
"GRM_Export.lua","C:\Program Files (x86)\World of Warcraft\_retail_\Interface\AddOns\Guild_Roster_Manager\GRM_Export.lua","1279","assigned function","Export.BuildExportDeaths"
"GRM_Export.lua","C:\Program Files (x86)\World of Warcraft\_retail_\Interface\AddOns\Guild_Roster_Manager\GRM_Export.lua","1357","assigned function","Export.ExportButtonLogic"
"GRM_Export.lua","C:\Program Files (x86)\World of Warcraft\_retail_\Interface\AddOns\Guild_Roster_Manager\GRM_Export.lua","1374","assigned function","Export.CountTotalMembersThatMatch"
"GRM_Export.lua","C:\Program Files (x86)\World of Warcraft\_retail_\Interface\AddOns\Guild_Roster_Manager\GRM_Export.lua","1448","assigned function","Export.ExportRangeEditBox1"
"GRM_Export.lua","C:\Program Files (x86)\World of Warcraft\_retail_\Interface\AddOns\Guild_Roster_Manager\GRM_Export.lua","1490","assigned function","Export.ExportRangeEditBox2"
"GRM_Export.lua","C:\Program Files (x86)\World of Warcraft\_retail_\Interface\AddOns\Guild_Roster_Manager\GRM_Export.lua","1540","assigned function","Export.SetExportButtonText"
"GRM_Export.lua","C:\Program Files (x86)\World of Warcraft\_retail_\Interface\AddOns\Guild_Roster_Manager\GRM_Export.lua","1596","assigned function","Export.LoadExportUI"
"GRM_Export.lua","C:\Program Files (x86)\World of Warcraft\_retail_\Interface\AddOns\Guild_Roster_Manager\GRM_Export.lua","2118","assigned function","GRM_UI.ExportFilterRealm"
"GRM_Export.lua","C:\Program Files (x86)\World of Warcraft\_retail_\Interface\AddOns\Guild_Roster_Manager\GRM_Export.lua","2389","assigned function","Export.ConfigureTotalMembers"
"GRM_Export.lua","C:\Program Files (x86)\World of Warcraft\_retail_\Interface\AddOns\Guild_Roster_Manager\GRM_Export.lua","2461","assigned function","GRM_UI.HardcoreExportSave"
"GRM_Export.lua","C:\Program Files (x86)\World of Warcraft\_retail_\Interface\AddOns\Guild_Roster_Manager\GRM_Export.lua","2482","assigned function","Export.ExportHardcoreOptions"
"GRM_Export.lua","C:\Program Files (x86)\World of Warcraft\_retail_\Interface\AddOns\Guild_Roster_Manager\GRM_Export.lua","2851","assigned function","Export.BuildExportStrings"
"GRM_G_Util.lua","C:\Program Files (x86)\World of Warcraft\_retail_\Interface\AddOns\Guild_Roster_Manager\GRM_G_Util.lua","9","assigned function","G_Util.GetNumGuildies"
"GRM_G_Util.lua","C:\Program Files (x86)\World of Warcraft\_retail_\Interface\AddOns\Guild_Roster_Manager\GRM_G_Util.lua","16","assigned function","G_Util.GetNumGuildiesInGuild"
"GRM_G_Util.lua","C:\Program Files (x86)\World of Warcraft\_retail_\Interface\AddOns\Guild_Roster_Manager\GRM_G_Util.lua","31","assigned function","G_Util.CheckGuildRanks"
"GRM_G_Util.lua","C:\Program Files (x86)\World of Warcraft\_retail_\Interface\AddOns\Guild_Roster_Manager\GRM_G_Util.lua","91","assigned function","G_Util.GetListOfGuildRanks"
"GRM_G_Util.lua","C:\Program Files (x86)\World of Warcraft\_retail_\Interface\AddOns\Guild_Roster_Manager\GRM_G_Util.lua","151","assigned function","G_Util.ParseGuildRanks"
"GRM_G_Util.lua","C:\Program Files (x86)\World of Warcraft\_retail_\Interface\AddOns\Guild_Roster_Manager\GRM_G_Util.lua","163","assigned function","G_Util.GetGuildMemberRankID"
"GRM_G_Util.lua","C:\Program Files (x86)\World of Warcraft\_retail_\Interface\AddOns\Guild_Roster_Manager\GRM_G_Util.lua","175","assigned function","G_Util.GetNumGuildiesOnline"
"GRM_G_Util.lua","C:\Program Files (x86)\World of Warcraft\_retail_\Interface\AddOns\Guild_Roster_Manager\GRM_G_Util.lua","182","assigned function","G_Util.GetListOfOnlinePlayers"
"GRM_G_Util.lua","C:\Program Files (x86)\World of Warcraft\_retail_\Interface\AddOns\Guild_Roster_Manager\GRM_G_Util.lua","198","assigned function","G_Util.IsGuildieOnline"
"GRM_G_Util.lua","C:\Program Files (x86)\World of Warcraft\_retail_\Interface\AddOns\Guild_Roster_Manager\GRM_G_Util.lua","211","assigned function","G_Util.GetSortedPlayerNames"
"GRM_GuildSync.lua","C:\Program Files (x86)\World of Warcraft\_retail_\Interface\AddOns\Guild_Roster_Manager\GRM_GuildSync.lua","272","assigned function","GRMsync.MessageThrottleUpdate"
"GRM_GuildSync.lua","C:\Program Files (x86)\World of Warcraft\_retail_\Interface\AddOns\Guild_Roster_Manager\GRM_GuildSync.lua","310","assigned function","GRMsync.ResetDefaultValuesOnSyncReEnable"
"GRM_GuildSync.lua","C:\Program Files (x86)\World of Warcraft\_retail_\Interface\AddOns\Guild_Roster_Manager\GRM_GuildSync.lua","331","assigned function","GRMsync.ResetReportTables"
"GRM_GuildSync.lua","C:\Program Files (x86)\World of Warcraft\_retail_\Interface\AddOns\Guild_Roster_Manager\GRM_GuildSync.lua","399","assigned function","GRMsync.ResetTempTables"
"GRM_GuildSync.lua","C:\Program Files (x86)\World of Warcraft\_retail_\Interface\AddOns\Guild_Roster_Manager\GRM_GuildSync.lua","442","assigned function","GRMsync.ResetSyncTracker"
"GRM_GuildSync.lua","C:\Program Files (x86)\World of Warcraft\_retail_\Interface\AddOns\Guild_Roster_Manager\GRM_GuildSync.lua","487","assigned function","GRMsyncGlobals.ProgressControl"
"GRM_GuildSync.lua","C:\Program Files (x86)\World of Warcraft\_retail_\Interface\AddOns\Guild_Roster_Manager\GRM_GuildSync.lua","663","assigned function","GRMsync.InitializeTrackerData"
"GRM_GuildSync.lua","C:\Program Files (x86)\World of Warcraft\_retail_\Interface\AddOns\Guild_Roster_Manager\GRM_GuildSync.lua","675","assigned function","GRMsync.ParseComMsg"
"GRM_GuildSync.lua","C:\Program Files (x86)\World of Warcraft\_retail_\Interface\AddOns\Guild_Roster_Manager\GRM_GuildSync.lua","702","assigned function","GRMsync.SyncTimeEstimation"
"GRM_GuildSync.lua","C:\Program Files (x86)\World of Warcraft\_retail_\Interface\AddOns\Guild_Roster_Manager\GRM_GuildSync.lua","724","assigned function","GRMsync.SyncProgressPoint"
"GRM_GuildSync.lua","C:\Program Files (x86)\World of Warcraft\_retail_\Interface\AddOns\Guild_Roster_Manager\GRM_GuildSync.lua","773","assigned function","GRMsync.LiveTracking"
"GRM_GuildSync.lua","C:\Program Files (x86)\World of Warcraft\_retail_\Interface\AddOns\Guild_Roster_Manager\GRM_GuildSync.lua","803","assigned function","GRMsync.TimeDelayResetTracker"
"GRM_GuildSync.lua","C:\Program Files (x86)\World of Warcraft\_retail_\Interface\AddOns\Guild_Roster_Manager\GRM_GuildSync.lua","822","assigned function","GRMsync.ProgressCompleteReport"
"GRM_GuildSync.lua","C:\Program Files (x86)\World of Warcraft\_retail_\Interface\AddOns\Guild_Roster_Manager\GRM_GuildSync.lua","828","assigned function","GRMsync.SyncTrackerOnShow"
"GRM_GuildSync.lua","C:\Program Files (x86)\World of Warcraft\_retail_\Interface\AddOns\Guild_Roster_Manager\GRM_GuildSync.lua","899","assigned function","GRMsync.LoadSyncUI"
"GRM_GuildSync.lua","C:\Program Files (x86)\World of Warcraft\_retail_\Interface\AddOns\Guild_Roster_Manager\GRM_GuildSync.lua","1001","assigned function","GRMsync.TriggerFullReset"
"GRM_GuildSync.lua","C:\Program Files (x86)\World of Warcraft\_retail_\Interface\AddOns\Guild_Roster_Manager\GRM_GuildSync.lua","1015","assigned function","GRMsync.WaitTilDatabaseLoads"
"GRM_GuildSync.lua","C:\Program Files (x86)\World of Warcraft\_retail_\Interface\AddOns\Guild_Roster_Manager\GRM_GuildSync.lua","1030","assigned function","GRMsync.EndSync"
"GRM_GuildSync.lua","C:\Program Files (x86)\World of Warcraft\_retail_\Interface\AddOns\Guild_Roster_Manager\GRM_GuildSync.lua","1054","assigned function","GRMsync.InquireLeader"
"GRM_GuildSync.lua","C:\Program Files (x86)\World of Warcraft\_retail_\Interface\AddOns\Guild_Roster_Manager\GRM_GuildSync.lua","1067","assigned function","GRMsync.LeaderRespond"
"GRM_GuildSync.lua","C:\Program Files (x86)\World of Warcraft\_retail_\Interface\AddOns\Guild_Roster_Manager\GRM_GuildSync.lua","1098","assigned function","GRMsync.ReviewElectResponses"
"GRM_GuildSync.lua","C:\Program Files (x86)\World of Warcraft\_retail_\Interface\AddOns\Guild_Roster_Manager\GRM_GuildSync.lua","1160","assigned function","GRMsync.RequestElection"
"GRM_GuildSync.lua","C:\Program Files (x86)\World of Warcraft\_retail_\Interface\AddOns\Guild_Roster_Manager\GRM_GuildSync.lua","1172","assigned function","GRMsync.SendElectionInfo"
"GRM_GuildSync.lua","C:\Program Files (x86)\World of Warcraft\_retail_\Interface\AddOns\Guild_Roster_Manager\GRM_GuildSync.lua","1184","assigned function","GRMsync.RegisterTimeStamps"
"GRM_GuildSync.lua","C:\Program Files (x86)\World of Warcraft\_retail_\Interface\AddOns\Guild_Roster_Manager\GRM_GuildSync.lua","1195","assigned function","GRMsync.ElectedLeader"
"GRM_GuildSync.lua","C:\Program Files (x86)\World of Warcraft\_retail_\Interface\AddOns\Guild_Roster_Manager\GRM_GuildSync.lua","1216","assigned function","GRMsync.EstablishLeader"
"GRM_GuildSync.lua","C:\Program Files (x86)\World of Warcraft\_retail_\Interface\AddOns\Guild_Roster_Manager\GRM_GuildSync.lua","1249","assigned function","GRMsync.SetLeader"
"GRM_GuildSync.lua","C:\Program Files (x86)\World of Warcraft\_retail_\Interface\AddOns\Guild_Roster_Manager\GRM_GuildSync.lua","1311","assigned function","GRMsync.TriggerChatThrottleDelay"
"GRM_GuildSync.lua","C:\Program Files (x86)\World of Warcraft\_retail_\Interface\AddOns\Guild_Roster_Manager\GRM_GuildSync.lua","1318","assigned function","GRMsync.HookComms"
"GRM_GuildSync.lua","C:\Program Files (x86)\World of Warcraft\_retail_\Interface\AddOns\Guild_Roster_Manager\GRM_GuildSync.lua","1351","assigned function","GRMsync.SyncTriggerMessage"
"GRM_GuildSync.lua","C:\Program Files (x86)\World of Warcraft\_retail_\Interface\AddOns\Guild_Roster_Manager\GRM_GuildSync.lua","1371","assigned function","GRMsync.SendMessage"
"GRM_GuildSync.lua","C:\Program Files (x86)\World of Warcraft\_retail_\Interface\AddOns\Guild_Roster_Manager\GRM_GuildSync.lua","1397","assigned function","GRMsync.CheckJoinDateChange"
"GRM_GuildSync.lua","C:\Program Files (x86)\World of Warcraft\_retail_\Interface\AddOns\Guild_Roster_Manager\GRM_GuildSync.lua","1477","assigned function","GRMsync.CheckPromotionDateChange"
"GRM_GuildSync.lua","C:\Program Files (x86)\World of Warcraft\_retail_\Interface\AddOns\Guild_Roster_Manager\GRM_GuildSync.lua","1547","assigned function","GRMsync.EventAddedToCalendarCheck"
"GRM_GuildSync.lua","C:\Program Files (x86)\World of Warcraft\_retail_\Interface\AddOns\Guild_Roster_Manager\GRM_GuildSync.lua","1576","assigned function","GRMsync.CheckFinalAltMainAndNotGroupChanges"
"GRM_GuildSync.lua","C:\Program Files (x86)\World of Warcraft\_retail_\Interface\AddOns\Guild_Roster_Manager\GRM_GuildSync.lua","1612","assigned function","GRMsync.CheckFinalAltFullGroupChanges"
"GRM_GuildSync.lua","C:\Program Files (x86)\World of Warcraft\_retail_\Interface\AddOns\Guild_Roster_Manager\GRM_GuildSync.lua","1680","assigned function","GRMsync.CheckAddAltChange"
"GRM_GuildSync.lua","C:\Program Files (x86)\World of Warcraft\_retail_\Interface\AddOns\Guild_Roster_Manager\GRM_GuildSync.lua","1758","assigned function","GRMsync.IsAltGroupSameExceptToonToAdd"
"GRM_GuildSync.lua","C:\Program Files (x86)\World of Warcraft\_retail_\Interface\AddOns\Guild_Roster_Manager\GRM_GuildSync.lua","1790","assigned function","GRMsync.ProcessFullAltGroupChange"
"GRM_GuildSync.lua","C:\Program Files (x86)\World of Warcraft\_retail_\Interface\AddOns\Guild_Roster_Manager\GRM_GuildSync.lua","1839","assigned function","GRMsync.CheckRemoveAltChange"
"GRM_GuildSync.lua","C:\Program Files (x86)\World of Warcraft\_retail_\Interface\AddOns\Guild_Roster_Manager\GRM_GuildSync.lua","1886","assigned function","GRMsync.CheckSetMainChange"
"GRM_GuildSync.lua","C:\Program Files (x86)\World of Warcraft\_retail_\Interface\AddOns\Guild_Roster_Manager\GRM_GuildSync.lua","1910","assigned function","GRMsync.CheckDemoteFromMainChange"
"GRM_GuildSync.lua","C:\Program Files (x86)\World of Warcraft\_retail_\Interface\AddOns\Guild_Roster_Manager\GRM_GuildSync.lua","1928","assigned function","GRMsync.CheckCustomNoteSyncChange"
"GRM_GuildSync.lua","C:\Program Files (x86)\World of Warcraft\_retail_\Interface\AddOns\Guild_Roster_Manager\GRM_GuildSync.lua","2042","assigned function","GRMsync.CheckCustomNoteChange"
"GRM_GuildSync.lua","C:\Program Files (x86)\World of Warcraft\_retail_\Interface\AddOns\Guild_Roster_Manager\GRM_GuildSync.lua","2132","assigned function","GRMsync.CheckBirthdayChange"
"GRM_GuildSync.lua","C:\Program Files (x86)\World of Warcraft\_retail_\Interface\AddOns\Guild_Roster_Manager\GRM_GuildSync.lua","2143","assigned function","GRMsync.CheckBirthdayForSync"
"GRM_GuildSync.lua","C:\Program Files (x86)\World of Warcraft\_retail_\Interface\AddOns\Guild_Roster_Manager\GRM_GuildSync.lua","2180","assigned function","GRMsync.CheckBirthdayRemoveChange"
"GRM_GuildSync.lua","C:\Program Files (x86)\World of Warcraft\_retail_\Interface\AddOns\Guild_Roster_Manager\GRM_GuildSync.lua","2191","assigned function","GRMsync.CheckBanListChange"
"GRM_GuildSync.lua","C:\Program Files (x86)\World of Warcraft\_retail_\Interface\AddOns\Guild_Roster_Manager\GRM_GuildSync.lua","2330","assigned function","GRMsync.CheckUnbanListChangeLive"
"GRM_GuildSync.lua","C:\Program Files (x86)\World of Warcraft\_retail_\Interface\AddOns\Guild_Roster_Manager\GRM_GuildSync.lua","2360","assigned function","GRMsync.BanManagement"
"GRM_GuildSync.lua","C:\Program Files (x86)\World of Warcraft\_retail_\Interface\AddOns\Guild_Roster_Manager\GRM_GuildSync.lua","2589","assigned function","GRMsync.RegisterPrefix"
"GRM_GuildSync.lua","C:\Program Files (x86)\World of Warcraft\_retail_\Interface\AddOns\Guild_Roster_Manager\GRM_GuildSync.lua","2601","assigned function","GRMsync.RegisterPrefixes"
"GRM_GuildSync.lua","C:\Program Files (x86)\World of Warcraft\_retail_\Interface\AddOns\Guild_Roster_Manager\GRM_GuildSync.lua","2610","assigned function","GRMsync.IsPrefixVerified"
"GRM_GuildSync.lua","C:\Program Files (x86)\World of Warcraft\_retail_\Interface\AddOns\Guild_Roster_Manager\GRM_GuildSync.lua","2638","assigned function","GRMsync.IsCompatibleToShareData"
"GRM_GuildSync.lua","C:\Program Files (x86)\World of Warcraft\_retail_\Interface\AddOns\Guild_Roster_Manager\GRM_GuildSync.lua","2677","assigned function","GRMsync.GetCustomPseudoHash"
"GRM_GuildSync.lua","C:\Program Files (x86)\World of Warcraft\_retail_\Interface\AddOns\Guild_Roster_Manager\GRM_GuildSync.lua","2833","assigned function","GRMsync.RefreshPlayerRankIDs"
"GRM_GuildSync.lua","C:\Program Files (x86)\World of Warcraft\_retail_\Interface\AddOns\Guild_Roster_Manager\GRM_GuildSync.lua","2846","assigned function","GRMsync.GetListOfPlayersWithVerifiedJoinDates"
"GRM_GuildSync.lua","C:\Program Files (x86)\World of Warcraft\_retail_\Interface\AddOns\Guild_Roster_Manager\GRM_GuildSync.lua","2865","assigned function","GRMsync.GetListOfPlayersWIthVerifiedPromoteDates"
"GRM_GuildSync.lua","C:\Program Files (x86)\World of Warcraft\_retail_\Interface\AddOns\Guild_Roster_Manager\GRM_GuildSync.lua","2884","assigned function","GRMsync.GetListPlayersWithAltTimeStamp"
"GRM_GuildSync.lua","C:\Program Files (x86)\World of Warcraft\_retail_\Interface\AddOns\Guild_Roster_Manager\GRM_GuildSync.lua","2924","assigned function","GRMsync.GetListOfPlayersWithCustomNotesModified"
"GRM_GuildSync.lua","C:\Program Files (x86)\World of Warcraft\_retail_\Interface\AddOns\Guild_Roster_Manager\GRM_GuildSync.lua","2943","assigned function","GRMsync.GetListOfPlayersWithModifiedBdays"
"GRM_GuildSync.lua","C:\Program Files (x86)\World of Warcraft\_retail_\Interface\AddOns\Guild_Roster_Manager\GRM_GuildSync.lua","2965","assigned function","GRMsync.GetListBannedAndUnbannedPlayers"
"GRM_GuildSync.lua","C:\Program Files (x86)\World of Warcraft\_retail_\Interface\AddOns\Guild_Roster_Manager\GRM_GuildSync.lua","3056","assigned function","GRMsync.ConvertGUIDToVal"
"GRM_GuildSync.lua","C:\Program Files (x86)\World of Warcraft\_retail_\Interface\AddOns\Guild_Roster_Manager\GRM_GuildSync.lua","3071","assigned function","GRMsync.ConvertStringToVal"
"GRM_GuildSync.lua","C:\Program Files (x86)\World of Warcraft\_retail_\Interface\AddOns\Guild_Roster_Manager\GRM_GuildSync.lua","3084","assigned function","GRMsync.SendOverallDataHashes"
"GRM_GuildSync.lua","C:\Program Files (x86)\World of Warcraft\_retail_\Interface\AddOns\Guild_Roster_Manager\GRM_GuildSync.lua","3098","assigned function","GRMsync.BoolToInt"
"GRM_GuildSync.lua","C:\Program Files (x86)\World of Warcraft\_retail_\Interface\AddOns\Guild_Roster_Manager\GRM_GuildSync.lua","3108","assigned function","GRMsync.CompareOverallHashes"
"GRM_GuildSync.lua","C:\Program Files (x86)\World of Warcraft\_retail_\Interface\AddOns\Guild_Roster_Manager\GRM_GuildSync.lua","3140","assigned function","GRMsync.SetSyncPathway"
"GRM_GuildSync.lua","C:\Program Files (x86)\World of Warcraft\_retail_\Interface\AddOns\Guild_Roster_Manager\GRM_GuildSync.lua","3161","assigned function","GRMsync.UpdateSyncPathway"
"GRM_GuildSync.lua","C:\Program Files (x86)\World of Warcraft\_retail_\Interface\AddOns\Guild_Roster_Manager\GRM_GuildSync.lua","3170","assigned function","GRMsync.ReviewAndSendPrecheckData"
"GRM_GuildSync.lua","C:\Program Files (x86)\World of Warcraft\_retail_\Interface\AddOns\Guild_Roster_Manager\GRM_GuildSync.lua","3214","assigned function","GRMsync.SendPrecheckData"
"GRM_GuildSync.lua","C:\Program Files (x86)\World of Warcraft\_retail_\Interface\AddOns\Guild_Roster_Manager\GRM_GuildSync.lua","3294","assigned function","GRMsync.CollectPreCheckData"
"GRM_GuildSync.lua","C:\Program Files (x86)\World of Warcraft\_retail_\Interface\AddOns\Guild_Roster_Manager\GRM_GuildSync.lua","3314","assigned function","GRMsync.Convert2DArrayToDictionary"
"GRM_GuildSync.lua","C:\Program Files (x86)\World of Warcraft\_retail_\Interface\AddOns\Guild_Roster_Manager\GRM_GuildSync.lua","3328","assigned function","GRMsync.ContinueSyncInCategory"
"GRM_GuildSync.lua","C:\Program Files (x86)\World of Warcraft\_retail_\Interface\AddOns\Guild_Roster_Manager\GRM_GuildSync.lua","3333","assigned function","IsCompatibleEnum[ind]"
"GRM_GuildSync.lua","C:\Program Files (x86)\World of Warcraft\_retail_\Interface\AddOns\Guild_Roster_Manager\GRM_GuildSync.lua","3339","assigned function","IsCompatibleEnum[ind]"
"GRM_GuildSync.lua","C:\Program Files (x86)\World of Warcraft\_retail_\Interface\AddOns\Guild_Roster_Manager\GRM_GuildSync.lua","3376","assigned function","GRMsync.CompareListDBMarkers"
"GRM_GuildSync.lua","C:\Program Files (x86)\World of Warcraft\_retail_\Interface\AddOns\Guild_Roster_Manager\GRM_GuildSync.lua","3407","assigned function","GRMsync.CompareBdayDataMarkers"
"GRM_GuildSync.lua","C:\Program Files (x86)\World of Warcraft\_retail_\Interface\AddOns\Guild_Roster_Manager\GRM_GuildSync.lua","3432","assigned function","GRMsync.ProcessBdayDataAndContinue"
"GRM_GuildSync.lua","C:\Program Files (x86)\World of Warcraft\_retail_\Interface\AddOns\Guild_Roster_Manager\GRM_GuildSync.lua","3473","assigned function","GRMsync.ProcessPreCheckDataAndBeginSync"
"GRM_GuildSync.lua","C:\Program Files (x86)\World of Warcraft\_retail_\Interface\AddOns\Guild_Roster_Manager\GRM_GuildSync.lua","3519","assigned function","GRMsync.BeginSyncSteps"
"GRM_GuildSync.lua","C:\Program Files (x86)\World of Warcraft\_retail_\Interface\AddOns\Guild_Roster_Manager\GRM_GuildSync.lua","3536","assigned function","GRMsync.NextSyncStep"
"GRM_GuildSync.lua","C:\Program Files (x86)\World of Warcraft\_retail_\Interface\AddOns\Guild_Roster_Manager\GRM_GuildSync.lua","3576","assigned function","GRMsync.SendCompletionMsg"
"GRM_GuildSync.lua","C:\Program Files (x86)\World of Warcraft\_retail_\Interface\AddOns\Guild_Roster_Manager\GRM_GuildSync.lua","3589","assigned function","GRMsync.SendBDAYCompletion"
"GRM_GuildSync.lua","C:\Program Files (x86)\World of Warcraft\_retail_\Interface\AddOns\Guild_Roster_Manager\GRM_GuildSync.lua","3609","assigned function","GRMsync.GetNumDigits"
"GRM_GuildSync.lua","C:\Program Files (x86)\World of Warcraft\_retail_\Interface\AddOns\Guild_Roster_Manager\GRM_GuildSync.lua","3617","assigned function","GRMsync.SendJDPacketsNotMine"
"GRM_GuildSync.lua","C:\Program Files (x86)\World of Warcraft\_retail_\Interface\AddOns\Guild_Roster_Manager\GRM_GuildSync.lua","3703","assigned function","GRMsync.SendJDPackets"
"GRM_GuildSync.lua","C:\Program Files (x86)\World of Warcraft\_retail_\Interface\AddOns\Guild_Roster_Manager\GRM_GuildSync.lua","3776","assigned function","GRMsync.BuildJoinDatesForSync"
"GRM_GuildSync.lua","C:\Program Files (x86)\World of Warcraft\_retail_\Interface\AddOns\Guild_Roster_Manager\GRM_GuildSync.lua","3806","assigned function","GRMsync.SendPDPacketsNotMine"
"GRM_GuildSync.lua","C:\Program Files (x86)\World of Warcraft\_retail_\Interface\AddOns\Guild_Roster_Manager\GRM_GuildSync.lua","3892","assigned function","GRMsync.SendPDPackets"
"GRM_GuildSync.lua","C:\Program Files (x86)\World of Warcraft\_retail_\Interface\AddOns\Guild_Roster_Manager\GRM_GuildSync.lua","3965","assigned function","GRMsync.BuildPromoteDatesForSync"
"GRM_GuildSync.lua","C:\Program Files (x86)\World of Warcraft\_retail_\Interface\AddOns\Guild_Roster_Manager\GRM_GuildSync.lua","3995","assigned function","GRMsync.ValidatePromoteDataForSync"
"GRM_GuildSync.lua","C:\Program Files (x86)\World of Warcraft\_retail_\Interface\AddOns\Guild_Roster_Manager\GRM_GuildSync.lua","4024","assigned function","GRMsync.SendAltNamesNotMine"
"GRM_GuildSync.lua","C:\Program Files (x86)\World of Warcraft\_retail_\Interface\AddOns\Guild_Roster_Manager\GRM_GuildSync.lua","4111","assigned function","GRMsync.SendAltPacketsNoGroupAndMainOnly"
"GRM_GuildSync.lua","C:\Program Files (x86)\World of Warcraft\_retail_\Interface\AddOns\Guild_Roster_Manager\GRM_GuildSync.lua","4252","assigned function","GRMsync.SendAltGroupsFullDetails"
"GRM_GuildSync.lua","C:\Program Files (x86)\World of Warcraft\_retail_\Interface\AddOns\Guild_Roster_Manager\GRM_GuildSync.lua","4403","assigned function","GRMsync.BuildAltGroupsForSync"
"GRM_GuildSync.lua","C:\Program Files (x86)\World of Warcraft\_retail_\Interface\AddOns\Guild_Roster_Manager\GRM_GuildSync.lua","4473","assigned function","GRMsync.SendCUSTPacketsNotMine"
"GRM_GuildSync.lua","C:\Program Files (x86)\World of Warcraft\_retail_\Interface\AddOns\Guild_Roster_Manager\GRM_GuildSync.lua","4559","assigned function","GRMsync.SendCustomNotePackets"
"GRM_GuildSync.lua","C:\Program Files (x86)\World of Warcraft\_retail_\Interface\AddOns\Guild_Roster_Manager\GRM_GuildSync.lua","4637","assigned function","GRMsync.BuildCustomNotesForSync"
"GRM_GuildSync.lua","C:\Program Files (x86)\World of Warcraft\_retail_\Interface\AddOns\Guild_Roster_Manager\GRM_GuildSync.lua","4668","assigned function","GRMsync.SendBdayPacketsNotMine"
"GRM_GuildSync.lua","C:\Program Files (x86)\World of Warcraft\_retail_\Interface\AddOns\Guild_Roster_Manager\GRM_GuildSync.lua","4754","assigned function","GRMsync.SendBDayPackets"
"GRM_GuildSync.lua","C:\Program Files (x86)\World of Warcraft\_retail_\Interface\AddOns\Guild_Roster_Manager\GRM_GuildSync.lua","4826","assigned function","GRMsync.BuildBdayDatesForSync"
"GRM_GuildSync.lua","C:\Program Files (x86)\World of Warcraft\_retail_\Interface\AddOns\Guild_Roster_Manager\GRM_GuildSync.lua","4858","assigned function","GRMsync.SendBanNamesNotMine"
"GRM_GuildSync.lua","C:\Program Files (x86)\World of Warcraft\_retail_\Interface\AddOns\Guild_Roster_Manager\GRM_GuildSync.lua","4936","assigned function","GRMsync.SendBanPacketsFullDetails"
"GRM_GuildSync.lua","C:\Program Files (x86)\World of Warcraft\_retail_\Interface\AddOns\Guild_Roster_Manager\GRM_GuildSync.lua","5035","assigned function","GRMsync.BuildBanNamesForSync"
"GRM_GuildSync.lua","C:\Program Files (x86)\World of Warcraft\_retail_\Interface\AddOns\Guild_Roster_Manager\GRM_GuildSync.lua","5159","assigned function","GRMsync.ErrorCheck"
"GRM_GuildSync.lua","C:\Program Files (x86)\World of Warcraft\_retail_\Interface\AddOns\Guild_Roster_Manager\GRM_GuildSync.lua","5324","assigned function","GRMsync.SendQueUpdate"
"GRM_GuildSync.lua","C:\Program Files (x86)\World of Warcraft\_retail_\Interface\AddOns\Guild_Roster_Manager\GRM_GuildSync.lua","5341","assigned function","GRMsync.IsPlayerDataSyncCompatible"
"GRM_GuildSync.lua","C:\Program Files (x86)\World of Warcraft\_retail_\Interface\AddOns\Guild_Roster_Manager\GRM_GuildSync.lua","5361","assigned function","GRMsync.IsPlayerDataSyncCompatibleWithAnyOnline"
"GRM_GuildSync.lua","C:\Program Files (x86)\World of Warcraft\_retail_\Interface\AddOns\Guild_Roster_Manager\GRM_GuildSync.lua","5375","assigned function","GRMsync.ReportAuditMessage"
"GRM_GuildSync.lua","C:\Program Files (x86)\World of Warcraft\_retail_\Interface\AddOns\Guild_Roster_Manager\GRM_GuildSync.lua","5398","assigned function","GRMsync.InitializeRankRestrictionCheck"
"GRM_GuildSync.lua","C:\Program Files (x86)\World of Warcraft\_retail_\Interface\AddOns\Guild_Roster_Manager\GRM_GuildSync.lua","5410","assigned function","GRMsync.InitiateDataSync"
"GRM_GuildSync.lua","C:\Program Files (x86)\World of Warcraft\_retail_\Interface\AddOns\Guild_Roster_Manager\GRM_GuildSync.lua","5512","assigned function","GRMsync.SubmitFinalJoinDateData"
"GRM_GuildSync.lua","C:\Program Files (x86)\World of Warcraft\_retail_\Interface\AddOns\Guild_Roster_Manager\GRM_GuildSync.lua","5571","assigned function","GRMsync.SubmitFinalPromoDateData"
"GRM_GuildSync.lua","C:\Program Files (x86)\World of Warcraft\_retail_\Interface\AddOns\Guild_Roster_Manager\GRM_GuildSync.lua","5633","assigned function","GRMsync.SubmitFinalAltNoGroupAndMainOnly"
"GRM_GuildSync.lua","C:\Program Files (x86)\World of Warcraft\_retail_\Interface\AddOns\Guild_Roster_Manager\GRM_GuildSync.lua","5738","assigned function","GRMsync.SubmitFinalAltFullGroups"
"GRM_GuildSync.lua","C:\Program Files (x86)\World of Warcraft\_retail_\Interface\AddOns\Guild_Roster_Manager\GRM_GuildSync.lua","5874","assigned function","GRMsync.ProcessFinalAltChanges"
"GRM_GuildSync.lua","C:\Program Files (x86)\World of Warcraft\_retail_\Interface\AddOns\Guild_Roster_Manager\GRM_GuildSync.lua","5951","assigned function","GRMsync.UnifyBirthdaysAmongAltGroups"
"GRM_GuildSync.lua","C:\Program Files (x86)\World of Warcraft\_retail_\Interface\AddOns\Guild_Roster_Manager\GRM_GuildSync.lua","6024","assigned function","GRMsync.SubmitFinalCustNoteData"
"GRM_GuildSync.lua","C:\Program Files (x86)\World of Warcraft\_retail_\Interface\AddOns\Guild_Roster_Manager\GRM_GuildSync.lua","6111","assigned function","GRMsync.SubmitFinalBansData"
"GRM_GuildSync.lua","C:\Program Files (x86)\World of Warcraft\_retail_\Interface\AddOns\Guild_Roster_Manager\GRM_GuildSync.lua","6265","assigned function","GRMsync.SendDataCompletionMsg"
"GRM_GuildSync.lua","C:\Program Files (x86)\World of Warcraft\_retail_\Interface\AddOns\Guild_Roster_Manager\GRM_GuildSync.lua","6274","assigned function","GRMsync.SubmitFinalSyncData"
"GRM_GuildSync.lua","C:\Program Files (x86)\World of Warcraft\_retail_\Interface\AddOns\Guild_Roster_Manager\GRM_GuildSync.lua","6291","assigned function","GRMsync.SubmitFinalBdayData"
"GRM_GuildSync.lua","C:\Program Files (x86)\World of Warcraft\_retail_\Interface\AddOns\Guild_Roster_Manager\GRM_GuildSync.lua","6348","assigned function","GRMsync.SendDataCompletionMsgBday"
"GRM_GuildSync.lua","C:\Program Files (x86)\World of Warcraft\_retail_\Interface\AddOns\Guild_Roster_Manager\GRM_GuildSync.lua","6357","assigned function","GRMsync.FinalBdayMessagesVerifiedSendComplete"
"GRM_GuildSync.lua","C:\Program Files (x86)\World of Warcraft\_retail_\Interface\AddOns\Guild_Roster_Manager\GRM_GuildSync.lua","6365","assigned function","GRMsync.FinalSyncComplete"
"GRM_GuildSync.lua","C:\Program Files (x86)\World of Warcraft\_retail_\Interface\AddOns\Guild_Roster_Manager\GRM_GuildSync.lua","6411","assigned function","GRMsync.UpdateLeftPlayerInfo"
"GRM_GuildSync.lua","C:\Program Files (x86)\World of Warcraft\_retail_\Interface\AddOns\Guild_Roster_Manager\GRM_GuildSync.lua","6497","assigned function","GRMsync.CollectBanData"
"GRM_GuildSync.lua","C:\Program Files (x86)\World of Warcraft\_retail_\Interface\AddOns\Guild_Roster_Manager\GRM_GuildSync.lua","6606","assigned function","GRMsync.CollectDataPacketsF"
"GRM_GuildSync.lua","C:\Program Files (x86)\World of Warcraft\_retail_\Interface\AddOns\Guild_Roster_Manager\GRM_GuildSync.lua","6634","assigned function","GRMsync.CollectData"
"GRM_GuildSync.lua","C:\Program Files (x86)\World of Warcraft\_retail_\Interface\AddOns\Guild_Roster_Manager\GRM_GuildSync.lua","6668","assigned function","GRMsync.CollectAltAddData"
"GRM_GuildSync.lua","C:\Program Files (x86)\World of Warcraft\_retail_\Interface\AddOns\Guild_Roster_Manager\GRM_GuildSync.lua","6761","assigned function","GRMsync.CollectCustomNoteData"
"GRM_GuildSync.lua","C:\Program Files (x86)\World of Warcraft\_retail_\Interface\AddOns\Guild_Roster_Manager\GRM_GuildSync.lua","6826","assigned function","GRMsync.CollectBirthdayData"
"GRM_GuildSync.lua","C:\Program Files (x86)\World of Warcraft\_retail_\Interface\AddOns\Guild_Roster_Manager\GRM_GuildSync.lua","6853","assigned function","GRMsync.CheckingJDChanges"
"GRM_GuildSync.lua","C:\Program Files (x86)\World of Warcraft\_retail_\Interface\AddOns\Guild_Roster_Manager\GRM_GuildSync.lua","6885","assigned function","GRMsync.CheckingPDChanges"
"GRM_GuildSync.lua","C:\Program Files (x86)\World of Warcraft\_retail_\Interface\AddOns\Guild_Roster_Manager\GRM_GuildSync.lua","6917","assigned function","GRMsync.CheckingALTChanges"
"GRM_GuildSync.lua","C:\Program Files (x86)\World of Warcraft\_retail_\Interface\AddOns\Guild_Roster_Manager\GRM_GuildSync.lua","7090","assigned function","GRMsync.CheckingCustomNoteChanges"
"GRM_GuildSync.lua","C:\Program Files (x86)\World of Warcraft\_retail_\Interface\AddOns\Guild_Roster_Manager\GRM_GuildSync.lua","7122","assigned function","GRMsync.CheckingBANChanges"
"GRM_GuildSync.lua","C:\Program Files (x86)\World of Warcraft\_retail_\Interface\AddOns\Guild_Roster_Manager\GRM_GuildSync.lua","7156","assigned function","GRMsync.BuildValidatedJoinDatesForSync"
"GRM_GuildSync.lua","C:\Program Files (x86)\World of Warcraft\_retail_\Interface\AddOns\Guild_Roster_Manager\GRM_GuildSync.lua","7182","assigned function","GRMsync.BuildValidatedPromoteDatesForSync"
"GRM_GuildSync.lua","C:\Program Files (x86)\World of Warcraft\_retail_\Interface\AddOns\Guild_Roster_Manager\GRM_GuildSync.lua","7208","assigned function","GRMsync.BuildValidatedCustomNotesForSync"
"GRM_GuildSync.lua","C:\Program Files (x86)\World of Warcraft\_retail_\Interface\AddOns\Guild_Roster_Manager\GRM_GuildSync.lua","7234","assigned function","GRMsync.BuildValidatedBdayDatesForSync"
"GRM_GuildSync.lua","C:\Program Files (x86)\World of Warcraft\_retail_\Interface\AddOns\Guild_Roster_Manager\GRM_GuildSync.lua","7260","assigned function","GRMsync.BuildValidatedBanProfilesForSync"
"GRM_GuildSync.lua","C:\Program Files (x86)\World of Warcraft\_retail_\Interface\AddOns\Guild_Roster_Manager\GRM_GuildSync.lua","7286","assigned function","GRMsync.BuildValidatedAltGroupsForSync"
"GRM_GuildSync.lua","C:\Program Files (x86)\World of Warcraft\_retail_\Interface\AddOns\Guild_Roster_Manager\GRM_GuildSync.lua","7347","assigned function","GRMsync.CheckingBdayChanges"
"GRM_GuildSync.lua","C:\Program Files (x86)\World of Warcraft\_retail_\Interface\AddOns\Guild_Roster_Manager\GRM_GuildSync.lua","7443","assigned function","GRMsync.ConvertIntStringToArray"
"GRM_GuildSync.lua","C:\Program Files (x86)\World of Warcraft\_retail_\Interface\AddOns\Guild_Roster_Manager\GRM_GuildSync.lua","7454","assigned function","GRMsync.ParseAllSeparatedItems"
"GRM_GuildSync.lua","C:\Program Files (x86)\World of Warcraft\_retail_\Interface\AddOns\Guild_Roster_Manager\GRM_GuildSync.lua","7468","assigned function","GRMsync.CollectMissingMsgRequest"
"GRM_GuildSync.lua","C:\Program Files (x86)\World of Warcraft\_retail_\Interface\AddOns\Guild_Roster_Manager\GRM_GuildSync.lua","7485","assigned function","GRMsync.SendRequestsForMissingMessages"
"GRM_GuildSync.lua","C:\Program Files (x86)\World of Warcraft\_retail_\Interface\AddOns\Guild_Roster_Manager\GRM_GuildSync.lua","7565","assigned function","GRMsync.SendMissingMessages"
"GRM_GuildSync.lua","C:\Program Files (x86)\World of Warcraft\_retail_\Interface\AddOns\Guild_Roster_Manager\GRM_GuildSync.lua","7629","assigned function","GRMsync.SortReceivedMessageIndexes"
"GRM_GuildSync.lua","C:\Program Files (x86)\World of Warcraft\_retail_\Interface\AddOns\Guild_Roster_Manager\GRM_GuildSync.lua","7638","assigned function","GRMsync.ValidateReSentMessages"
"GRM_GuildSync.lua","C:\Program Files (x86)\World of Warcraft\_retail_\Interface\AddOns\Guild_Roster_Manager\GRM_GuildSync.lua","7655","assigned function","GRMsync.ValidateReSentMessagesFinal"
"GRM_GuildSync.lua","C:\Program Files (x86)\World of Warcraft\_retail_\Interface\AddOns\Guild_Roster_Manager\GRM_GuildSync.lua","7671","assigned function","GRMsync.ValidateReSentMessagesBday"
"GRM_GuildSync.lua","C:\Program Files (x86)\World of Warcraft\_retail_\Interface\AddOns\Guild_Roster_Manager\GRM_GuildSync.lua","7697","assigned function","GRMsync.MessageDeliveryCheck"
"GRM_GuildSync.lua","C:\Program Files (x86)\World of Warcraft\_retail_\Interface\AddOns\Guild_Roster_Manager\GRM_GuildSync.lua","7726","assigned function","GRMsync.MessageDeliveryCheckFINAL"
"GRM_GuildSync.lua","C:\Program Files (x86)\World of Warcraft\_retail_\Interface\AddOns\Guild_Roster_Manager\GRM_GuildSync.lua","7750","assigned function","GRMsync.MessageDeliveryCheckBDAY"
"GRM_GuildSync.lua","C:\Program Files (x86)\World of Warcraft\_retail_\Interface\AddOns\Guild_Roster_Manager\GRM_GuildSync.lua","7790","assigned function","GRMsync.DetermineMissingMessages"
"GRM_GuildSync.lua","C:\Program Files (x86)\World of Warcraft\_retail_\Interface\AddOns\Guild_Roster_Manager\GRM_GuildSync.lua","7834","assigned function","GRMsync.AnyMessagesMissing"
"GRM_GuildSync.lua","C:\Program Files (x86)\World of Warcraft\_retail_\Interface\AddOns\Guild_Roster_Manager\GRM_GuildSync.lua","7906","assigned function","GRMsync.AnyMessagesMissingFinal"
"GRM_GuildSync.lua","C:\Program Files (x86)\World of Warcraft\_retail_\Interface\AddOns\Guild_Roster_Manager\GRM_GuildSync.lua","7947","assigned function","GRMsync.AnyMessagesMissingBDAY"
"GRM_GuildSync.lua","C:\Program Files (x86)\World of Warcraft\_retail_\Interface\AddOns\Guild_Roster_Manager\GRM_GuildSync.lua","7986","assigned function","GRMsync.PreCheckChanges"
"GRM_GuildSync.lua","C:\Program Files (x86)\World of Warcraft\_retail_\Interface\AddOns\Guild_Roster_Manager\GRM_GuildSync.lua","8009","assigned function","GRMsync.CheckChanges"
"GRM_GuildSync.lua","C:\Program Files (x86)\World of Warcraft\_retail_\Interface\AddOns\Guild_Roster_Manager\GRM_GuildSync.lua","8045","assigned function","GRMsync.ReportResults"
"GRM_GuildSync.lua","C:\Program Files (x86)\World of Warcraft\_retail_\Interface\AddOns\Guild_Roster_Manager\GRM_GuildSync.lua","8107","assigned function","GRMsync.ReportSyncCompletion"
"GRM_GuildSync.lua","C:\Program Files (x86)\World of Warcraft\_retail_\Interface\AddOns\Guild_Roster_Manager\GRM_GuildSync.lua","8159","assigned function","GRM.AuditRefreshTracker"
"GRM_GuildSync.lua","C:\Program Files (x86)\World of Warcraft\_retail_\Interface\AddOns\Guild_Roster_Manager\GRM_GuildSync.lua","8184","assigned function","GRMsync.RemoveAltErrorFix"
"GRM_GuildSync.lua","C:\Program Files (x86)\World of Warcraft\_retail_\Interface\AddOns\Guild_Roster_Manager\GRM_GuildSync.lua","8227","assigned function","GRMsync.RegisterCommunicationProtocols"
"GRM_GuildSync.lua","C:\Program Files (x86)\World of Warcraft\_retail_\Interface\AddOns\Guild_Roster_Manager\GRM_GuildSync.lua","8654","assigned function","GRMsync.BusyMessage"
"GRM_GuildSync.lua","C:\Program Files (x86)\World of Warcraft\_retail_\Interface\AddOns\Guild_Roster_Manager\GRM_GuildSync.lua","8669","assigned function","GRMsync.DataRequestStart"
"GRM_GuildSync.lua","C:\Program Files (x86)\World of Warcraft\_retail_\Interface\AddOns\Guild_Roster_Manager\GRM_GuildSync.lua","8705","assigned function","GRMsync.BuildSyncNetwork"
"GRM_GuildSync.lua","C:\Program Files (x86)\World of Warcraft\_retail_\Interface\AddOns\Guild_Roster_Manager\GRM_GuildSync.lua","8751","assigned function","GRMsync.Initialize"
"GRM_HC.lua","C:\Program Files (x86)\World of Warcraft\_retail_\Interface\AddOns\Guild_Roster_Manager\GRM_HC.lua","10","assigned function","HC.HardCoreInitialize"
"GRM_HC.lua","C:\Program Files (x86)\World of Warcraft\_retail_\Interface\AddOns\Guild_Roster_Manager\GRM_HC.lua","49","assigned function","HC.ParseOutPlayerName"
"GRM_HC.lua","C:\Program Files (x86)\World of Warcraft\_retail_\Interface\AddOns\Guild_Roster_Manager\GRM_HC.lua","56","assigned function","HC.LogDeath"
"GRM_HC.lua","C:\Program Files (x86)\World of Warcraft\_retail_\Interface\AddOns\Guild_Roster_Manager\GRM_HC.lua","84","assigned function","HC.SetPlayerAsDeadByGUID"
"GRM_HC.lua","C:\Program Files (x86)\World of Warcraft\_retail_\Interface\AddOns\Guild_Roster_Manager\GRM_HC.lua","102","assigned function","HC.ConvertLastOnlineHoursToTimestamp"
"GRM_HC.lua","C:\Program Files (x86)\World of Warcraft\_retail_\Interface\AddOns\Guild_Roster_Manager\GRM_HC.lua","115","assigned function","HC.ExportDeathTag"
"GRM_HC.lua","C:\Program Files (x86)\World of Warcraft\_retail_\Interface\AddOns\Guild_Roster_Manager\GRM_HC.lua","199","assigned function","HC.ReportDeathToLog"
"GRM_HC.lua","C:\Program Files (x86)\World of Warcraft\_retail_\Interface\AddOns\Guild_Roster_Manager\GRM_HC.lua","219","assigned function","HC.GatherAllDeaths"
"GRM_HC.lua","C:\Program Files (x86)\World of Warcraft\_retail_\Interface\AddOns\Guild_Roster_Manager\GRM_HC.lua","262","assigned function","HC.GetAllDeathsSorted"
"GRM_HC.lua","C:\Program Files (x86)\World of Warcraft\_retail_\Interface\AddOns\Guild_Roster_Manager\GRM_HC.lua","282","assigned function","GRM_UI.VerifyIfHCChannelsEnabled"
"GRM_Hyperlinks.lua","C:\Program Files (x86)\World of Warcraft\_retail_\Interface\AddOns\Guild_Roster_Manager\GRM_Hyperlinks.lua","11","assigned function","HL.InitializeHyperlinks"
"GRM_Hyperlinks.lua","C:\Program Files (x86)\World of Warcraft\_retail_\Interface\AddOns\Guild_Roster_Manager\GRM_Hyperlinks.lua","31","assigned function","HL.GenerateHyperlink"
"GRM_Hyperlinks.lua","C:\Program Files (x86)\World of Warcraft\_retail_\Interface\AddOns\Guild_Roster_Manager\GRM_Hyperlinks.lua","54","assigned function","HL.HyperlinkClick"
"GRM_Localization.lua","C:\Program Files (x86)\World of Warcraft\_retail_\Interface\AddOns\Guild_Roster_Manager\GRM_Localization.lua","87","assigned function","GRML.GetFontNameFromLocation"
"GRM_Localization.lua","C:\Program Files (x86)\World of Warcraft\_retail_\Interface\AddOns\Guild_Roster_Manager\GRM_Localization.lua","156","assigned function","GRM.ConfigureAlternativeSlashCommands"
"GRM_Localization.lua","C:\Program Files (x86)\World of Warcraft\_retail_\Interface\AddOns\Guild_Roster_Manager\GRM_Localization.lua","171","assigned function","GRML.SetNewLanguage"
"GRM_Localization.lua","C:\Program Files (x86)\World of Warcraft\_retail_\Interface\AddOns\Guild_Roster_Manager\GRM_Localization.lua","198","assigned function","GRML.SetFontModifier"
"GRM_Localization.lua","C:\Program Files (x86)\World of Warcraft\_retail_\Interface\AddOns\Guild_Roster_Manager\GRM_Localization.lua","230","assigned function","GRML.SetNewFont"
"GRM_Localization.lua","C:\Program Files (x86)\World of Warcraft\_retail_\Interface\AddOns\Guild_Roster_Manager\GRM_Localization.lua","242","assigned function","GRML.GetFontChoiceIndex"
"GRM_Localization.lua","C:\Program Files (x86)\World of Warcraft\_retail_\Interface\AddOns\Guild_Roster_Manager\GRM_Localization.lua","275","assigned function","GRML.GetNumberUntranslatedLines"
"GRM_Localization.lua","C:\Program Files (x86)\World of Warcraft\_retail_\Interface\AddOns\Guild_Roster_Manager\GRM_Localization.lua","291","assigned function","LOC.ReprocessStrings"
"GRM_Log.lua","C:\Program Files (x86)\World of Warcraft\_retail_\Interface\AddOns\Guild_Roster_Manager\GRM_Log.lua","12","assigned function","Log.AddPromotionDateTempLogEntry"
"GRM_Log.lua","C:\Program Files (x86)\World of Warcraft\_retail_\Interface\AddOns\Guild_Roster_Manager\GRM_Log.lua","21","assigned function","Log.AddDemotionDateTempLogEntry"
"GRM_Log.lua","C:\Program Files (x86)\World of Warcraft\_retail_\Interface\AddOns\Guild_Roster_Manager\GRM_Log.lua","30","assigned function","Log.AddLeveledTempLogEntry"
"GRM_Log.lua","C:\Program Files (x86)\World of Warcraft\_retail_\Interface\AddOns\Guild_Roster_Manager\GRM_Log.lua","39","assigned function","Log.AddNoteTempLogEntry"
"GRM_Log.lua","C:\Program Files (x86)\World of Warcraft\_retail_\Interface\AddOns\Guild_Roster_Manager\GRM_Log.lua","47","assigned function","Log.AddOfficerNoteTempLogEntry"
"GRM_Log.lua","C:\Program Files (x86)\World of Warcraft\_retail_\Interface\AddOns\Guild_Roster_Manager\GRM_Log.lua","55","assigned function","Log.AddInactiveReturnTempLogEntry"
"GRM_Log.lua","C:\Program Files (x86)\World of Warcraft\_retail_\Interface\AddOns\Guild_Roster_Manager\GRM_Log.lua","63","assigned function","Log.AddNameChangeTempLogEntry"
"GRM_Log.lua","C:\Program Files (x86)\World of Warcraft\_retail_\Interface\AddOns\Guild_Roster_Manager\GRM_Log.lua","71","assigned function","Log.AddBanRejoinEntry"
"GRM_Log.lua","C:\Program Files (x86)\World of Warcraft\_retail_\Interface\AddOns\Guild_Roster_Manager\GRM_Log.lua","85","assigned function","Log.AddNormalRejoinEntry"
"GRM_Log.lua","C:\Program Files (x86)\World of Warcraft\_retail_\Interface\AddOns\Guild_Roster_Manager\GRM_Log.lua","100","assigned function","Log.AddJoinEntry"
"GRM_Log.lua","C:\Program Files (x86)\World of Warcraft\_retail_\Interface\AddOns\Guild_Roster_Manager\GRM_Log.lua","109","assigned function","Log.AddEventEntry"
"GRM_Log.lua","C:\Program Files (x86)\World of Warcraft\_retail_\Interface\AddOns\Guild_Roster_Manager\GRM_Log.lua","120","assigned function","Log.AddHardcoreDeathEntry"
"GRM_Log.lua","C:\Program Files (x86)\World of Warcraft\_retail_\Interface\AddOns\Guild_Roster_Manager\GRM_Log.lua","128","assigned function","Log.AddRankRenameEntry"
"GRM_Log.lua","C:\Program Files (x86)\World of Warcraft\_retail_\Interface\AddOns\Guild_Roster_Manager\GRM_Log.lua","136","assigned function","Log.AddEventRecommendKickTempLogEntry"
"GRM_Log.lua","C:\Program Files (x86)\World of Warcraft\_retail_\Interface\AddOns\Guild_Roster_Manager\GRM_Log.lua","144","assigned function","Log.AddEventRecommendPromotionLogEntry"
"GRM_Log.lua","C:\Program Files (x86)\World of Warcraft\_retail_\Interface\AddOns\Guild_Roster_Manager\GRM_Log.lua","153","assigned function","Log.AddEventRecommendDemotionLogEntry"
"GRM_Log.lua","C:\Program Files (x86)\World of Warcraft\_retail_\Interface\AddOns\Guild_Roster_Manager\GRM_Log.lua","161","assigned function","Log.AddEventRecommendSpecialLogEntry"
"GRM_Log.lua","C:\Program Files (x86)\World of Warcraft\_retail_\Interface\AddOns\Guild_Roster_Manager\GRM_Log.lua","169","assigned function","Log.AddLeftOrKickEntry"
"GRM_Log.lua","C:\Program Files (x86)\World of Warcraft\_retail_\Interface\AddOns\Guild_Roster_Manager\GRM_Log.lua","181","assigned function","Log.AddLog"
"GRM_Macro_Tool.lua","C:\Program Files (x86)\World of Warcraft\_retail_\Interface\AddOns\Guild_Roster_Manager\GRM_Macro_Tool.lua","17","assigned function","GRM_UI.BuildSpcialRules"
"GRM_Macro_Tool.lua","C:\Program Files (x86)\World of Warcraft\_retail_\Interface\AddOns\Guild_Roster_Manager\GRM_Macro_Tool.lua","19","assigned function","GRM_Macro.SpecialRule1Button"
"GRM_Macro_Tool.lua","C:\Program Files (x86)\World of Warcraft\_retail_\Interface\AddOns\Guild_Roster_Manager\GRM_Macro_Tool.lua","54","assigned function","GRM_UI.SpecialRuleNameEditBox"
"GRM_Macro_Tool.lua","C:\Program Files (x86)\World of Warcraft\_retail_\Interface\AddOns\Guild_Roster_Manager\GRM_Macro_Tool.lua","67","assigned function","GRM_UI.SpecialRadialButtonSyncMainOption"
"GRM_Macro_Tool.lua","C:\Program Files (x86)\World of Warcraft\_retail_\Interface\AddOns\Guild_Roster_Manager\GRM_Macro_Tool.lua","95","assigned function","GRM_UI.BuildRankCheckBoxes"
"GRM_Macro_Tool.lua","C:\Program Files (x86)\World of Warcraft\_retail_\Interface\AddOns\Guild_Roster_Manager\GRM_Macro_Tool.lua","202","assigned function","GRM_UI.SetRankNamesToCustomRuleCheckButtons"
"GRM_Macro_Tool.lua","C:\Program Files (x86)\World of Warcraft\_retail_\Interface\AddOns\Guild_Roster_Manager\GRM_Macro_Tool.lua","238","assigned function","GRM_UI.UpdateDemoteOnlyText"
"GRM_Macro_Tool.lua","C:\Program Files (x86)\World of Warcraft\_retail_\Interface\AddOns\Guild_Roster_Manager\GRM_Macro_Tool.lua","249","assigned function","GRM_UI.PromoteOnlycheckBoxLogic"
"GRM_Macro_Tool.lua","C:\Program Files (x86)\World of Warcraft\_retail_\Interface\AddOns\Guild_Roster_Manager\GRM_Macro_Tool.lua","262","assigned function","GRM_UI.SpecialRankDropdownTT"
"GRM_Macro_Tool.lua","C:\Program Files (x86)\World of Warcraft\_retail_\Interface\AddOns\Guild_Roster_Manager\GRM_Macro_Tool.lua","270","assigned function","GRM_UI.GetListRanks"
"GRM_Macro_Tool.lua","C:\Program Files (x86)\World of Warcraft\_retail_\Interface\AddOns\Guild_Roster_Manager\GRM_Macro_Tool.lua","281","assigned function","GRM_UI.GetRankIndexDescendingOrder"
"GRM_Macro_Tool.lua","C:\Program Files (x86)\World of Warcraft\_retail_\Interface\AddOns\Guild_Roster_Manager\GRM_Macro_Tool.lua","294","assigned function","GRM_UI.SetSpecialDestinationSelection"
"GRM_Macro_Tool.lua","C:\Program Files (x86)\World of Warcraft\_retail_\Interface\AddOns\Guild_Roster_Manager\GRM_Macro_Tool.lua","310","assigned function","GRM_UI.ConfigureSpecialRankDropdownLimits"
"GRM_Macro_Tool.lua","C:\Program Files (x86)\World of Warcraft\_retail_\Interface\AddOns\Guild_Roster_Manager\GRM_Macro_Tool.lua","344","assigned function","GRM_UI.ConfigureSpecialRankCheckboxes"
"GRM_Macro_Tool.lua","C:\Program Files (x86)\World of Warcraft\_retail_\Interface\AddOns\Guild_Roster_Manager\GRM_Macro_Tool.lua","387","assigned function","GRM_UI.SpecialRadialButtonsRankSelection"
"GRM_Macro_Tool.lua","C:\Program Files (x86)\World of Warcraft\_retail_\Interface\AddOns\Guild_Roster_Manager\GRM_Macro_Tool.lua","401","assigned function","GRM_UI.SetDefaultSpecialRankFilters"
"GRM_Macro_Tool.lua","C:\Program Files (x86)\World of Warcraft\_retail_\Interface\AddOns\Guild_Roster_Manager\GRM_Macro_Tool.lua","422","assigned function","GRM_UI.SpecialRuleActivityFilter"
"GRM_Macro_Tool.lua","C:\Program Files (x86)\World of Warcraft\_retail_\Interface\AddOns\Guild_Roster_Manager\GRM_Macro_Tool.lua","432","assigned function","GRM_UI.SpecialtyActivityFilterFormat"
"GRM_Macro_Tool.lua","C:\Program Files (x86)\World of Warcraft\_retail_\Interface\AddOns\Guild_Roster_Manager\GRM_Macro_Tool.lua","453","assigned function","GRM_UI.SpecialRuleInactivityEditBox"
"GRM_Macro_Tool.lua","C:\Program Files (x86)\World of Warcraft\_retail_\Interface\AddOns\Guild_Roster_Manager\GRM_Macro_Tool.lua","465","assigned function","GRM_UI.DropDownToolTip"
"GRM_Macro_Tool.lua","C:\Program Files (x86)\World of Warcraft\_retail_\Interface\AddOns\Guild_Roster_Manager\GRM_Macro_Tool.lua","473","assigned function","GRM_UI.SpecialActivityDropDownSelection"
"GRM_Macro_Tool.lua","C:\Program Files (x86)\World of Warcraft\_retail_\Interface\AddOns\Guild_Roster_Manager\GRM_Macro_Tool.lua","487","assigned function","GRM_UI.SpecialRuleSyncOption"
"GRM_Macro_Tool.lua","C:\Program Files (x86)\World of Warcraft\_retail_\Interface\AddOns\Guild_Roster_Manager\GRM_Macro_Tool.lua","499","assigned function","GRM_UI.SpecialSyncCheckBoxFormat"
"GRM_Macro_Tool.lua","C:\Program Files (x86)\World of Warcraft\_retail_\Interface\AddOns\Guild_Roster_Manager\GRM_Macro_Tool.lua","529","assigned function","GRM_Macro.SpecialRuleConfirm"
"GRM_Macro_Tool.lua","C:\Program Files (x86)\World of Warcraft\_retail_\Interface\AddOns\Guild_Roster_Manager\GRM_Macro_Tool.lua","587","assigned function","GRM_Macro.SpecialRuleCancel"
"GRM_Macro_Tool.lua","C:\Program Files (x86)\World of Warcraft\_retail_\Interface\AddOns\Guild_Roster_Manager\GRM_Macro_Tool.lua","619","assigned function","GRM_UI.BuildMacroToolFrame"
"GRM_Macro_Tool.lua","C:\Program Files (x86)\World of Warcraft\_retail_\Interface\AddOns\Guild_Roster_Manager\GRM_Macro_Tool.lua","621","assigned function","GRM_Macro.EditHotKey"
"GRM_Macro_Tool.lua","C:\Program Files (x86)\World of Warcraft\_retail_\Interface\AddOns\Guild_Roster_Manager\GRM_Macro_Tool.lua","634","assigned function","GRM_UI.BuildHotKeyEditWindow"
"GRM_Macro_Tool.lua","C:\Program Files (x86)\World of Warcraft\_retail_\Interface\AddOns\Guild_Roster_Manager\GRM_Macro_Tool.lua","650","assigned function","GRM_Macro.ClearHotKey"
"GRM_Macro_Tool.lua","C:\Program Files (x86)\World of Warcraft\_retail_\Interface\AddOns\Guild_Roster_Manager\GRM_Macro_Tool.lua","657","assigned function","GRM_Macro.ConfirmHotKey"
"GRM_Macro_Tool.lua","C:\Program Files (x86)\World of Warcraft\_retail_\Interface\AddOns\Guild_Roster_Manager\GRM_Macro_Tool.lua","693","assigned function","GRM_Macro.AddShift"
"GRM_Macro_Tool.lua","C:\Program Files (x86)\World of Warcraft\_retail_\Interface\AddOns\Guild_Roster_Manager\GRM_Macro_Tool.lua","722","assigned function","GRM_Macro.AddControl"
"GRM_Macro_Tool.lua","C:\Program Files (x86)\World of Warcraft\_retail_\Interface\AddOns\Guild_Roster_Manager\GRM_Macro_Tool.lua","756","assigned function","GRM_Macro.HotKeyEditBoxTooltip"
"GRM_Macro_Tool.lua","C:\Program Files (x86)\World of Warcraft\_retail_\Interface\AddOns\Guild_Roster_Manager\GRM_Macro_Tool.lua","763","assigned function","GRM_Macro.UpdateWithFinalKey"
"GRM_Macro_Tool.lua","C:\Program Files (x86)\World of Warcraft\_retail_\Interface\AddOns\Guild_Roster_Manager\GRM_Macro_Tool.lua","1140","assigned function","GRM_R.SelectAllRuleLogic"
"GRM_Macro_Tool.lua","C:\Program Files (x86)\World of Warcraft\_retail_\Interface\AddOns\Guild_Roster_Manager\GRM_Macro_Tool.lua","1164","assigned function","GRM_UI.LoadAdditionalMacroToolFrames"
"GRM_Macro_Tool.lua","C:\Program Files (x86)\World of Warcraft\_retail_\Interface\AddOns\Guild_Roster_Manager\GRM_Macro_Tool.lua","1237","assigned function","GRM_UI.LoadToolFrames"
"GRM_Macro_Tool.lua","C:\Program Files (x86)\World of Warcraft\_retail_\Interface\AddOns\Guild_Roster_Manager\GRM_Macro_Tool.lua","1312","assigned function","GRM_Macro.CustomMessageToPlayerNote"
"GRM_Macro_Tool.lua","C:\Program Files (x86)\World of Warcraft\_retail_\Interface\AddOns\Guild_Roster_Manager\GRM_Macro_Tool.lua","2279","assigned function","GRM_UI.ConfigureToolTab"
"GRM_Macro_Tool.lua","C:\Program Files (x86)\World of Warcraft\_retail_\Interface\AddOns\Guild_Roster_Manager\GRM_Macro_Tool.lua","2522","assigned function","GRM_R.SetRuleCheckedStatus"
"GRM_Macro_Tool.lua","C:\Program Files (x86)\World of Warcraft\_retail_\Interface\AddOns\Guild_Roster_Manager\GRM_Macro_Tool.lua","2747","assigned function","GRM_UI.RuleNameEditBoxTT"
"GRM_Macro_Tool.lua","C:\Program Files (x86)\World of Warcraft\_retail_\Interface\AddOns\Guild_Roster_Manager\GRM_Macro_Tool.lua","3106","assigned function","GRM_UI.SetRankCustomRuleFilters"
"GRM_Macro_Tool.lua","C:\Program Files (x86)\World of Warcraft\_retail_\Interface\AddOns\Guild_Roster_Manager\GRM_Macro_Tool.lua","3137","assigned function","GRM_UI.SetDefaultRankFilters"
"GRM_Macro_Tool.lua","C:\Program Files (x86)\World of Warcraft\_retail_\Interface\AddOns\Guild_Roster_Manager\GRM_Macro_Tool.lua","3161","assigned function","GRM_UI.EnableEvenIfActiveButton"
"GRM_Macro_Tool.lua","C:\Program Files (x86)\World of Warcraft\_retail_\Interface\AddOns\Guild_Roster_Manager\GRM_Macro_Tool.lua","3172","assigned function","GRM_UI.DisableEvenIfActiveButton"
"GRM_Macro_Tool.lua","C:\Program Files (x86)\World of Warcraft\_retail_\Interface\AddOns\Guild_Roster_Manager\GRM_Macro_Tool.lua","3189","assigned function","GRM_UI.EnableCustomSelectionOfRanks"
"GRM_Macro_Tool.lua","C:\Program Files (x86)\World of Warcraft\_retail_\Interface\AddOns\Guild_Roster_Manager\GRM_Macro_Tool.lua","3202","assigned function","GRM_UI.DisableCustomSelectionRanks"
"GRM_Macro_Tool.lua","C:\Program Files (x86)\World of Warcraft\_retail_\Interface\AddOns\Guild_Roster_Manager\GRM_Macro_Tool.lua","3215","assigned function","GRM_UI.DisableLevelSelectionEditBoxes"
"GRM_Macro_Tool.lua","C:\Program Files (x86)\World of Warcraft\_retail_\Interface\AddOns\Guild_Roster_Manager\GRM_Macro_Tool.lua","3227","assigned function","GRM_UI.EnableLevelSelectionEditBoxes"
"GRM_Macro_Tool.lua","C:\Program Files (x86)\World of Warcraft\_retail_\Interface\AddOns\Guild_Roster_Manager\GRM_Macro_Tool.lua","3239","assigned function","GRM_UI.EnableRankActivityFrames"
"GRM_Macro_Tool.lua","C:\Program Files (x86)\World of Warcraft\_retail_\Interface\AddOns\Guild_Roster_Manager\GRM_Macro_Tool.lua","3259","assigned function","GRM_UI.DisableRankActivityFrames"
"GRM_Macro_Tool.lua","C:\Program Files (x86)\World of Warcraft\_retail_\Interface\AddOns\Guild_Roster_Manager\GRM_Macro_Tool.lua","3278","assigned function","GRM_UI.ConfigureRankCheckBoxesPromoteAndDemote"
"GRM_Macro_Tool.lua","C:\Program Files (x86)\World of Warcraft\_retail_\Interface\AddOns\Guild_Roster_Manager\GRM_Macro_Tool.lua","3340","assigned function","GRM_UI.ConfigureCustomRuleKickFrame"
"GRM_Macro_Tool.lua","C:\Program Files (x86)\World of Warcraft\_retail_\Interface\AddOns\Guild_Roster_Manager\GRM_Macro_Tool.lua","3780","assigned function","GRM_UI.ConfigureCustomRulePromoteAndDemoteFrame"
"GRM_Macro_Tool.lua","C:\Program Files (x86)\World of Warcraft\_retail_\Interface\AddOns\Guild_Roster_Manager\GRM_Macro_Tool.lua","4417","assigned function","GRM_UI.ConfigureCustomRulePromoteFrame"
"GRM_Macro_Tool.lua","C:\Program Files (x86)\World of Warcraft\_retail_\Interface\AddOns\Guild_Roster_Manager\GRM_Macro_Tool.lua","4421","assigned function","GRM_UI.ConfigureSpecialRuleFrame"
"GRM_Macro_Tool.lua","C:\Program Files (x86)\World of Warcraft\_retail_\Interface\AddOns\Guild_Roster_Manager\GRM_Macro_Tool.lua","4933","assigned function","GRM_UI.PopulateScaleSelectionDropDown"
"GRM_Macro_Tool.lua","C:\Program Files (x86)\World of Warcraft\_retail_\Interface\AddOns\Guild_Roster_Manager\GRM_Macro_Tool.lua","5002","assigned function","GRM_UI.PopularGuildOrRankDropDown"
"GRM_Macro_Tool.lua","C:\Program Files (x86)\World of Warcraft\_retail_\Interface\AddOns\Guild_Roster_Manager\GRM_Macro_Tool.lua","5203","assigned function","GRM_UI.PopulateActivityScaleSelectionDropDown"
"GRM_Macro_Tool.lua","C:\Program Files (x86)\World of Warcraft\_retail_\Interface\AddOns\Guild_Roster_Manager\GRM_Macro_Tool.lua","5514","assigned function","GRM.ConfigureSymbolSelected"
"GRM_Macro_Tool.lua","C:\Program Files (x86)\World of Warcraft\_retail_\Interface\AddOns\Guild_Roster_Manager\GRM_Macro_Tool.lua","5678","assigned function","GRM_UI.EnableNoteMatch"
"GRM_Macro_Tool.lua","C:\Program Files (x86)\World of Warcraft\_retail_\Interface\AddOns\Guild_Roster_Manager\GRM_Macro_Tool.lua","5693","assigned function","GRM_UI.DisableNoteMatch"
"GRM_Macro_Tool.lua","C:\Program Files (x86)\World of Warcraft\_retail_\Interface\AddOns\Guild_Roster_Manager\GRM_Macro_Tool.lua","5706","assigned function","GRM_UI.EnableNoteEditBox"
"GRM_Macro_Tool.lua","C:\Program Files (x86)\World of Warcraft\_retail_\Interface\AddOns\Guild_Roster_Manager\GRM_Macro_Tool.lua","5722","assigned function","GRM_UI.DisableNoteEditBox"
"GRM_Macro_Tool.lua","C:\Program Files (x86)\World of Warcraft\_retail_\Interface\AddOns\Guild_Roster_Manager\GRM_Macro_Tool.lua","5774","assigned function","GRM_UI.EnableSafeNoteMatch"
"GRM_Macro_Tool.lua","C:\Program Files (x86)\World of Warcraft\_retail_\Interface\AddOns\Guild_Roster_Manager\GRM_Macro_Tool.lua","5782","assigned function","GRM_UI.DisableSafeNoteMatch"
"GRM_Macro_Tool.lua","C:\Program Files (x86)\World of Warcraft\_retail_\Interface\AddOns\Guild_Roster_Manager\GRM_Macro_Tool.lua","5900","assigned function","GRM_UI.EnableCustomLogEntry"
"GRM_Macro_Tool.lua","C:\Program Files (x86)\World of Warcraft\_retail_\Interface\AddOns\Guild_Roster_Manager\GRM_Macro_Tool.lua","5905","assigned function","GRM_UI.DisableCustomLogEntry"
"GRM_Macro_Tool.lua","C:\Program Files (x86)\World of Warcraft\_retail_\Interface\AddOns\Guild_Roster_Manager\GRM_Macro_Tool.lua","5997","assigned function","GRM_UI.AddMessageToNoteAfterRankChange"
"GRM_Macro_Tool.lua","C:\Program Files (x86)\World of Warcraft\_retail_\Interface\AddOns\Guild_Roster_Manager\GRM_Macro_Tool.lua","6015","assigned function","GRM_UI.AddMessageToNoteOverwriteLogic"
"GRM_Macro_Tool.lua","C:\Program Files (x86)\World of Warcraft\_retail_\Interface\AddOns\Guild_Roster_Manager\GRM_Macro_Tool.lua","6024","assigned function","GRM_UI.AddMessageToNoteDestinationChoice"
"GRM_Macro_Tool.lua","C:\Program Files (x86)\World of Warcraft\_retail_\Interface\AddOns\Guild_Roster_Manager\GRM_Macro_Tool.lua","6034","assigned function","GRM_UI.SetMessageToNoteRadialConfig"
"GRM_Macro_Tool.lua","C:\Program Files (x86)\World of Warcraft\_retail_\Interface\AddOns\Guild_Roster_Manager\GRM_Macro_Tool.lua","6050","assigned function","GRM_UI.MessageToNoteOverwriteTT"
"GRM_Macro_Tool.lua","C:\Program Files (x86)\World of Warcraft\_retail_\Interface\AddOns\Guild_Roster_Manager\GRM_Macro_Tool.lua","6059","assigned function","GRM_UI.AddMessageToNoteEditBoxTT"
"GRM_Macro_Tool.lua","C:\Program Files (x86)\World of Warcraft\_retail_\Interface\AddOns\Guild_Roster_Manager\GRM_Macro_Tool.lua","6073","assigned function","GRM_UI.GRM_AddMessageToNoteCheckbox_Enable"
"GRM_Macro_Tool.lua","C:\Program Files (x86)\World of Warcraft\_retail_\Interface\AddOns\Guild_Roster_Manager\GRM_Macro_Tool.lua","6088","assigned function","GRM_UI.GRM_AddMessageToNoteCheckbox_Disable"
"GRM_Macro_Tool.lua","C:\Program Files (x86)\World of Warcraft\_retail_\Interface\AddOns\Guild_Roster_Manager\GRM_Macro_Tool.lua","6103","assigned function","GRM_UI.HideAllAddMessageToNote"
"GRM_Macro_Tool.lua","C:\Program Files (x86)\World of Warcraft\_retail_\Interface\AddOns\Guild_Roster_Manager\GRM_Macro_Tool.lua","6115","assigned function","GRM_UI.ShowAllAddMessageToNote"
"GRM_Macro_Tool.lua","C:\Program Files (x86)\World of Warcraft\_retail_\Interface\AddOns\Guild_Roster_Manager\GRM_Macro_Tool.lua","6210","assigned function","GRM_UI.SetDestinationSelection"
"GRM_Macro_Tool.lua","C:\Program Files (x86)\World of Warcraft\_retail_\Interface\AddOns\Guild_Roster_Manager\GRM_Macro_Tool.lua","6231","assigned function","GRM_UI.AdjustColoringOfDestinationRanks"
"GRM_Macro_Tool.lua","C:\Program Files (x86)\World of Warcraft\_retail_\Interface\AddOns\Guild_Roster_Manager\GRM_Macro_Tool.lua","6351","assigned function","GRM_UI.ModifyRuleUI"
"GRM_Macro_Tool.lua","C:\Program Files (x86)\World of Warcraft\_retail_\Interface\AddOns\Guild_Roster_Manager\GRM_Macro_Tool.lua","6463","assigned function","GRM_UI.LocalizationMModifications"
"GRM_Macro_Tool.lua","C:\Program Files (x86)\World of Warcraft\_retail_\Interface\AddOns\Guild_Roster_Manager\GRM_Macro_Tool.lua","6628","assigned function","GRM_UI.RefreshToolPermissionReport"
"GRM_Macro_Tool.lua","C:\Program Files (x86)\World of Warcraft\_retail_\Interface\AddOns\Guild_Roster_Manager\GRM_Macro_Tool.lua","6658","assigned function","GRM.BuildCustomKickEntries"
"GRM_Macro_Tool.lua","C:\Program Files (x86)\World of Warcraft\_retail_\Interface\AddOns\Guild_Roster_Manager\GRM_Macro_Tool.lua","6704","assigned function","GRM.BuildCustomPromoteEntries"
"GRM_Macro_Tool.lua","C:\Program Files (x86)\World of Warcraft\_retail_\Interface\AddOns\Guild_Roster_Manager\GRM_Macro_Tool.lua","6759","assigned function","GRM.BuildCustomDemoteEntries"
"GRM_Macro_Tool.lua","C:\Program Files (x86)\World of Warcraft\_retail_\Interface\AddOns\Guild_Roster_Manager\GRM_Macro_Tool.lua","6813","assigned function","GRM.StartQueuedEntriesScan"
"GRM_Macro_Tool.lua","C:\Program Files (x86)\World of Warcraft\_retail_\Interface\AddOns\Guild_Roster_Manager\GRM_Macro_Tool.lua","6870","assigned function","GRM.ProcessNextQueuedEntriesChunk"
"GRM_Macro_Tool.lua","C:\Program Files (x86)\World of Warcraft\_retail_\Interface\AddOns\Guild_Roster_Manager\GRM_Macro_Tool.lua","6917","assigned function","GRM.GetListOfQueuedNames"
"GRM_Macro_Tool.lua","C:\Program Files (x86)\World of Warcraft\_retail_\Interface\AddOns\Guild_Roster_Manager\GRM_Macro_Tool.lua","6930","assigned function","GRM.SetKickQueuedValues"
"GRM_Macro_Tool.lua","C:\Program Files (x86)\World of Warcraft\_retail_\Interface\AddOns\Guild_Roster_Manager\GRM_Macro_Tool.lua","6969","assigned function","GRM.KickQueuedHybridShiftDown"
"GRM_Macro_Tool.lua","C:\Program Files (x86)\World of Warcraft\_retail_\Interface\AddOns\Guild_Roster_Manager\GRM_Macro_Tool.lua","6998","assigned function","GRM.KickQueuedHybridShiftUp"
"GRM_Macro_Tool.lua","C:\Program Files (x86)\World of Warcraft\_retail_\Interface\AddOns\Guild_Roster_Manager\GRM_Macro_Tool.lua","7025","assigned function","GRM.KickQueuedSetLastValue"
"GRM_Macro_Tool.lua","C:\Program Files (x86)\World of Warcraft\_retail_\Interface\AddOns\Guild_Roster_Manager\GRM_Macro_Tool.lua","7032","assigned function","GRM.KickQueuedSetFirstValue"
"GRM_Macro_Tool.lua","C:\Program Files (x86)\World of Warcraft\_retail_\Interface\AddOns\Guild_Roster_Manager\GRM_Macro_Tool.lua","7039","assigned function","GRM.GetToolTipLine"
"GRM_Macro_Tool.lua","C:\Program Files (x86)\World of Warcraft\_retail_\Interface\AddOns\Guild_Roster_Manager\GRM_Macro_Tool.lua","7088","assigned function","GRM.UpdateQueuedTooltip"
"GRM_Macro_Tool.lua","C:\Program Files (x86)\World of Warcraft\_retail_\Interface\AddOns\Guild_Roster_Manager\GRM_Macro_Tool.lua","7180","assigned function","GRM.TriggerKickQueuedWindowRefresh"
"GRM_Macro_Tool.lua","C:\Program Files (x86)\World of Warcraft\_retail_\Interface\AddOns\Guild_Roster_Manager\GRM_Macro_Tool.lua","7192","assigned function","GRM.ClearQuedAndMacroFrames"
"GRM_Macro_Tool.lua","C:\Program Files (x86)\World of Warcraft\_retail_\Interface\AddOns\Guild_Roster_Manager\GRM_Macro_Tool.lua","7199","assigned function","GRM.DoBuildScrollFrameWithEntries"
"GRM_Macro_Tool.lua","C:\Program Files (x86)\World of Warcraft\_retail_\Interface\AddOns\Guild_Roster_Manager\GRM_Macro_Tool.lua","7302","assigned function","GRM.InitializeQuedScrollFrame"
"GRM_Macro_Tool.lua","C:\Program Files (x86)\World of Warcraft\_retail_\Interface\AddOns\Guild_Roster_Manager\GRM_Macro_Tool.lua","7328","assigned function","GRM.BuildKickQueuedScrollButtons"
"GRM_Macro_Tool.lua","C:\Program Files (x86)\World of Warcraft\_retail_\Interface\AddOns\Guild_Roster_Manager\GRM_Macro_Tool.lua","7398","assigned function","GRM.IsMouseStillOverAnyButton"
"GRM_Macro_Tool.lua","C:\Program Files (x86)\World of Warcraft\_retail_\Interface\AddOns\Guild_Roster_Manager\GRM_Macro_Tool.lua","7418","assigned function","GRM.IsAnyMacroHighlighted"
"GRM_Macro_Tool.lua","C:\Program Files (x86)\World of Warcraft\_retail_\Interface\AddOns\Guild_Roster_Manager\GRM_Macro_Tool.lua","7435","assigned function","GRM.SetMacroButtonText"
"GRM_Macro_Tool.lua","C:\Program Files (x86)\World of Warcraft\_retail_\Interface\AddOns\Guild_Roster_Manager\GRM_Macro_Tool.lua","7455","assigned function","GRM.IsNameBlacklisted"
"GRM_Macro_Tool.lua","C:\Program Files (x86)\World of Warcraft\_retail_\Interface\AddOns\Guild_Roster_Manager\GRM_Macro_Tool.lua","7471","assigned function","GRM.GetMacroEntries"
"GRM_Macro_Tool.lua","C:\Program Files (x86)\World of Warcraft\_retail_\Interface\AddOns\Guild_Roster_Manager\GRM_Macro_Tool.lua","7542","assigned function","GRM.GetMacroCountForPromoteAndDemote"
"GRM_Macro_Tool.lua","C:\Program Files (x86)\World of Warcraft\_retail_\Interface\AddOns\Guild_Roster_Manager\GRM_Macro_Tool.lua","7634","assigned function","GRM.IsMacroActionComplete"
"GRM_Macro_Tool.lua","C:\Program Files (x86)\World of Warcraft\_retail_\Interface\AddOns\Guild_Roster_Manager\GRM_Macro_Tool.lua","7648","assigned function","GRM.PurgeMacrodNames"
"GRM_Macro_Tool.lua","C:\Program Files (x86)\World of Warcraft\_retail_\Interface\AddOns\Guild_Roster_Manager\GRM_Macro_Tool.lua","7673","assigned function","GRM.ValidateMacroRecordingSuccess"
"GRM_Macro_Tool.lua","C:\Program Files (x86)\World of Warcraft\_retail_\Interface\AddOns\Guild_Roster_Manager\GRM_Macro_Tool.lua","7716","assigned function","GRM.SetMacroValues"
"GRM_Macro_Tool.lua","C:\Program Files (x86)\World of Warcraft\_retail_\Interface\AddOns\Guild_Roster_Manager\GRM_Macro_Tool.lua","7740","assigned function","GRM.KickMacrodHybridShiftDown"
"GRM_Macro_Tool.lua","C:\Program Files (x86)\World of Warcraft\_retail_\Interface\AddOns\Guild_Roster_Manager\GRM_Macro_Tool.lua","7781","assigned function","GRM.KickMacrodHybridShiftUp"
"GRM_Macro_Tool.lua","C:\Program Files (x86)\World of Warcraft\_retail_\Interface\AddOns\Guild_Roster_Manager\GRM_Macro_Tool.lua","7821","assigned function","GRM.KickMacrodSetLastValue"
"GRM_Macro_Tool.lua","C:\Program Files (x86)\World of Warcraft\_retail_\Interface\AddOns\Guild_Roster_Manager\GRM_Macro_Tool.lua","7828","assigned function","GRM.KickMacrodSetFirstValue"
"GRM_Macro_Tool.lua","C:\Program Files (x86)\World of Warcraft\_retail_\Interface\AddOns\Guild_Roster_Manager\GRM_Macro_Tool.lua","7835","assigned function","GRM.UpdateMacrodTooltip"
"GRM_Macro_Tool.lua","C:\Program Files (x86)\World of Warcraft\_retail_\Interface\AddOns\Guild_Roster_Manager\GRM_Macro_Tool.lua","7852","assigned function","GRM.RemoveNamesFromMacroEntries"
"GRM_Macro_Tool.lua","C:\Program Files (x86)\World of Warcraft\_retail_\Interface\AddOns\Guild_Roster_Manager\GRM_Macro_Tool.lua","7867","assigned function","GRM.RMM"
"GRM_Macro_Tool.lua","C:\Program Files (x86)\World of Warcraft\_retail_\Interface\AddOns\Guild_Roster_Manager\GRM_Macro_Tool.lua","7875","assigned function","GRM.BuildMacrodScrollFrame"
"GRM_Macro_Tool.lua","C:\Program Files (x86)\World of Warcraft\_retail_\Interface\AddOns\Guild_Roster_Manager\GRM_Macro_Tool.lua","7992","assigned function","GRM.GetHotKeyRecommendationScript"
"GRM_Macro_Tool.lua","C:\Program Files (x86)\World of Warcraft\_retail_\Interface\AddOns\Guild_Roster_Manager\GRM_Macro_Tool.lua","8008","assigned function","GRM.ResetToolMacrodHighlights"
"GRM_Macro_Tool.lua","C:\Program Files (x86)\World of Warcraft\_retail_\Interface\AddOns\Guild_Roster_Manager\GRM_Macro_Tool.lua","8023","assigned function","GRM.BuildKickMacrodScrollButtons"
"GRM_Macro_Tool.lua","C:\Program Files (x86)\World of Warcraft\_retail_\Interface\AddOns\Guild_Roster_Manager\GRM_Macro_Tool.lua","8120","assigned function","GRM.HowManySafeListsIsPlayerOn"
"GRM_Macro_Tool.lua","C:\Program Files (x86)\World of Warcraft\_retail_\Interface\AddOns\Guild_Roster_Manager\GRM_Macro_Tool.lua","8135","assigned function","GRM.IsAnyIgnoredHighlighted"
"GRM_Macro_Tool.lua","C:\Program Files (x86)\World of Warcraft\_retail_\Interface\AddOns\Guild_Roster_Manager\GRM_Macro_Tool.lua","8152","assigned function","GRM.SetIgnoredButtonText"
"GRM_Macro_Tool.lua","C:\Program Files (x86)\World of Warcraft\_retail_\Interface\AddOns\Guild_Roster_Manager\GRM_Macro_Tool.lua","8185","assigned function","GRM.ResetIgnoredHighlights"
"GRM_Macro_Tool.lua","C:\Program Files (x86)\World of Warcraft\_retail_\Interface\AddOns\Guild_Roster_Manager\GRM_Macro_Tool.lua","8200","assigned function","GRM.GetIgnoredEntries"
"GRM_Macro_Tool.lua","C:\Program Files (x86)\World of Warcraft\_retail_\Interface\AddOns\Guild_Roster_Manager\GRM_Macro_Tool.lua","8224","assigned function","GRM.RemoveHighlightedPlayersFromIgnoredList"
"GRM_Macro_Tool.lua","C:\Program Files (x86)\World of Warcraft\_retail_\Interface\AddOns\Guild_Roster_Manager\GRM_Macro_Tool.lua","8265","assigned function","GRM.ClearAllPlayersFromIgnoreList"
"GRM_Macro_Tool.lua","C:\Program Files (x86)\World of Warcraft\_retail_\Interface\AddOns\Guild_Roster_Manager\GRM_Macro_Tool.lua","8305","assigned function","GRM.GetNumIgnored"
"GRM_Macro_Tool.lua","C:\Program Files (x86)\World of Warcraft\_retail_\Interface\AddOns\Guild_Roster_Manager\GRM_Macro_Tool.lua","8324","assigned function","GRM.IsAnyIgnored"
"GRM_Macro_Tool.lua","C:\Program Files (x86)\World of Warcraft\_retail_\Interface\AddOns\Guild_Roster_Manager\GRM_Macro_Tool.lua","8344","assigned function","GRM.GetOnlySafePlayersWithIgnoredAction"
"GRM_Macro_Tool.lua","C:\Program Files (x86)\World of Warcraft\_retail_\Interface\AddOns\Guild_Roster_Manager\GRM_Macro_Tool.lua","8362","assigned function","GRM.SetIgnoredValues"
"GRM_Macro_Tool.lua","C:\Program Files (x86)\World of Warcraft\_retail_\Interface\AddOns\Guild_Roster_Manager\GRM_Macro_Tool.lua","8391","assigned function","GRM.IgnoredHybridShiftDown"
"GRM_Macro_Tool.lua","C:\Program Files (x86)\World of Warcraft\_retail_\Interface\AddOns\Guild_Roster_Manager\GRM_Macro_Tool.lua","8433","assigned function","GRM.IgnoredHybridShiftUp"
"GRM_Macro_Tool.lua","C:\Program Files (x86)\World of Warcraft\_retail_\Interface\AddOns\Guild_Roster_Manager\GRM_Macro_Tool.lua","8473","assigned function","GRM.IgnoredSetLastValue"
"GRM_Macro_Tool.lua","C:\Program Files (x86)\World of Warcraft\_retail_\Interface\AddOns\Guild_Roster_Manager\GRM_Macro_Tool.lua","8480","assigned function","GRM.IgnoredSetFirstValue"
"GRM_Macro_Tool.lua","C:\Program Files (x86)\World of Warcraft\_retail_\Interface\AddOns\Guild_Roster_Manager\GRM_Macro_Tool.lua","8487","assigned function","GRM.UpdateIgnoredToolTip"
"GRM_Macro_Tool.lua","C:\Program Files (x86)\World of Warcraft\_retail_\Interface\AddOns\Guild_Roster_Manager\GRM_Macro_Tool.lua","8548","assigned function","GRM.TriggerIgnoredQueuedWindowRefresh"
"GRM_Macro_Tool.lua","C:\Program Files (x86)\World of Warcraft\_retail_\Interface\AddOns\Guild_Roster_Manager\GRM_Macro_Tool.lua","8566","assigned function","GRM.BuildIgnoredScrollFrame"
"GRM_Macro_Tool.lua","C:\Program Files (x86)\World of Warcraft\_retail_\Interface\AddOns\Guild_Roster_Manager\GRM_Macro_Tool.lua","8644","assigned function","GRM.BuildIgnoredScrollButtons"
"GRM_Macro_Tool.lua","C:\Program Files (x86)\World of Warcraft\_retail_\Interface\AddOns\Guild_Roster_Manager\GRM_Macro_Tool.lua","8730","assigned function","GRM.GetRulesCount"
"GRM_Macro_Tool.lua","C:\Program Files (x86)\World of Warcraft\_retail_\Interface\AddOns\Guild_Roster_Manager\GRM_Macro_Tool.lua","8747","assigned function","GRM.RemoveRuleButtonLogic"
"GRM_Macro_Tool.lua","C:\Program Files (x86)\World of Warcraft\_retail_\Interface\AddOns\Guild_Roster_Manager\GRM_Macro_Tool.lua","8762","assigned function","GRM.AdjustRuleNumbers"
"GRM_Macro_Tool.lua","C:\Program Files (x86)\World of Warcraft\_retail_\Interface\AddOns\Guild_Roster_Manager\GRM_Macro_Tool.lua","8787","assigned function","GRM.GetKickRule"
"GRM_Macro_Tool.lua","C:\Program Files (x86)\World of Warcraft\_retail_\Interface\AddOns\Guild_Roster_Manager\GRM_Macro_Tool.lua","8794","assigned function","GRM.GetPromoteRule"
"GRM_Macro_Tool.lua","C:\Program Files (x86)\World of Warcraft\_retail_\Interface\AddOns\Guild_Roster_Manager\GRM_Macro_Tool.lua","8801","assigned function","GRM.GetDemoteRule"
"GRM_Macro_Tool.lua","C:\Program Files (x86)\World of Warcraft\_retail_\Interface\AddOns\Guild_Roster_Manager\GRM_Macro_Tool.lua","8808","assigned function","GRM_Macro.GetSpecialRule"
"GRM_Macro_Tool.lua","C:\Program Files (x86)\World of Warcraft\_retail_\Interface\AddOns\Guild_Roster_Manager\GRM_Macro_Tool.lua","8815","assigned function","GRM.ChangeRuleName"
"GRM_Macro_Tool.lua","C:\Program Files (x86)\World of Warcraft\_retail_\Interface\AddOns\Guild_Roster_Manager\GRM_Macro_Tool.lua","8824","assigned function","GRM_Macro.GetMacroRuleGUID"
"GRM_Macro_Tool.lua","C:\Program Files (x86)\World of Warcraft\_retail_\Interface\AddOns\Guild_Roster_Manager\GRM_Macro_Tool.lua","8831","assigned function","GRM.BuildNewKickRuleTemplate"
"GRM_Macro_Tool.lua","C:\Program Files (x86)\World of Warcraft\_retail_\Interface\AddOns\Guild_Roster_Manager\GRM_Macro_Tool.lua","8904","assigned function","GRM.BuildNewPromoteOrDemoteRuleTemplate"
"GRM_Macro_Tool.lua","C:\Program Files (x86)\World of Warcraft\_retail_\Interface\AddOns\Guild_Roster_Manager\GRM_Macro_Tool.lua","8994","assigned function","GRM_Macro.BuildNewSpecialRuleTemplate"
"GRM_Macro_Tool.lua","C:\Program Files (x86)\World of Warcraft\_retail_\Interface\AddOns\Guild_Roster_Manager\GRM_Macro_Tool.lua","9048","assigned function","GRM.ValidateRule"
"GRM_Macro_Tool.lua","C:\Program Files (x86)\World of Warcraft\_retail_\Interface\AddOns\Guild_Roster_Manager\GRM_Macro_Tool.lua","9078","assigned function","GRM.RuleIntegrityCheck"
"GRM_Macro_Tool.lua","C:\Program Files (x86)\World of Warcraft\_retail_\Interface\AddOns\Guild_Roster_Manager\GRM_Macro_Tool.lua","9089","assigned function","GRM.IsAnyInTableEnabled"
"GRM_Macro_Tool.lua","C:\Program Files (x86)\World of Warcraft\_retail_\Interface\AddOns\Guild_Roster_Manager\GRM_Macro_Tool.lua","9102","assigned function","GRM.AreAllEnabled"
"GRM_Macro_Tool.lua","C:\Program Files (x86)\World of Warcraft\_retail_\Interface\AddOns\Guild_Roster_Manager\GRM_Macro_Tool.lua","9112","assigned function","GRM.IsRuleReady"
"GRM_Macro_Tool.lua","C:\Program Files (x86)\World of Warcraft\_retail_\Interface\AddOns\Guild_Roster_Manager\GRM_Macro_Tool.lua","9155","assigned function","GRM_UI.IsSpecialRuleReady"
"GRM_Macro_Tool.lua","C:\Program Files (x86)\World of Warcraft\_retail_\Interface\AddOns\Guild_Roster_Manager\GRM_Macro_Tool.lua","9182","assigned function","GRM.RulesIntegrityCheck"
"GRM_Macro_Tool.lua","C:\Program Files (x86)\World of Warcraft\_retail_\Interface\AddOns\Guild_Roster_Manager\GRM_Macro_Tool.lua","9193","assigned function","GRM.GetRuleEntries"
"GRM_Macro_Tool.lua","C:\Program Files (x86)\World of Warcraft\_retail_\Interface\AddOns\Guild_Roster_Manager\GRM_Macro_Tool.lua","9228","assigned function","GRM.ClearRuleHighlights"
"GRM_Macro_Tool.lua","C:\Program Files (x86)\World of Warcraft\_retail_\Interface\AddOns\Guild_Roster_Manager\GRM_Macro_Tool.lua","9238","assigned function","GRM.ClearRuleHighlightsButGiven"
"GRM_Macro_Tool.lua","C:\Program Files (x86)\World of Warcraft\_retail_\Interface\AddOns\Guild_Roster_Manager\GRM_Macro_Tool.lua","9253","assigned function","GRM.IsRuleHighlighted"
"GRM_Macro_Tool.lua","C:\Program Files (x86)\World of Warcraft\_retail_\Interface\AddOns\Guild_Roster_Manager\GRM_Macro_Tool.lua","9272","assigned function","GRM.ShiftRuleUp"
"GRM_Macro_Tool.lua","C:\Program Files (x86)\World of Warcraft\_retail_\Interface\AddOns\Guild_Roster_Manager\GRM_Macro_Tool.lua","9298","assigned function","GRM.ShiftRuleDown"
"GRM_Macro_Tool.lua","C:\Program Files (x86)\World of Warcraft\_retail_\Interface\AddOns\Guild_Roster_Manager\GRM_Macro_Tool.lua","9324","assigned function","GRM_UI.GetRankRestrictionReport"
"GRM_Macro_Tool.lua","C:\Program Files (x86)\World of Warcraft\_retail_\Interface\AddOns\Guild_Roster_Manager\GRM_Macro_Tool.lua","9349","assigned function","GRM.BuildRuleButtons"
"GRM_Macro_Tool.lua","C:\Program Files (x86)\World of Warcraft\_retail_\Interface\AddOns\Guild_Roster_Manager\GRM_Macro_Tool.lua","9572","assigned function","GRM.BuildRulesScrollFrame"
"GRM_Macro_Tool.lua","C:\Program Files (x86)\World of Warcraft\_retail_\Interface\AddOns\Guild_Roster_Manager\GRM_Macro_Tool.lua","9668","assigned function","GRM.SetRuleValues"
"GRM_Macro_Tool.lua","C:\Program Files (x86)\World of Warcraft\_retail_\Interface\AddOns\Guild_Roster_Manager\GRM_Macro_Tool.lua","9707","assigned function","GRM.KickRulesHybridShiftDown"
"GRM_Macro_Tool.lua","C:\Program Files (x86)\World of Warcraft\_retail_\Interface\AddOns\Guild_Roster_Manager\GRM_Macro_Tool.lua","9755","assigned function","GRM.KickRulesHybridShiftUp"
"GRM_Macro_Tool.lua","C:\Program Files (x86)\World of Warcraft\_retail_\Interface\AddOns\Guild_Roster_Manager\GRM_Macro_Tool.lua","9801","assigned function","GRM.KickRulesSetLastValue"
"GRM_Macro_Tool.lua","C:\Program Files (x86)\World of Warcraft\_retail_\Interface\AddOns\Guild_Roster_Manager\GRM_Macro_Tool.lua","9808","assigned function","GRM.KickRulesSetFirstValue"
"GRM_Macro_Tool.lua","C:\Program Files (x86)\World of Warcraft\_retail_\Interface\AddOns\Guild_Roster_Manager\GRM_Macro_Tool.lua","9815","assigned function","GRM.GetRanksIncludedInFilter"
"GRM_Macro_Tool.lua","C:\Program Files (x86)\World of Warcraft\_retail_\Interface\AddOns\Guild_Roster_Manager\GRM_Macro_Tool.lua","9833","assigned function","GRM.UpdateRulesTooltip"
"GRM_Macro_Tool.lua","C:\Program Files (x86)\World of Warcraft\_retail_\Interface\AddOns\Guild_Roster_Manager\GRM_Macro_Tool.lua","10041","assigned function","GRM.UpdateSpecialRulesTooltip"
"GRM_Macro_Tool.lua","C:\Program Files (x86)\World of Warcraft\_retail_\Interface\AddOns\Guild_Roster_Manager\GRM_Macro_Tool.lua","10123","assigned function","GRM.HasTimeExceededDate"
"GRM_Macro_Tool.lua","C:\Program Files (x86)\World of Warcraft\_retail_\Interface\AddOns\Guild_Roster_Manager\GRM_Macro_Tool.lua","10135","assigned function","GRM.GetSingularOrPluralFormattingForMacroToolMsg"
"GRM_Macro_Tool.lua","C:\Program Files (x86)\World of Warcraft\_retail_\Interface\AddOns\Guild_Roster_Manager\GRM_Macro_Tool.lua","10162","assigned function","GRM.GetToolTipMessageForInGuildMessage"
"GRM_Macro_Tool.lua","C:\Program Files (x86)\World of Warcraft\_retail_\Interface\AddOns\Guild_Roster_Manager\GRM_Macro_Tool.lua","10553","assigned function","GRM_UI.GetYourOwnAltHighestRank"
"GRM_Macro_Tool.lua","C:\Program Files (x86)\World of Warcraft\_retail_\Interface\AddOns\Guild_Roster_Manager\GRM_Macro_Tool.lua","10604","assigned function","GRM_UI.PlayerCanBeMoved"
"GRM_Macro_Tool.lua","C:\Program Files (x86)\World of Warcraft\_retail_\Interface\AddOns\Guild_Roster_Manager\GRM_Macro_Tool.lua","10631","assigned function","GRM.GetKickNamesByFilterRulesChunk"
"GRM_Macro_Tool.lua","C:\Program Files (x86)\World of Warcraft\_retail_\Interface\AddOns\Guild_Roster_Manager\GRM_Macro_Tool.lua","10651","local function","GetOrAddPlayerRecEntry"
"GRM_Macro_Tool.lua","C:\Program Files (x86)\World of Warcraft\_retail_\Interface\AddOns\Guild_Roster_Manager\GRM_Macro_Tool.lua","10881","assigned function","GRM.GetPromoteAndDemoteNamesByFilterRulesChunk"
"GRM_Macro_Tool.lua","C:\Program Files (x86)\World of Warcraft\_retail_\Interface\AddOns\Guild_Roster_Manager\GRM_Macro_Tool.lua","10898","local function","GetOrAddPlayerRecEntry"
"GRM_Macro_Tool.lua","C:\Program Files (x86)\World of Warcraft\_retail_\Interface\AddOns\Guild_Roster_Manager\GRM_Macro_Tool.lua","11181","assigned function","GRM_UI.GetNamesBySpecialRulesChunk"
"GRM_Macro_Tool.lua","C:\Program Files (x86)\World of Warcraft\_retail_\Interface\AddOns\Guild_Roster_Manager\GRM_Macro_Tool.lua","11198","local function","CreateRecommendationEntry"
"GRM_Macro_Tool.lua","C:\Program Files (x86)\World of Warcraft\_retail_\Interface\AddOns\Guild_Roster_Manager\GRM_Macro_Tool.lua","11217","local function","GetPlayerAltGroupInfo"
"GRM_Macro_Tool.lua","C:\Program Files (x86)\World of Warcraft\_retail_\Interface\AddOns\Guild_Roster_Manager\GRM_Macro_Tool.lua","11354","assigned function","GRM.GetKickNamesByFilterRules"
"GRM_Macro_Tool.lua","C:\Program Files (x86)\World of Warcraft\_retail_\Interface\AddOns\Guild_Roster_Manager\GRM_Macro_Tool.lua","11666","assigned function","GRM.GetPromoteAndDemoteNamesByFilterRules"
"GRM_Macro_Tool.lua","C:\Program Files (x86)\World of Warcraft\_retail_\Interface\AddOns\Guild_Roster_Manager\GRM_Macro_Tool.lua","12018","assigned function","GRM_UI.GetNamesBySpecialRules"
"GRM_Macro_Tool.lua","C:\Program Files (x86)\World of Warcraft\_retail_\Interface\AddOns\Guild_Roster_Manager\GRM_Macro_Tool.lua","12166","assigned function","GRM_Macro.GetJumpsMsg"
"GRM_Macro_Tool.lua","C:\Program Files (x86)\World of Warcraft\_retail_\Interface\AddOns\Guild_Roster_Manager\GRM_Macro_Tool.lua","12189","assigned function","GRM_Macro.GetFullDatabaseAltsWithMain"
"GRM_Macro_Tool.lua","C:\Program Files (x86)\World of Warcraft\_retail_\Interface\AddOns\Guild_Roster_Manager\GRM_Macro_Tool.lua","12224","assigned function","GRM.SortAltsUnderMain"
"GRM_Macro_Tool.lua","C:\Program Files (x86)\World of Warcraft\_retail_\Interface\AddOns\Guild_Roster_Manager\GRM_Macro_Tool.lua","12323","assigned function","GRM.RefreshAllMacroToolFrames"
"GRM_Macro_Tool.lua","C:\Program Files (x86)\World of Warcraft\_retail_\Interface\AddOns\Guild_Roster_Manager\GRM_Macro_Tool.lua","12336","assigned function","GRM.GetSafePlayers"
"GRM_Macro_Tool.lua","C:\Program Files (x86)\World of Warcraft\_retail_\Interface\AddOns\Guild_Roster_Manager\GRM_Macro_Tool.lua","12365","assigned function","GRM.GetReasonIgnoredMsg"
"GRM_Macro_Tool.lua","C:\Program Files (x86)\World of Warcraft\_retail_\Interface\AddOns\Guild_Roster_Manager\GRM_Macro_Tool.lua","12383","assigned function","GRM.GetHigherRankCountMessage"
"GRM_Macro_Tool.lua","C:\Program Files (x86)\World of Warcraft\_retail_\Interface\AddOns\Guild_Roster_Manager\GRM_Macro_Tool.lua","12417","assigned function","GRM.RefreshMacroToolRuleCount"
"GRM_Macro_Tool.lua","C:\Program Files (x86)\World of Warcraft\_retail_\Interface\AddOns\Guild_Roster_Manager\GRM_Macro_Tool.lua","12486","assigned function","GRM.GetCountOfNamesBeingFilteredScan"
"GRM_Macro_Tool.lua","C:\Program Files (x86)\World of Warcraft\_retail_\Interface\AddOns\Guild_Roster_Manager\GRM_Macro_Tool.lua","12551","assigned function","GRM.ProcessNextCountingChunk"
"GRM_Macro_Tool.lua","C:\Program Files (x86)\World of Warcraft\_retail_\Interface\AddOns\Guild_Roster_Manager\GRM_Macro_Tool.lua","12557","local function","advanceCategory"
"GRM_Macro_Tool.lua","C:\Program Files (x86)\World of Warcraft\_retail_\Interface\AddOns\Guild_Roster_Manager\GRM_Macro_Tool.lua","12685","assigned function","GRM.RuleCountsFrameHandler"
"GRM_Macro_Tool.lua","C:\Program Files (x86)\World of Warcraft\_retail_\Interface\AddOns\Guild_Roster_Manager\GRM_Macro_Tool.lua","12698","assigned function","GRM.GetCachedRuleCounts"
"GRM_Macro_Tool.lua","C:\Program Files (x86)\World of Warcraft\_retail_\Interface\AddOns\Guild_Roster_Manager\GRM_Macro_Tool.lua","12724","assigned function","GRM_UI.UpdateToolButtonText"
"GRM_Macro_Tool.lua","C:\Program Files (x86)\World of Warcraft\_retail_\Interface\AddOns\Guild_Roster_Manager\GRM_Macro_Tool.lua","12750","assigned function","GRM_UI.RefreshToolButtonsOnUpdate_Async"
"GRM_Macro_Tool.lua","C:\Program Files (x86)\World of Warcraft\_retail_\Interface\AddOns\Guild_Roster_Manager\GRM_Macro_Tool.lua","12790","assigned function","GRM_UI.InitializeToolsUI"
"GRM_Macro_Tool.lua","C:\Program Files (x86)\World of Warcraft\_retail_\Interface\AddOns\Guild_Roster_Manager\GRM_Macro_Tool.lua","12809","assigned function","GRM_UI.RefreshManagementTool"
"GRM_Macro_Tool.lua","C:\Program Files (x86)\World of Warcraft\_retail_\Interface\AddOns\Guild_Roster_Manager\GRM_Macro_Tool.lua","12828","assigned function","GRM_UI.RefreshManagementToolDelay"
"GRM_Macro_Tool.lua","C:\Program Files (x86)\World of Warcraft\_retail_\Interface\AddOns\Guild_Roster_Manager\GRM_Macro_Tool.lua","12851","assigned function","GRM_UI.NonAsyncRefresh"
"GRM_Macro_Tool.lua","C:\Program Files (x86)\World of Warcraft\_retail_\Interface\AddOns\Guild_Roster_Manager\GRM_Macro_Tool.lua","12866","assigned function","GRM_UI.LoadRulesUI"
"GRM_Macro_Tool.lua","C:\Program Files (x86)\World of Warcraft\_retail_\Interface\AddOns\Guild_Roster_Manager\GRM_Macro_Tool.lua","12874","assigned function","GRM_UI.FullMacroToolRefresh"
"GRM_Macro_Tool.lua","C:\Program Files (x86)\World of Warcraft\_retail_\Interface\AddOns\Guild_Roster_Manager\GRM_Macro_Tool.lua","14176","assigned function","GRM.BuildMacroSyncTooltip"
"GRM_Minimap.lua","C:\Program Files (x86)\World of Warcraft\_retail_\Interface\AddOns\Guild_Roster_Manager\GRM_Minimap.lua","18","assigned function","MinimapGRM.MainWindowOpenLogic"
"GRM_Minimap.lua","C:\Program Files (x86)\World of Warcraft\_retail_\Interface\AddOns\Guild_Roster_Manager\GRM_Minimap.lua","51","assigned function","MinimapGRM.MinimapOnEnter"
"GRM_Minimap.lua","C:\Program Files (x86)\World of Warcraft\_retail_\Interface\AddOns\Guild_Roster_Manager\GRM_Minimap.lua","95","assigned function","MinimapGRM.CreateMiniMapWithLibDataBroker"
"GRM_Minimap.lua","C:\Program Files (x86)\World of Warcraft\_retail_\Interface\AddOns\Guild_Roster_Manager\GRM_Minimap.lua","112","assigned function","MinimapGRM.UpdateMinimapLabel"
"GRM_Minimap.lua","C:\Program Files (x86)\World of Warcraft\_retail_\Interface\AddOns\Guild_Roster_Manager\GRM_Minimap.lua","136","assigned function","MinimapGRM.CreateCustomMinimapButton"
"GRM_Minimap.lua","C:\Program Files (x86)\World of Warcraft\_retail_\Interface\AddOns\Guild_Roster_Manager\GRM_Minimap.lua","158","assigned function","MinimapGRM.CustomMinimapUpdatePos"
"GRM_Minimap.lua","C:\Program Files (x86)\World of Warcraft\_retail_\Interface\AddOns\Guild_Roster_Manager\GRM_Minimap.lua","191","assigned function","MinimapGRM.ResetMinimapPositionToDefault"
"GRM_Minimap.lua","C:\Program Files (x86)\World of Warcraft\_retail_\Interface\AddOns\Guild_Roster_Manager\GRM_Minimap.lua","203","assigned function","MinimapGRM.CustomMinimapDuringDrag"
"GRM_Minimap.lua","C:\Program Files (x86)\World of Warcraft\_retail_\Interface\AddOns\Guild_Roster_Manager\GRM_Minimap.lua","221","assigned function","MinimapGRM.CustomMinimapDuringDrag"
"GRM_Minimap.lua","C:\Program Files (x86)\World of Warcraft\_retail_\Interface\AddOns\Guild_Roster_Manager\GRM_Minimap.lua","321","assigned function","MinimapGRM.GRM_MinimapButtonInit"
"GRM_Minimap.lua","C:\Program Files (x86)\World of Warcraft\_retail_\Interface\AddOns\Guild_Roster_Manager\GRM_Minimap.lua","358","assigned function","MinimapGRM.Hide"
"GRM_Minimap.lua","C:\Program Files (x86)\World of Warcraft\_retail_\Interface\AddOns\Guild_Roster_Manager\GRM_Minimap.lua","367","assigned function","MinimapGRM.Show"
"GRM_Minimap.lua","C:\Program Files (x86)\World of Warcraft\_retail_\Interface\AddOns\Guild_Roster_Manager\GRM_Minimap.lua","376","assigned function","MinimapGRM.SetSelectedMinimap"
"GRM_Modules.lua","C:\Program Files (x86)\World of Warcraft\_retail_\Interface\AddOns\Guild_Roster_Manager\GRM_Modules.lua","6","assigned function","GRM_M.CreateModule"
"GRM_Modules.lua","C:\Program Files (x86)\World of Warcraft\_retail_\Interface\AddOns\Guild_Roster_Manager\GRM_Modules.lua","20","assigned function","GRM_M.AddModuleSetting"
"GRM_Nicknames.lua","C:\Program Files (x86)\World of Warcraft\_retail_\Interface\AddOns\Guild_Roster_Manager\GRM_Nicknames.lua","13","assigned function","NN.CreateNickObject"
"GRM_Nicknames.lua","C:\Program Files (x86)\World of Warcraft\_retail_\Interface\AddOns\Guild_Roster_Manager\GRM_Nicknames.lua","26","assigned function","NN.GetNickname"
"GRM_Nicknames.lua","C:\Program Files (x86)\World of Warcraft\_retail_\Interface\AddOns\Guild_Roster_Manager\GRM_Nicknames.lua","50","assigned function","NN.SetNickname"
"GRM_Nicknames.lua","C:\Program Files (x86)\World of Warcraft\_retail_\Interface\AddOns\Guild_Roster_Manager\GRM_Nicknames.lua","122","assigned function","NN.RemoveNickname"
"GRM_Nicknames.lua","C:\Program Files (x86)\World of Warcraft\_retail_\Interface\AddOns\Guild_Roster_Manager\GRM_Nicknames.lua","185","assigned function","NN.IsNicknameFormatValid"
"GRM_Nicknames.lua","C:\Program Files (x86)\World of Warcraft\_retail_\Interface\AddOns\Guild_Roster_Manager\GRM_Nicknames.lua","234","assigned function","NN.NickNamesSync"
"GRM_Patches.lua","C:\Program Files (x86)\World of Warcraft\_retail_\Interface\AddOns\Guild_Roster_Manager\GRM_Patches.lua","19","assigned function","GRM_Patch.SettingsCheck"
"GRM_Patches.lua","C:\Program Files (x86)\World of Warcraft\_retail_\Interface\AddOns\Guild_Roster_Manager\GRM_Patches.lua","1881","assigned function","GRM_Patch.FinalizeReportPatches"
"GRM_Patches.lua","C:\Program Files (x86)\World of Warcraft\_retail_\Interface\AddOns\Guild_Roster_Manager\GRM_Patches.lua","1929","assigned function","GRM_Patch.AddMemberSpecificData"
"GRM_Patches.lua","C:\Program Files (x86)\World of Warcraft\_retail_\Interface\AddOns\Guild_Roster_Manager\GRM_Patches.lua","1970","assigned function","GRM_Patch.ModifyMemberSpecificData"
"GRM_Patches.lua","C:\Program Files (x86)\World of Warcraft\_retail_\Interface\AddOns\Guild_Roster_Manager\GRM_Patches.lua","2029","assigned function","GRM_Patch.AddOrEditNewMacroSetting"
"GRM_Patches.lua","C:\Program Files (x86)\World of Warcraft\_retail_\Interface\AddOns\Guild_Roster_Manager\GRM_Patches.lua","2043","assigned function","GRM_Patch.AddNewSetting"
"GRM_Patches.lua","C:\Program Files (x86)\World of Warcraft\_retail_\Interface\AddOns\Guild_Roster_Manager\GRM_Patches.lua","2061","assigned function","GRM_Patch.EditSetting"
"GRM_Patches.lua","C:\Program Files (x86)\World of Warcraft\_retail_\Interface\AddOns\Guild_Roster_Manager\GRM_Patches.lua","2090","assigned function","GRM_Patch.ModifyOrAddMacroRuleSetting"
"GRM_Patches.lua","C:\Program Files (x86)\World of Warcraft\_retail_\Interface\AddOns\Guild_Roster_Manager\GRM_Patches.lua","2116","assigned function","GRM_Patch.ManageOldSettingsDB"
"GRM_Patches.lua","C:\Program Files (x86)\World of Warcraft\_retail_\Interface\AddOns\Guild_Roster_Manager\GRM_Patches.lua","2233","assigned function","GRM_Patch.ModifyPlayerSetting"
"GRM_Patches.lua","C:\Program Files (x86)\World of Warcraft\_retail_\Interface\AddOns\Guild_Roster_Manager\GRM_Patches.lua","2261","assigned function","GRM_Patch.ModifyOrAddMacroRuleSetting"
"GRM_Patches.lua","C:\Program Files (x86)\World of Warcraft\_retail_\Interface\AddOns\Guild_Roster_Manager\GRM_Patches.lua","2284","assigned function","GRM_Patch.AddPlayerSetting"
"GRM_Patches.lua","C:\Program Files (x86)\World of Warcraft\_retail_\Interface\AddOns\Guild_Roster_Manager\GRM_Patches.lua","2300","assigned function","GRM_Patch.PlayerSettingsIntegrityCheck"
"GRM_Patches.lua","C:\Program Files (x86)\World of Warcraft\_retail_\Interface\AddOns\Guild_Roster_Manager\GRM_Patches.lua","2324","assigned function","GRM_Patch.FixClassIncompatibilityBuild"
"GRM_Patches.lua","C:\Program Files (x86)\World of Warcraft\_retail_\Interface\AddOns\Guild_Roster_Manager\GRM_Patches.lua","2338","assigned function","GRM_Patch.RemoveMacroInClassic"
"GRM_Patches.lua","C:\Program Files (x86)\World of Warcraft\_retail_\Interface\AddOns\Guild_Roster_Manager\GRM_Patches.lua","2349","assigned function","GRM.TimeStampToEpoch"
"GRM_Patches.lua","C:\Program Files (x86)\World of Warcraft\_retail_\Interface\AddOns\Guild_Roster_Manager\GRM_Patches.lua","2425","assigned function","GRM_Patch.SetupAltTracking"
"GRM_Patches.lua","C:\Program Files (x86)\World of Warcraft\_retail_\Interface\AddOns\Guild_Roster_Manager\GRM_Patches.lua","2452","assigned function","GRM_Patch.UpdateRankControlSettingDefault"
"GRM_Patches.lua","C:\Program Files (x86)\World of Warcraft\_retail_\Interface\AddOns\Guild_Roster_Manager\GRM_Patches.lua","2473","assigned function","GRM_Patch.ExpandOptions"
"GRM_Patches.lua","C:\Program Files (x86)\World of Warcraft\_retail_\Interface\AddOns\Guild_Roster_Manager\GRM_Patches.lua","2490","assigned function","GRM_Patch.IntroduceUnknown"
"GRM_Patches.lua","C:\Program Files (x86)\World of Warcraft\_retail_\Interface\AddOns\Guild_Roster_Manager\GRM_Patches.lua","2516","assigned function","GRM_Patch.RemoveRepeats"
"GRM_Patches.lua","C:\Program Files (x86)\World of Warcraft\_retail_\Interface\AddOns\Guild_Roster_Manager\GRM_Patches.lua","2542","assigned function","GRM_Patch.EstablishThrottleSlider"
"GRM_Patches.lua","C:\Program Files (x86)\World of Warcraft\_retail_\Interface\AddOns\Guild_Roster_Manager\GRM_Patches.lua","2552","assigned function","GRM_Patch.ExpandOptionsScalable"
"GRM_Patches.lua","C:\Program Files (x86)\World of Warcraft\_retail_\Interface\AddOns\Guild_Roster_Manager\GRM_Patches.lua","2575","assigned function","GRM_Patch.SetMinimapValues"
"GRM_Patches.lua","C:\Program Files (x86)\World of Warcraft\_retail_\Interface\AddOns\Guild_Roster_Manager\GRM_Patches.lua","2586","assigned function","GRM_Patch.CleanupSettings"
"GRM_Patches.lua","C:\Program Files (x86)\World of Warcraft\_retail_\Interface\AddOns\Guild_Roster_Manager\GRM_Patches.lua","2600","assigned function","GRM_Patch.CleanupPromoDatesOrig"
"GRM_Patches.lua","C:\Program Files (x86)\World of Warcraft\_retail_\Interface\AddOns\Guild_Roster_Manager\GRM_Patches.lua","2639","assigned function","GRM_Patch.TurnOffDefaultSyncSettingsOption"
"GRM_Patches.lua","C:\Program Files (x86)\World of Warcraft\_retail_\Interface\AddOns\Guild_Roster_Manager\GRM_Patches.lua","2649","assigned function","GRM_Patch.ResetSyncThrottle"
"GRM_Patches.lua","C:\Program Files (x86)\World of Warcraft\_retail_\Interface\AddOns\Guild_Roster_Manager\GRM_Patches.lua","2659","assigned function","GRM_Patch.ResetCreationDates"
"GRM_Patches.lua","C:\Program Files (x86)\World of Warcraft\_retail_\Interface\AddOns\Guild_Roster_Manager\GRM_Patches.lua","2708","assigned function","GRM_Patch.CleanupLeftPlayersDatabaseOfRepeats"
"GRM_Patches.lua","C:\Program Files (x86)\World of Warcraft\_retail_\Interface\AddOns\Guild_Roster_Manager\GRM_Patches.lua","2732","assigned function","GRM_Patch.CleanupGuildNames"
"GRM_Patches.lua","C:\Program Files (x86)\World of Warcraft\_retail_\Interface\AddOns\Guild_Roster_Manager\GRM_Patches.lua","2776","assigned function","GRM_Patch.AddAutoBackupIndex"
"GRM_Patches.lua","C:\Program Files (x86)\World of Warcraft\_retail_\Interface\AddOns\Guild_Roster_Manager\GRM_Patches.lua","2790","assigned function","GRM_Patch.ConfigureAutoBackupSettings"
"GRM_Patches.lua","C:\Program Files (x86)\World of Warcraft\_retail_\Interface\AddOns\Guild_Roster_Manager\GRM_Patches.lua","2802","assigned function","GRM_Patch.ResetAllBackupsPatch"
"GRM_Patches.lua","C:\Program Files (x86)\World of Warcraft\_retail_\Interface\AddOns\Guild_Roster_Manager\GRM_Patches.lua","2819","assigned function","GRM_Patch.CleanupPromoDates"
"GRM_Patches.lua","C:\Program Files (x86)\World of Warcraft\_retail_\Interface\AddOns\Guild_Roster_Manager\GRM_Patches.lua","2846","assigned function","GRM_Patch.ExpandOptionsType"
"GRM_Patches.lua","C:\Program Files (x86)\World of Warcraft\_retail_\Interface\AddOns\Guild_Roster_Manager\GRM_Patches.lua","2885","assigned function","GRM_Patch.ModifyNewDefaultSetting"
"GRM_Patches.lua","C:\Program Files (x86)\World of Warcraft\_retail_\Interface\AddOns\Guild_Roster_Manager\GRM_Patches.lua","2918","assigned function","GRM_Patch.FixBrokenLanguageIndex"
"GRM_Patches.lua","C:\Program Files (x86)\World of Warcraft\_retail_\Interface\AddOns\Guild_Roster_Manager\GRM_Patches.lua","2955","assigned function","GRM_Patch.SetProperFontIndex"
"GRM_Patches.lua","C:\Program Files (x86)\World of Warcraft\_retail_\Interface\AddOns\Guild_Roster_Manager\GRM_Patches.lua","2970","assigned function","GRM_Patch.ConfigureMiscForPlayer"
"GRM_Patches.lua","C:\Program Files (x86)\World of Warcraft\_retail_\Interface\AddOns\Guild_Roster_Manager\GRM_Patches.lua","2986","assigned function","GRM_Patch.SetMiscConfiguration"
"GRM_Patches.lua","C:\Program Files (x86)\World of Warcraft\_retail_\Interface\AddOns\Guild_Roster_Manager\GRM_Patches.lua","3003","assigned function","GRM_Patch.ModifyPlayerMetadata"
"GRM_Patches.lua","C:\Program Files (x86)\World of Warcraft\_retail_\Interface\AddOns\Guild_Roster_Manager\GRM_Patches.lua","3057","assigned function","GRM_Patch.AddPlayerMetaDataSlot"
"GRM_Patches.lua","C:\Program Files (x86)\World of Warcraft\_retail_\Interface\AddOns\Guild_Roster_Manager\GRM_Patches.lua","3118","assigned function","GRM_Patch.AddNewDefaultSetting"
"GRM_Patches.lua","C:\Program Files (x86)\World of Warcraft\_retail_\Interface\AddOns\Guild_Roster_Manager\GRM_Patches.lua","3134","assigned function","GRM_Patch.SetProperRankRestrictions"
"GRM_Patches.lua","C:\Program Files (x86)\World of Warcraft\_retail_\Interface\AddOns\Guild_Roster_Manager\GRM_Patches.lua","3155","assigned function","GRM_Patch.FixAltData"
"GRM_Patches.lua","C:\Program Files (x86)\World of Warcraft\_retail_\Interface\AddOns\Guild_Roster_Manager\GRM_Patches.lua","3199","assigned function","GRM_Patch.RemoveGuildBackup"
"GRM_Patches.lua","C:\Program Files (x86)\World of Warcraft\_retail_\Interface\AddOns\Guild_Roster_Manager\GRM_Patches.lua","3294","assigned function","GRM_Patch.RemoveAllAutoBackups"
"GRM_Patches.lua","C:\Program Files (x86)\World of Warcraft\_retail_\Interface\AddOns\Guild_Roster_Manager\GRM_Patches.lua","3316","assigned function","GRM_Patch.CleanupAnniversaryEvents"
"GRM_Patches.lua","C:\Program Files (x86)\World of Warcraft\_retail_\Interface\AddOns\Guild_Roster_Manager\GRM_Patches.lua","3348","assigned function","GRM_Patch.RemoveTitlesEventDataAndUpdateBirthday"
"GRM_Patches.lua","C:\Program Files (x86)\World of Warcraft\_retail_\Interface\AddOns\Guild_Roster_Manager\GRM_Patches.lua","3383","assigned function","GRM_Patch.UpdateCalendarEventsDatabase"
"GRM_Patches.lua","C:\Program Files (x86)\World of Warcraft\_retail_\Interface\AddOns\Guild_Roster_Manager\GRM_Patches.lua","3398","assigned function","GRM_Patch.MatchLanguageTo24HrFormat"
"GRM_Patches.lua","C:\Program Files (x86)\World of Warcraft\_retail_\Interface\AddOns\Guild_Roster_Manager\GRM_Patches.lua","3413","assigned function","GRM_Patch.FixBanListNameGrammar"
"GRM_Patches.lua","C:\Program Files (x86)\World of Warcraft\_retail_\Interface\AddOns\Guild_Roster_Manager\GRM_Patches.lua","3431","assigned function","GRM_Patch.RemoveDouble"
"GRM_Patches.lua","C:\Program Files (x86)\World of Warcraft\_retail_\Interface\AddOns\Guild_Roster_Manager\GRM_Patches.lua","3457","assigned function","GRM_Patch.FixDoubleCopiesOfData"
"GRM_Patches.lua","C:\Program Files (x86)\World of Warcraft\_retail_\Interface\AddOns\Guild_Roster_Manager\GRM_Patches.lua","3470","assigned function","GRM_Patch.FixDoubleCopiesInLeftPLayers"
"GRM_Patches.lua","C:\Program Files (x86)\World of Warcraft\_retail_\Interface\AddOns\Guild_Roster_Manager\GRM_Patches.lua","3477","assigned function","GRM_Patch.FixDoubleCopiesInCurrentGuilds"
"GRM_Patches.lua","C:\Program Files (x86)\World of Warcraft\_retail_\Interface\AddOns\Guild_Roster_Manager\GRM_Patches.lua","3484","assigned function","GRM_Patch.FixDoubleCopiesInBackup"
"GRM_Patches.lua","C:\Program Files (x86)\World of Warcraft\_retail_\Interface\AddOns\Guild_Roster_Manager\GRM_Patches.lua","3521","assigned function","GRM_Patch.RemoveAltCopies"
"GRM_Patches.lua","C:\Program Files (x86)\World of Warcraft\_retail_\Interface\AddOns\Guild_Roster_Manager\GRM_Patches.lua","3540","assigned function","GRM_Patch.DoAltListIntegrityCheckAndCleanup"
"GRM_Patches.lua","C:\Program Files (x86)\World of Warcraft\_retail_\Interface\AddOns\Guild_Roster_Manager\GRM_Patches.lua","3559","assigned function","GRM_Patch.FixPlayerListOfAltsDatabase"
"GRM_Patches.lua","C:\Program Files (x86)\World of Warcraft\_retail_\Interface\AddOns\Guild_Roster_Manager\GRM_Patches.lua","3652","assigned function","GRM_Patch.AddStreamViewMarker"
"GRM_Patches.lua","C:\Program Files (x86)\World of Warcraft\_retail_\Interface\AddOns\Guild_Roster_Manager\GRM_Patches.lua","3674","assigned function","GRM_Patch.PratCompatibilityCheck"
"GRM_Patches.lua","C:\Program Files (x86)\World of Warcraft\_retail_\Interface\AddOns\Guild_Roster_Manager\GRM_Patches.lua","3692","assigned function","GRM_Patch.ModifyNoteSavedSettings"
"GRM_Patches.lua","C:\Program Files (x86)\World of Warcraft\_retail_\Interface\AddOns\Guild_Roster_Manager\GRM_Patches.lua","3708","assigned function","GRM_Patch.LogDatabaseRepair"
"GRM_Patches.lua","C:\Program Files (x86)\World of Warcraft\_retail_\Interface\AddOns\Guild_Roster_Manager\GRM_Patches.lua","3724","assigned function","GRM_Patch.FixCustomMinimapPosition"
"GRM_Patches.lua","C:\Program Files (x86)\World of Warcraft\_retail_\Interface\AddOns\Guild_Roster_Manager\GRM_Patches.lua","3741","assigned function","GRM_Patch.ConvertLeaderNoteControlFormatToGuildInfo"
"GRM_Patches.lua","C:\Program Files (x86)\World of Warcraft\_retail_\Interface\AddOns\Guild_Roster_Manager\GRM_Patches.lua","3836","assigned function","GRM_Patch.ConvertGenericTimestampToIntValues"
"GRM_Patches.lua","C:\Program Files (x86)\World of Warcraft\_retail_\Interface\AddOns\Guild_Roster_Manager\GRM_Patches.lua","3852","assigned function","GRM_Patch.ConvertAndModifyAnniversaryStorageFormat"
"GRM_Patches.lua","C:\Program Files (x86)\World of Warcraft\_retail_\Interface\AddOns\Guild_Roster_Manager\GRM_Patches.lua","3926","assigned function","GRM_Patch.EventDatabaseIntegrityCheckAndRebuild"
"GRM_Patches.lua","C:\Program Files (x86)\World of Warcraft\_retail_\Interface\AddOns\Guild_Roster_Manager\GRM_Patches.lua","3939","assigned function","GRM_Patch.AltListRepeatAndSelfCleanup"
"GRM_Patches.lua","C:\Program Files (x86)\World of Warcraft\_retail_\Interface\AddOns\Guild_Roster_Manager\GRM_Patches.lua","4032","assigned function","GRM_Patch.FixEventCalendarAdvanceScanTimeFrame"
"GRM_Patches.lua","C:\Program Files (x86)\World of Warcraft\_retail_\Interface\AddOns\Guild_Roster_Manager\GRM_Patches.lua","4046","assigned function","GRM_Patch.CleanupErroneousSlashesInBanNames"
"GRM_Patches.lua","C:\Program Files (x86)\World of Warcraft\_retail_\Interface\AddOns\Guild_Roster_Manager\GRM_Patches.lua","4062","assigned function","GRM_Patch.AddBanSlotIndex"
"GRM_Patches.lua","C:\Program Files (x86)\World of Warcraft\_retail_\Interface\AddOns\Guild_Roster_Manager\GRM_Patches.lua","4108","assigned function","GRM_Patch.FixUnknownPromoShowing"
"GRM_Patches.lua","C:\Program Files (x86)\World of Warcraft\_retail_\Interface\AddOns\Guild_Roster_Manager\GRM_Patches.lua","4157","assigned function","GRM_Patch.ConvertEmptyGUID"
"GRM_Patches.lua","C:\Program Files (x86)\World of Warcraft\_retail_\Interface\AddOns\Guild_Roster_Manager\GRM_Patches.lua","4205","assigned function","GRM_Patch.FixLeftPlayersClassToUppercase"
"GRM_Patches.lua","C:\Program Files (x86)\World of Warcraft\_retail_\Interface\AddOns\Guild_Roster_Manager\GRM_Patches.lua","4244","assigned function","GRM_Patch.BuildGUIDProfilesForAllNoLongerInGuild"
"GRM_Patches.lua","C:\Program Files (x86)\World of Warcraft\_retail_\Interface\AddOns\Guild_Roster_Manager\GRM_Patches.lua","4258","assigned function","GRM_Patch.FixLogOfNilEntries"
"GRM_Patches.lua","C:\Program Files (x86)\World of Warcraft\_retail_\Interface\AddOns\Guild_Roster_Manager\GRM_Patches.lua","4289","assigned function","GRM_Patch.FixBanData"
"GRM_Patches.lua","C:\Program Files (x86)\World of Warcraft\_retail_\Interface\AddOns\Guild_Roster_Manager\GRM_Patches.lua","4336","assigned function","GRM_Patch.FixAltCopies"
"GRM_Patches.lua","C:\Program Files (x86)\World of Warcraft\_retail_\Interface\AddOns\Guild_Roster_Manager\GRM_Patches.lua","4354","assigned function","GRM_Patch.FixAltListsDatabaseWide"
"GRM_Patches.lua","C:\Program Files (x86)\World of Warcraft\_retail_\Interface\AddOns\Guild_Roster_Manager\GRM_Patches.lua","4401","assigned function","GRM_Patch.IntegrityCheckAndFixBdayAndAnniversaryEvents"
"GRM_Patches.lua","C:\Program Files (x86)\World of Warcraft\_retail_\Interface\AddOns\Guild_Roster_Manager\GRM_Patches.lua","4455","assigned function","GRM_Patch.SortDeepArrayInOrder"
"GRM_Patches.lua","C:\Program Files (x86)\World of Warcraft\_retail_\Interface\AddOns\Guild_Roster_Manager\GRM_Patches.lua","4467","assigned function","GRM_Patch.SortGuildRosterDeepArray"
"GRM_Patches.lua","C:\Program Files (x86)\World of Warcraft\_retail_\Interface\AddOns\Guild_Roster_Manager\GRM_Patches.lua","4501","assigned function","GRM_Patch.PlayerMetaDataDatabaseWideEdit"
"GRM_Patches.lua","C:\Program Files (x86)\World of Warcraft\_retail_\Interface\AddOns\Guild_Roster_Manager\GRM_Patches.lua","4558","assigned function","GRM_Patch.CleanUpAltLists"
"GRM_Patches.lua","C:\Program Files (x86)\World of Warcraft\_retail_\Interface\AddOns\Guild_Roster_Manager\GRM_Patches.lua","4580","assigned function","GRM_Patch.RemoveUnnecessaryHours"
"GRM_Patches.lua","C:\Program Files (x86)\World of Warcraft\_retail_\Interface\AddOns\Guild_Roster_Manager\GRM_Patches.lua","4591","assigned function","GRM_Patch.CleanupPromoDateSyncErrorForRejoins"
"GRM_Patches.lua","C:\Program Files (x86)\World of Warcraft\_retail_\Interface\AddOns\Guild_Roster_Manager\GRM_Patches.lua","4602","assigned function","GRM_Patch.CleanupPromoJoinDateOriginalTemplateDates"
"GRM_Patches.lua","C:\Program Files (x86)\World of Warcraft\_retail_\Interface\AddOns\Guild_Roster_Manager\GRM_Patches.lua","4634","assigned function","GRM_Patch.CleanupBirthdayRepeats"
"GRM_Patches.lua","C:\Program Files (x86)\World of Warcraft\_retail_\Interface\AddOns\Guild_Roster_Manager\GRM_Patches.lua","4660","assigned function","GRM_Patch.SlimBanReason"
"GRM_Patches.lua","C:\Program Files (x86)\World of Warcraft\_retail_\Interface\AddOns\Guild_Roster_Manager\GRM_Patches.lua","4675","assigned function","GRM_Patch.CleanupBanFormat"
"GRM_Patches.lua","C:\Program Files (x86)\World of Warcraft\_retail_\Interface\AddOns\Guild_Roster_Manager\GRM_Patches.lua","4689","assigned function","GRM_Patch.CleanupRemovedAlts"
"GRM_Patches.lua","C:\Program Files (x86)\World of Warcraft\_retail_\Interface\AddOns\Guild_Roster_Manager\GRM_Patches.lua","4721","assigned function","GRM_Patch.FinalAltListCleanup"
"GRM_Patches.lua","C:\Program Files (x86)\World of Warcraft\_retail_\Interface\AddOns\Guild_Roster_Manager\GRM_Patches.lua","4792","assigned function","GRM_Patch.CleanupCustomNoteError"
"GRM_Patches.lua","C:\Program Files (x86)\World of Warcraft\_retail_\Interface\AddOns\Guild_Roster_Manager\GRM_Patches.lua","4806","assigned function","GRM_Patch.SlimDate"
"GRM_Patches.lua","C:\Program Files (x86)\World of Warcraft\_retail_\Interface\AddOns\Guild_Roster_Manager\GRM_Patches.lua","4817","assigned function","GRM_Patch.CleanupJoinAndPromosSetUnknownError"
"GRM_Patches.lua","C:\Program Files (x86)\World of Warcraft\_retail_\Interface\AddOns\Guild_Roster_Manager\GRM_Patches.lua","4841","assigned function","GRM_Patch.CleanupPromoDateSituation"
"GRM_Patches.lua","C:\Program Files (x86)\World of Warcraft\_retail_\Interface\AddOns\Guild_Roster_Manager\GRM_Patches.lua","4857","assigned function","GRM_Patch.CleanupJoinDateError"
"GRM_Patches.lua","C:\Program Files (x86)\World of Warcraft\_retail_\Interface\AddOns\Guild_Roster_Manager\GRM_Patches.lua","4884","assigned function","GRM_Patch.CleanupJoinDateRepeats"
"GRM_Patches.lua","C:\Program Files (x86)\World of Warcraft\_retail_\Interface\AddOns\Guild_Roster_Manager\GRM_Patches.lua","4915","assigned function","GRM_Patch.GuildDataDatabaseWideEdit"
"GRM_Patches.lua","C:\Program Files (x86)\World of Warcraft\_retail_\Interface\AddOns\Guild_Roster_Manager\GRM_Patches.lua","4947","assigned function","GRM_Patch.RemoveOneAutoAndOneManualBackup"
"GRM_Patches.lua","C:\Program Files (x86)\World of Warcraft\_retail_\Interface\AddOns\Guild_Roster_Manager\GRM_Patches.lua","4968","assigned function","GRM_Patch.ConvertRecommendedKickDateToRule"
"GRM_Patches.lua","C:\Program Files (x86)\World of Warcraft\_retail_\Interface\AddOns\Guild_Roster_Manager\GRM_Patches.lua","5003","assigned function","GRM_Patch.CleanupPromotionDateMouseOverError"
"GRM_Patches.lua","C:\Program Files (x86)\World of Warcraft\_retail_\Interface\AddOns\Guild_Roster_Manager\GRM_Patches.lua","5017","assigned function","GRM_Patch.FixMonthDateRecommendationError"
"GRM_Patches.lua","C:\Program Files (x86)\World of Warcraft\_retail_\Interface\AddOns\Guild_Roster_Manager\GRM_Patches.lua","5031","assigned function","GRM_Patch.ClearExtraBackups"
"GRM_Patches.lua","C:\Program Files (x86)\World of Warcraft\_retail_\Interface\AddOns\Guild_Roster_Manager\GRM_Patches.lua","5048","assigned function","GRM_Patch.FixOptionsSetting"
"GRM_Patches.lua","C:\Program Files (x86)\World of Warcraft\_retail_\Interface\AddOns\Guild_Roster_Manager\GRM_Patches.lua","5073","assigned function","GRM_Patch.FixScalingOption"
"GRM_Patches.lua","C:\Program Files (x86)\World of Warcraft\_retail_\Interface\AddOns\Guild_Roster_Manager\GRM_Patches.lua","5092","assigned function","GRM_Patch.ExpandExportFilters"
"GRM_Patches.lua","C:\Program Files (x86)\World of Warcraft\_retail_\Interface\AddOns\Guild_Roster_Manager\GRM_Patches.lua","5107","assigned function","GRM_Patch.UpdateMinimumScanTime"
"GRM_Patches.lua","C:\Program Files (x86)\World of Warcraft\_retail_\Interface\AddOns\Guild_Roster_Manager\GRM_Patches.lua","5118","assigned function","GRM_Patch.RealignDatabaseDueToMisSort"
"GRM_Patches.lua","C:\Program Files (x86)\World of Warcraft\_retail_\Interface\AddOns\Guild_Roster_Manager\GRM_Patches.lua","5169","assigned function","GRM_Patch.FixAltGroupings"
"GRM_Patches.lua","C:\Program Files (x86)\World of Warcraft\_retail_\Interface\AddOns\Guild_Roster_Manager\GRM_Patches.lua","5242","assigned function","GRM_Patch.IsAnySettingsTooLow"
"GRM_Patches.lua","C:\Program Files (x86)\World of Warcraft\_retail_\Interface\AddOns\Guild_Roster_Manager\GRM_Patches.lua","5258","assigned function","GRM_Patch.GetDefaultAddonSettings"
"GRM_Patches.lua","C:\Program Files (x86)\World of Warcraft\_retail_\Interface\AddOns\Guild_Roster_Manager\GRM_Patches.lua","5359","assigned function","GRM_Patch.ConvertAddonSettings"
"GRM_Patches.lua","C:\Program Files (x86)\World of Warcraft\_retail_\Interface\AddOns\Guild_Roster_Manager\GRM_Patches.lua","5503","assigned function","GRM_Patch.CollectAllGuildNames"
"GRM_Patches.lua","C:\Program Files (x86)\World of Warcraft\_retail_\Interface\AddOns\Guild_Roster_Manager\GRM_Patches.lua","5542","assigned function","GRM_Patch.ConvertListOfAddonAlts"
"GRM_Patches.lua","C:\Program Files (x86)\World of Warcraft\_retail_\Interface\AddOns\Guild_Roster_Manager\GRM_Patches.lua","5585","assigned function","GRM_Patch.ConvertBackupDB"
"GRM_Patches.lua","C:\Program Files (x86)\World of Warcraft\_retail_\Interface\AddOns\Guild_Roster_Manager\GRM_Patches.lua","5718","assigned function","GRM_Patch.ConvertLogDB"
"GRM_Patches.lua","C:\Program Files (x86)\World of Warcraft\_retail_\Interface\AddOns\Guild_Roster_Manager\GRM_Patches.lua","5771","assigned function","GRM_Patch.ConvertMiscToNewDB"
"GRM_Patches.lua","C:\Program Files (x86)\World of Warcraft\_retail_\Interface\AddOns\Guild_Roster_Manager\GRM_Patches.lua","5793","assigned function","GRM_Patch.ConvertCalenderDB"
"GRM_Patches.lua","C:\Program Files (x86)\World of Warcraft\_retail_\Interface\AddOns\Guild_Roster_Manager\GRM_Patches.lua","5842","assigned function","GRM_Patch.ConvertPlayerMetaDataDB"
"GRM_Patches.lua","C:\Program Files (x86)\World of Warcraft\_retail_\Interface\AddOns\Guild_Roster_Manager\GRM_Patches.lua","5994","assigned function","GRM_Patch.ConvertBackupPlayerDataPreCheck"
"GRM_Patches.lua","C:\Program Files (x86)\World of Warcraft\_retail_\Interface\AddOns\Guild_Roster_Manager\GRM_Patches.lua","6009","assigned function","GRM_Patch.ConvertBackupPlayerData"
"GRM_Patches.lua","C:\Program Files (x86)\World of Warcraft\_retail_\Interface\AddOns\Guild_Roster_Manager\GRM_Patches.lua","6096","assigned function","GRM_Patch.FixNameChangePreReleaseBug"
"GRM_Patches.lua","C:\Program Files (x86)\World of Warcraft\_retail_\Interface\AddOns\Guild_Roster_Manager\GRM_Patches.lua","6129","assigned function","GRM_Patch.LegacyPurge"
"GRM_Patches.lua","C:\Program Files (x86)\World of Warcraft\_retail_\Interface\AddOns\Guild_Roster_Manager\GRM_Patches.lua","6143","assigned function","GRM_Patch.ModifyMemberData"
"GRM_Patches.lua","C:\Program Files (x86)\World of Warcraft\_retail_\Interface\AddOns\Guild_Roster_Manager\GRM_Patches.lua","6232","assigned function","GRM_Patch.ModifyGuildValue"
"GRM_Patches.lua","C:\Program Files (x86)\World of Warcraft\_retail_\Interface\AddOns\Guild_Roster_Manager\GRM_Patches.lua","6270","assigned function","GRM_Patch.AddMemberMetaData"
"GRM_Patches.lua","C:\Program Files (x86)\World of Warcraft\_retail_\Interface\AddOns\Guild_Roster_Manager\GRM_Patches.lua","6322","assigned function","GRM_Patch.AddVerifiedPromotionDatesToHistory"
"GRM_Patches.lua","C:\Program Files (x86)\World of Warcraft\_retail_\Interface\AddOns\Guild_Roster_Manager\GRM_Patches.lua","6345","assigned function","GRM_Patch.updateKickRules"
"GRM_Patches.lua","C:\Program Files (x86)\World of Warcraft\_retail_\Interface\AddOns\Guild_Roster_Manager\GRM_Patches.lua","6392","assigned function","GRM_Patch.fixAltGroups"
"GRM_Patches.lua","C:\Program Files (x86)\World of Warcraft\_retail_\Interface\AddOns\Guild_Roster_Manager\GRM_Patches.lua","6448","assigned function","GRM_Patch.VerifyMacroRuleIntegrity"
"GRM_Patches.lua","C:\Program Files (x86)\World of Warcraft\_retail_\Interface\AddOns\Guild_Roster_Manager\GRM_Patches.lua","6469","assigned function","GRM_Patch.FixManualBackupsFromDBLoad"
"GRM_Patches.lua","C:\Program Files (x86)\World of Warcraft\_retail_\Interface\AddOns\Guild_Roster_Manager\GRM_Patches.lua","6492","assigned function","GRM_Patch.AddGroupInfoModuleSettings"
"GRM_Patches.lua","C:\Program Files (x86)\World of Warcraft\_retail_\Interface\AddOns\Guild_Roster_Manager\GRM_Patches.lua","6507","assigned function","GRM_Patch.AddTextColoringValues"
"GRM_Patches.lua","C:\Program Files (x86)\World of Warcraft\_retail_\Interface\AddOns\Guild_Roster_Manager\GRM_Patches.lua","6532","assigned function","GRM_Patch.ModifyPlayerChannelToMulti"
"GRM_Patches.lua","C:\Program Files (x86)\World of Warcraft\_retail_\Interface\AddOns\Guild_Roster_Manager\GRM_Patches.lua","6546","assigned function","GRM_Patch.RemoveInvalidIndex"
"GRM_Patches.lua","C:\Program Files (x86)\World of Warcraft\_retail_\Interface\AddOns\Guild_Roster_Manager\GRM_Patches.lua","6560","assigned function","GRM_Patch.AddExportOptions"
"GRM_Patches.lua","C:\Program Files (x86)\World of Warcraft\_retail_\Interface\AddOns\Guild_Roster_Manager\GRM_Patches.lua","6591","assigned function","GRM_Patch.FixUnremovedData"
"GRM_Patches.lua","C:\Program Files (x86)\World of Warcraft\_retail_\Interface\AddOns\Guild_Roster_Manager\GRM_Patches.lua","6625","assigned function","GRM_Patch.FixMainTimestampError"
"GRM_Patches.lua","C:\Program Files (x86)\World of Warcraft\_retail_\Interface\AddOns\Guild_Roster_Manager\GRM_Patches.lua","6638","assigned function","GRM_Patch.AddKickRule"
"GRM_Patches.lua","C:\Program Files (x86)\World of Warcraft\_retail_\Interface\AddOns\Guild_Roster_Manager\GRM_Patches.lua","6682","assigned function","GRM_Patch.AdjustLevelCapDueToSquish"
"GRM_Patches.lua","C:\Program Files (x86)\World of Warcraft\_retail_\Interface\AddOns\Guild_Roster_Manager\GRM_Patches.lua","6693","assigned function","GRM_Patch.AddKickRuleOperator"
"GRM_Patches.lua","C:\Program Files (x86)\World of Warcraft\_retail_\Interface\AddOns\Guild_Roster_Manager\GRM_Patches.lua","6706","assigned function","GRM_Patch.AddRulesValue"
"GRM_Patches.lua","C:\Program Files (x86)\World of Warcraft\_retail_\Interface\AddOns\Guild_Roster_Manager\GRM_Patches.lua","6730","assigned function","GRM_Patch.ModifyKickRuleMaxLevel"
"GRM_Patches.lua","C:\Program Files (x86)\World of Warcraft\_retail_\Interface\AddOns\Guild_Roster_Manager\GRM_Patches.lua","6744","assigned function","GRM_Patch.ModifyKickRuleLogic"
"GRM_Patches.lua","C:\Program Files (x86)\World of Warcraft\_retail_\Interface\AddOns\Guild_Roster_Manager\GRM_Patches.lua","6758","assigned function","GRM_Patch.FixLogChangeRankEntries"
"GRM_Patches.lua","C:\Program Files (x86)\World of Warcraft\_retail_\Interface\AddOns\Guild_Roster_Manager\GRM_Patches.lua","6774","assigned function","GRM_Patch.FixMemberRemovePlayerData"
"GRM_Patches.lua","C:\Program Files (x86)\World of Warcraft\_retail_\Interface\AddOns\Guild_Roster_Manager\GRM_Patches.lua","6782","assigned function","GRM_Patch.ValidateUnverifiedDate"
"GRM_Patches.lua","C:\Program Files (x86)\World of Warcraft\_retail_\Interface\AddOns\Guild_Roster_Manager\GRM_Patches.lua","6842","assigned function","GRM_Patch.FixRankHistoryEpochDates"
"GRM_Patches.lua","C:\Program Files (x86)\World of Warcraft\_retail_\Interface\AddOns\Guild_Roster_Manager\GRM_Patches.lua","6862","assigned function","GRM_Patch.FixRankHistory"
"GRM_Patches.lua","C:\Program Files (x86)\World of Warcraft\_retail_\Interface\AddOns\Guild_Roster_Manager\GRM_Patches.lua","6876","assigned function","GRM_Patch.UpdateSafeListValue"
"GRM_Patches.lua","C:\Program Files (x86)\World of Warcraft\_retail_\Interface\AddOns\Guild_Roster_Manager\GRM_Patches.lua","6901","assigned function","GRM_Patch.FixVerifiedDatesForRejoins"
"GRM_Patches.lua","C:\Program Files (x86)\World of Warcraft\_retail_\Interface\AddOns\Guild_Roster_Manager\GRM_Patches.lua","6952","assigned function","GRM_Patch.PurgeGuildRankNamesOldFormat"
"GRM_Patches.lua","C:\Program Files (x86)\World of Warcraft\_retail_\Interface\AddOns\Guild_Roster_Manager\GRM_Patches.lua","6961","assigned function","GRM_Patch.CleanupSafeLists"
"GRM_Patches.lua","C:\Program Files (x86)\World of Warcraft\_retail_\Interface\AddOns\Guild_Roster_Manager\GRM_Patches.lua","6984","assigned function","GRM_Patch.ConfigureNewAltGroups"
"GRM_Patches.lua","C:\Program Files (x86)\World of Warcraft\_retail_\Interface\AddOns\Guild_Roster_Manager\GRM_Patches.lua","6996","assigned function","GRM_Patch.BuildNewAltLists"
"GRM_Patches.lua","C:\Program Files (x86)\World of Warcraft\_retail_\Interface\AddOns\Guild_Roster_Manager\GRM_Patches.lua","7086","assigned function","GRM_Patch.AddAltForPatch"
"GRM_Patches.lua","C:\Program Files (x86)\World of Warcraft\_retail_\Interface\AddOns\Guild_Roster_Manager\GRM_Patches.lua","7106","assigned function","GRM_Patch.RemoveOldAltLists"
"GRM_Patches.lua","C:\Program Files (x86)\World of Warcraft\_retail_\Interface\AddOns\Guild_Roster_Manager\GRM_Patches.lua","7115","assigned function","GRM_Patch.FixUnknownBirthdayBug"
"GRM_Patches.lua","C:\Program Files (x86)\World of Warcraft\_retail_\Interface\AddOns\Guild_Roster_Manager\GRM_Patches.lua","7164","assigned function","GRM_Patch.ConvertRankHistoryToRanks"
"GRM_Patches.lua","C:\Program Files (x86)\World of Warcraft\_retail_\Interface\AddOns\Guild_Roster_Manager\GRM_Patches.lua","7261","assigned function","GRM_Patch.UpdateUnknownRankFormat"
"GRM_Patches.lua","C:\Program Files (x86)\World of Warcraft\_retail_\Interface\AddOns\Guild_Roster_Manager\GRM_Patches.lua","7274","assigned function","GRM_Patch.ConvertJoinHistory"
"GRM_Patches.lua","C:\Program Files (x86)\World of Warcraft\_retail_\Interface\AddOns\Guild_Roster_Manager\GRM_Patches.lua","7338","assigned function","GRM_Patch.ConfigureRuleIndexAndEditTime"
"GRM_Patches.lua","C:\Program Files (x86)\World of Warcraft\_retail_\Interface\AddOns\Guild_Roster_Manager\GRM_Patches.lua","7360","assigned function","GRM_Patch.AddRemovedRules"
"GRM_Patches.lua","C:\Program Files (x86)\World of Warcraft\_retail_\Interface\AddOns\Guild_Roster_Manager\GRM_Patches.lua","7376","assigned function","GRM_Patch.FixTimestamps"
"GRM_Patches.lua","C:\Program Files (x86)\World of Warcraft\_retail_\Interface\AddOns\Guild_Roster_Manager\GRM_Patches.lua","7435","assigned function","GRM_Patch.PlayerNameFixFormerMembers"
"GRM_Patches.lua","C:\Program Files (x86)\World of Warcraft\_retail_\Interface\AddOns\Guild_Roster_Manager\GRM_Patches.lua","7469","assigned function","GRM_Patch.CreateMacroGUID"
"GRM_Patches.lua","C:\Program Files (x86)\World of Warcraft\_retail_\Interface\AddOns\Guild_Roster_Manager\GRM_Patches.lua","7480","assigned function","GRM_Patch.ConfigureNewGlobalDateFormat"
"GRM_Patches.lua","C:\Program Files (x86)\World of Warcraft\_retail_\Interface\AddOns\Guild_Roster_Manager\GRM_Patches.lua","7498","assigned function","GRM_Patch.FixIfGuildChange"
"GRM_Patches.lua","C:\Program Files (x86)\World of Warcraft\_retail_\Interface\AddOns\Guild_Roster_Manager\GRM_Patches.lua","7555","assigned function","GRM_Patch.FixMissingClass"
"GRM_Patches.lua","C:\Program Files (x86)\World of Warcraft\_retail_\Interface\AddOns\Guild_Roster_Manager\GRM_Patches.lua","7578","assigned function","GRM_Patch.UpdateYearFormatting"
"GRM_Patches.lua","C:\Program Files (x86)\World of Warcraft\_retail_\Interface\AddOns\Guild_Roster_Manager\GRM_Patches.lua","7598","assigned function","GRM_Patch.AltModifiedFix"
"GRM_Patches.lua","C:\Program Files (x86)\World of Warcraft\_retail_\Interface\AddOns\Guild_Roster_Manager\GRM_Patches.lua","7637","assigned function","GRM_Patch.PreviousAltGroupRejoinFix"
"GRM_Patches.lua","C:\Program Files (x86)\World of Warcraft\_retail_\Interface\AddOns\Guild_Roster_Manager\GRM_Patches.lua","7650","assigned function","GRM_Patch.JoinAndRankDataFix"
"GRM_Patches.lua","C:\Program Files (x86)\World of Warcraft\_retail_\Interface\AddOns\Guild_Roster_Manager\GRM_Patches.lua","7658","assigned function","GRM_Patch.ConvertSaveFiles"
"GRM_Patches.lua","C:\Program Files (x86)\World of Warcraft\_retail_\Interface\AddOns\Guild_Roster_Manager\GRM_Patches.lua","7727","assigned function","GRM_Patch.ConvertSettings"
"GRM_Patches.lua","C:\Program Files (x86)\World of Warcraft\_retail_\Interface\AddOns\Guild_Roster_Manager\GRM_Patches.lua","7749","assigned function","GRM_Patch.ConvertDatabase"
"GRM_Patches.lua","C:\Program Files (x86)\World of Warcraft\_retail_\Interface\AddOns\Guild_Roster_Manager\GRM_Patches.lua","7817","assigned function","GRM_Patch.ResetBackups"
"GRM_Patches.lua","C:\Program Files (x86)\World of Warcraft\_retail_\Interface\AddOns\Guild_Roster_Manager\GRM_Patches.lua","7850","assigned function","GRM_Patch.FixPersonWhoBanned"
"GRM_Patches.lua","C:\Program Files (x86)\World of Warcraft\_retail_\Interface\AddOns\Guild_Roster_Manager\GRM_Patches.lua","7867","assigned function","GRM_Patch.GuildDataIntegrityCheck"
"GRM_Patches.lua","C:\Program Files (x86)\World of Warcraft\_retail_\Interface\AddOns\Guild_Roster_Manager\GRM_Patches.lua","7936","assigned function","GRM_Patch.PurgeGuildFromDatabase"
"GRM_Patches.lua","C:\Program Files (x86)\World of Warcraft\_retail_\Interface\AddOns\Guild_Roster_Manager\GRM_Patches.lua","7977","assigned function","GRM_Patch.LanguageSettingModify"
"GRM_Patches.lua","C:\Program Files (x86)\World of Warcraft\_retail_\Interface\AddOns\Guild_Roster_Manager\GRM_Patches.lua","8002","assigned function","GRM_Patch.ResetUIScaling"
"GRM_Patches.lua","C:\Program Files (x86)\World of Warcraft\_retail_\Interface\AddOns\Guild_Roster_Manager\GRM_Patches.lua","8039","assigned function","GRM_Patch.CleanUpAltGroupsFromError"
"GRM_Patches.lua","C:\Program Files (x86)\World of Warcraft\_retail_\Interface\AddOns\Guild_Roster_Manager\GRM_Patches.lua","8081","assigned function","GRM_Patch.FixJoinNameError"
"GRM_Patches.lua","C:\Program Files (x86)\World of Warcraft\_retail_\Interface\AddOns\Guild_Roster_Manager\GRM_Patches.lua","8142","assigned function","GRM_Patch.AddExportEntry"
"GRM_Patches.lua","C:\Program Files (x86)\World of Warcraft\_retail_\Interface\AddOns\Guild_Roster_Manager\GRM_Patches.lua","8165","assigned function","GRM_Patch.AddFaction"
"GRM_Patches.lua","C:\Program Files (x86)\World of Warcraft\_retail_\Interface\AddOns\Guild_Roster_Manager\GRM_Patches.lua","8178","assigned function","GRM_Patch.FixMissingNames"
"GRM_Patches.lua","C:\Program Files (x86)\World of Warcraft\_retail_\Interface\AddOns\Guild_Roster_Manager\GRM_Patches.lua","8240","assigned function","GRM_Patch.FixSettingsNames"
"GRM_Patches.lua","C:\Program Files (x86)\World of Warcraft\_retail_\Interface\AddOns\Guild_Roster_Manager\GRM_Patches.lua","8257","assigned function","GRM_Patch.ConvertSettingsToNewFormat"
"GRM_Patches.lua","C:\Program Files (x86)\World of Warcraft\_retail_\Interface\AddOns\Guild_Roster_Manager\GRM_Patches.lua","8365","assigned function","GRM_Patch.DeleteLegacyMacro"
"GRM_Patches.lua","C:\Program Files (x86)\World of Warcraft\_retail_\Interface\AddOns\Guild_Roster_Manager\GRM_Patches.lua","8376","assigned function","GRM_Patch.ConvertExportFilters"
"GRM_Patches.lua","C:\Program Files (x86)\World of Warcraft\_retail_\Interface\AddOns\Guild_Roster_Manager\GRM_Patches.lua","8457","assigned function","GRM_Patch.UpdateUIScaling"
"GRM_Patches.lua","C:\Program Files (x86)\World of Warcraft\_retail_\Interface\AddOns\Guild_Roster_Manager\GRM_Patches.lua","8472","assigned function","GRM_Patch.FixAltGroupModified"
"GRM_Patches.lua","C:\Program Files (x86)\World of Warcraft\_retail_\Interface\AddOns\Guild_Roster_Manager\GRM_Patches.lua","8485","assigned function","GRM_Patch.ModifyJoinAndPromoteDates"
"GRM_Patches.lua","C:\Program Files (x86)\World of Warcraft\_retail_\Interface\AddOns\Guild_Roster_Manager\GRM_Patches.lua","8527","assigned function","GRM_Patch.UpdateRemovedMacro"
"GRM_Patches.lua","C:\Program Files (x86)\World of Warcraft\_retail_\Interface\AddOns\Guild_Roster_Manager\GRM_Patches.lua","8540","assigned function","GRM_Patch.FormatFixVerifiedTime"
"GRM_Patches.lua","C:\Program Files (x86)\World of Warcraft\_retail_\Interface\AddOns\Guild_Roster_Manager\GRM_Patches.lua","8569","assigned function","GRM_Patch.AddHardcoreVariables"
"GRM_Patches.lua","C:\Program Files (x86)\World of Warcraft\_retail_\Interface\AddOns\Guild_Roster_Manager\GRM_Patches.lua","8591","assigned function","GRM_Patch.CleanupIfPlayerRolledBack"
"GRM_Patches.lua","C:\Program Files (x86)\World of Warcraft\_retail_\Interface\AddOns\Guild_Roster_Manager\GRM_Patches.lua","8612","assigned function","GRM_Patch.FixStandardFormatAndRankHistFormat"
"GRM_Patches.lua","C:\Program Files (x86)\World of Warcraft\_retail_\Interface\AddOns\Guild_Roster_Manager\GRM_Patches.lua","8650","assigned function","GRM_Patch.AltGroupIntegrityCheck"
"GRM_Patches.lua","C:\Program Files (x86)\World of Warcraft\_retail_\Interface\AddOns\Guild_Roster_Manager\GRM_Patches.lua","8823","assigned function","GRM_Patch.ClearAllAltGroupsAndMainStatus"
"GRM_Patches.lua","C:\Program Files (x86)\World of Warcraft\_retail_\Interface\AddOns\Guild_Roster_Manager\GRM_Patches.lua","8876","assigned function","GRM_Patch.FixStandardStamp"
"GRM_Patches.lua","C:\Program Files (x86)\World of Warcraft\_retail_\Interface\AddOns\Guild_Roster_Manager\GRM_Patches.lua","8910","assigned function","GRM_Patch.FixHCModeData"
"GRM_Patches.lua","C:\Program Files (x86)\World of Warcraft\_retail_\Interface\AddOns\Guild_Roster_Manager\GRM_Patches.lua","8925","assigned function","GRM_Patch.UpdateLevelFilterSOD"
"GRM_Patches.lua","C:\Program Files (x86)\World of Warcraft\_retail_\Interface\AddOns\Guild_Roster_Manager\GRM_Patches.lua","8938","assigned function","GRM_Patch.CleanUpGroupInfo"
"GRM_Patches.lua","C:\Program Files (x86)\World of Warcraft\_retail_\Interface\AddOns\Guild_Roster_Manager\GRM_Patches.lua","8954","assigned function","GRM_Patch.FixWrathClassicEvokerBug"
"GRM_Patches.lua","C:\Program Files (x86)\World of Warcraft\_retail_\Interface\AddOns\Guild_Roster_Manager\GRM_Patches.lua","8967","assigned function","GRM_Patch.MarcoRuleDataConsistencyFix"
"GRM_Patches.lua","C:\Program Files (x86)\World of Warcraft\_retail_\Interface\AddOns\Guild_Roster_Manager\GRM_Patches.lua","8983","assigned function","GRM_Patch.FixMainTagColor"
"GRM_Patches.lua","C:\Program Files (x86)\World of Warcraft\_retail_\Interface\AddOns\Guild_Roster_Manager\GRM_Patches.lua","9002","assigned function","GRM_Patch.JoinDateErrorFix"
"GRM_Patches.lua","C:\Program Files (x86)\World of Warcraft\_retail_\Interface\AddOns\Guild_Roster_Manager\GRM_Patches.lua","9015","assigned function","GRM_Patch.FixAltGroupData"
"GRM_Patches.lua","C:\Program Files (x86)\World of Warcraft\_retail_\Interface\AddOns\Guild_Roster_Manager\GRM_Patches.lua","9044","assigned function","GRM_Patch.AddNewLevelFilters"
"GRM_Patches.lua","C:\Program Files (x86)\World of Warcraft\_retail_\Interface\AddOns\Guild_Roster_Manager\GRM_Patches.lua","9060","assigned function","GRM_Patch.FixRanKHistError"
"GRM_Patches.lua","C:\Program Files (x86)\World of Warcraft\_retail_\Interface\AddOns\Guild_Roster_Manager\GRM_Patches.lua","9076","assigned function","GRM_Patch.PlayerPromotedToOfficerNoteUpdate"
"GRM_Patches.lua","C:\Program Files (x86)\World of Warcraft\_retail_\Interface\AddOns\Guild_Roster_Manager\GRM_Patches.lua","9088","assigned function","GRM_Patch.BuildNewMainAltDB"
"GRM_Patches.lua","C:\Program Files (x86)\World of Warcraft\_retail_\Interface\AddOns\Guild_Roster_Manager\GRM_Patches.lua","9256","assigned function","GRM_Patch.ModifyCustomNote"
"GRM_Patches.lua","C:\Program Files (x86)\World of Warcraft\_retail_\Interface\AddOns\Guild_Roster_Manager\GRM_Patches.lua","9274","assigned function","GRM_Patch.AltGroupUpdateTweak"
"GRM_Patches.lua","C:\Program Files (x86)\World of Warcraft\_retail_\Interface\AddOns\Guild_Roster_Manager\GRM_Patches.lua","9429","assigned function","GRM_Patch.FixLegacyFormattingErrorOnRankAndJoinHist"
"GRM_Patches.lua","C:\Program Files (x86)\World of Warcraft\_retail_\Interface\AddOns\Guild_Roster_Manager\GRM_Patches.lua","9462","assigned function","GRM_Patch.ConvertHours"
"GRM_Patches.lua","C:\Program Files (x86)\World of Warcraft\_retail_\Interface\AddOns\Guild_Roster_Manager\GRM_Patches.lua","9488","assigned function","GRM_Patch.StandardDateFix"
"GRM_Patches.lua","C:\Program Files (x86)\World of Warcraft\_retail_\Interface\AddOns\Guild_Roster_Manager\GRM_Patches.lua","9580","assigned function","GRM_Patch.ConvertBackupDate"
"GRM_Patches.lua","C:\Program Files (x86)\World of Warcraft\_retail_\Interface\AddOns\Guild_Roster_Manager\GRM_Patches.lua","9597","assigned function","GRM_Patch.UpdateBdaySaveFormat"
"GRM_Patches.lua","C:\Program Files (x86)\World of Warcraft\_retail_\Interface\AddOns\Guild_Roster_Manager\GRM_Patches.lua","9615","assigned function","GRM_Patch.UpdateAnnivAndBdayFormat"
"GRM_Patches.lua","C:\Program Files (x86)\World of Warcraft\_retail_\Interface\AddOns\Guild_Roster_Manager\GRM_Patches.lua","9719","assigned function","GRM_Patch.FixMissingBday"
"GRM_Patches.lua","C:\Program Files (x86)\World of Warcraft\_retail_\Interface\AddOns\Guild_Roster_Manager\GRM_Patches.lua","9736","assigned function","GRM_Patch.AddNickNames"
"GRM_Patches.lua","C:\Program Files (x86)\World of Warcraft\_retail_\Interface\AddOns\Guild_Roster_Manager\GRM_Patches.lua","9752","assigned function","GRM_Patch.FixBirthdayUnknown"
"GRM_Patches.lua","C:\Program Files (x86)\World of Warcraft\_retail_\Interface\AddOns\Guild_Roster_Manager\GRM_Patches.lua","9851","assigned function","GRM_Patch.FixLeaveRejoinDateError"
"GRM_Patches.lua","C:\Program Files (x86)\World of Warcraft\_retail_\Interface\AddOns\Guild_Roster_Manager\GRM_Patches.lua","9877","assigned function","GRM_Patch.FixLastOnline"
"GRM_Patches.lua","C:\Program Files (x86)\World of Warcraft\_retail_\Interface\AddOns\Guild_Roster_Manager\GRM_Patches.lua","9893","assigned function","GRM_Patch.FixMissingMythicRating"
"GRM_Patches.lua","C:\Program Files (x86)\World of Warcraft\_retail_\Interface\AddOns\Guild_Roster_Manager\GRM_Patches.lua","9906","assigned function","GRM_Patch.RestructureBackupDB"
"GRM_Patches.lua","C:\Program Files (x86)\World of Warcraft\_retail_\Interface\AddOns\Guild_Roster_Manager\GRM_Patches.lua","9933","assigned function","GRM_Patch.FixMissingRankName"
"GRM_Patches.lua","C:\Program Files (x86)\World of Warcraft\_retail_\Interface\AddOns\Guild_Roster_Manager\GRM_Patches.lua","9946","assigned function","GRM_Patch.FixEventLog"
"GRM_Patches.lua","C:\Program Files (x86)\World of Warcraft\_retail_\Interface\AddOns\Guild_Roster_Manager\GRM_Patches.lua","9975","assigned function","GRM_Patch.FixLocalizationTimestampBug"
"GRM_Patches.lua","C:\Program Files (x86)\World of Warcraft\_retail_\Interface\AddOns\Guild_Roster_Manager\GRM_Patches.lua","10043","assigned function","GRM_Patch.FixBirthdayPostAnniversary"
"GRM_Patches.lua","C:\Program Files (x86)\World of Warcraft\_retail_\Interface\AddOns\Guild_Roster_Manager\GRM_Patches.lua","10110","assigned function","GRM_Patch.AltGroupUpdateTweakNewDB"
"GRM_Patches.lua","C:\Program Files (x86)\World of Warcraft\_retail_\Interface\AddOns\Guild_Roster_Manager\GRM_Patches.lua","10268","assigned function","GRM_Patch.AddNickNamesToPlayer"
"GRM_Patches.lua","C:\Program Files (x86)\World of Warcraft\_retail_\Interface\AddOns\Guild_Roster_Manager\GRM_Patches.lua","10278","assigned function","GRM_Patch.AddNickNamesToAltGroups"
"GRM_Patches.lua","C:\Program Files (x86)\World of Warcraft\_retail_\Interface\AddOns\Guild_Roster_Manager\GRM_Patches.lua","10303","assigned function","GRM_Patch.FixPotentialAltIssue"
"GRM_Patches.lua","C:\Program Files (x86)\World of Warcraft\_retail_\Interface\AddOns\Guild_Roster_Manager\GRM_Patches.lua","10400","assigned function","GRM_Patch.FixMaxLevelMacroSetting"
"GRM_Patches.lua","C:\Program Files (x86)\World of Warcraft\_retail_\Interface\AddOns\Guild_Roster_Manager\GRM_Patches.lua","10415","assigned function","GRM_Patch.AdjustMinimapRad"
"GRM_Patches.lua","C:\Program Files (x86)\World of Warcraft\_retail_\Interface\AddOns\Guild_Roster_Manager\GRM_Patches.lua","10430","assigned function","GRM_Patch.FixLegacyAltGroupData"
"GRM_Professions.lua","C:\Program Files (x86)\World of Warcraft\_retail_\Interface\AddOns\Guild_Roster_Manager\GRM_Professions.lua","10","assigned function","Prof.GetProfessionTag"
"GRM_Professions.lua","C:\Program Files (x86)\World of Warcraft\_retail_\Interface\AddOns\Guild_Roster_Manager\GRM_Professions.lua","17","assigned function","Prof.GetProfessionNameByID"
"GRM_Professions.lua","C:\Program Files (x86)\World of Warcraft\_retail_\Interface\AddOns\Guild_Roster_Manager\GRM_Professions.lua","24","assigned function","Prof.GetProfessionIcon"
"GRM_Professions.lua","C:\Program Files (x86)\World of Warcraft\_retail_\Interface\AddOns\Guild_Roster_Manager\GRM_Professions.lua","31","assigned function","Prof.GetProfessionsNote"
"GRM_Professions.lua","C:\Program Files (x86)\World of Warcraft\_retail_\Interface\AddOns\Guild_Roster_Manager\GRM_Professions.lua","77","assigned function","Prof.RemoveAllProfessionNotes"
"GRM_Professions.lua","C:\Program Files (x86)\World of Warcraft\_retail_\Interface\AddOns\Guild_Roster_Manager\GRM_Professions.lua","94","assigned function","Prof.RemoveProfessionNote"
"GRM_Professions.lua","C:\Program Files (x86)\World of Warcraft\_retail_\Interface\AddOns\Guild_Roster_Manager\GRM_Professions.lua","146","assigned function","Prof.AppendProfessionReportToNote"
"GRM_Professions.lua","C:\Program Files (x86)\World of Warcraft\_retail_\Interface\AddOns\Guild_Roster_Manager\GRM_Professions.lua","260","assigned function","Prof.SetCustomNoteDirectly"
"GRM_Professions.lua","C:\Program Files (x86)\World of Warcraft\_retail_\Interface\AddOns\Guild_Roster_Manager\GRM_Professions.lua","276","assigned function","Prof.InitiateProfessionUpdate"
"GRM_Professions.lua","C:\Program Files (x86)\World of Warcraft\_retail_\Interface\AddOns\Guild_Roster_Manager\GRM_Professions.lua","319","assigned function","Prof.ReportProfChanges"
"GRM_Professions.lua","C:\Program Files (x86)\World of Warcraft\_retail_\Interface\AddOns\Guild_Roster_Manager\GRM_Professions.lua","347","assigned function","Prof.ReportPlayersNotUpdated"
"GRM_Professions.lua","C:\Program Files (x86)\World of Warcraft\_retail_\Interface\AddOns\Guild_Roster_Manager\GRM_Professions.lua","376","assigned function","Prof.AutoStartProfessionUpdate"
"GRM_Realms.lua","C:\Program Files (x86)\World of Warcraft\_retail_\Interface\AddOns\Guild_Roster_Manager\GRM_Realms.lua","432","assigned function","GRM.GetRealmNames"
"GRM_Roster.lua","C:\Program Files (x86)\World of Warcraft\_retail_\Interface\AddOns\Guild_Roster_Manager\GRM_Roster.lua","8","assigned function","GRM_R.BuildRosterFrames"
"GRM_Roster.lua","C:\Program Files (x86)\World of Warcraft\_retail_\Interface\AddOns\Guild_Roster_Manager\GRM_Roster.lua","28","assigned function","GRM_UI.RosterFrameSetScript"
"GRM_Roster.lua","C:\Program Files (x86)\World of Warcraft\_retail_\Interface\AddOns\Guild_Roster_Manager\GRM_Roster.lua","259","assigned function","GRM_R.ClearPlayerSearch"
"GRM_Roster.lua","C:\Program Files (x86)\World of Warcraft\_retail_\Interface\AddOns\Guild_Roster_Manager\GRM_Roster.lua","262","assigned function","GRM_R.ClearNoteSearch"
"GRM_Roster.lua","C:\Program Files (x86)\World of Warcraft\_retail_\Interface\AddOns\Guild_Roster_Manager\GRM_Roster.lua","298","assigned function","GRM_R.ResetColumnTextColors"
"GRM_Roster.lua","C:\Program Files (x86)\World of Warcraft\_retail_\Interface\AddOns\Guild_Roster_Manager\GRM_Roster.lua","311","local function","lookupValue"
"GRM_Roster.lua","C:\Program Files (x86)\World of Warcraft\_retail_\Interface\AddOns\Guild_Roster_Manager\GRM_Roster.lua","347","assigned function","GRM_R.IsOverAnyRankSelectionButtons"
"GRM_Roster.lua","C:\Program Files (x86)\World of Warcraft\_retail_\Interface\AddOns\Guild_Roster_Manager\GRM_Roster.lua","378","assigned function","GRM_R.BuildPromotionRankSelectionDropDown"
"GRM_Roster.lua","C:\Program Files (x86)\World of Warcraft\_retail_\Interface\AddOns\Guild_Roster_Manager\GRM_Roster.lua","410","assigned function","GRM_R.BuildDemotionRankSelectionDropDown"
"GRM_Roster.lua","C:\Program Files (x86)\World of Warcraft\_retail_\Interface\AddOns\Guild_Roster_Manager\GRM_Roster.lua","443","assigned function","GRM_R.RankSelection"
"GRM_Roster.lua","C:\Program Files (x86)\World of Warcraft\_retail_\Interface\AddOns\Guild_Roster_Manager\GRM_Roster.lua","455","assigned function","GRM_R.ConfigureMacroForRightClick"
"GRM_Roster.lua","C:\Program Files (x86)\World of Warcraft\_retail_\Interface\AddOns\Guild_Roster_Manager\GRM_Roster.lua","496","assigned function","GRM_R.PromotePlayer"
"GRM_Roster.lua","C:\Program Files (x86)\World of Warcraft\_retail_\Interface\AddOns\Guild_Roster_Manager\GRM_Roster.lua","511","assigned function","GRM_R.DemotePlayer"
"GRM_Roster.lua","C:\Program Files (x86)\World of Warcraft\_retail_\Interface\AddOns\Guild_Roster_Manager\GRM_Roster.lua","527","assigned function","GRM_R.KickPlayer"
"GRM_Roster.lua","C:\Program Files (x86)\World of Warcraft\_retail_\Interface\AddOns\Guild_Roster_Manager\GRM_Roster.lua","544","assigned function","GRM_R.RefreshOnlineStatus"
"GRM_Roster.lua","C:\Program Files (x86)\World of Warcraft\_retail_\Interface\AddOns\Guild_Roster_Manager\GRM_Roster.lua","574","assigned function","GRM_R.GetAllMembersAsArray"
"GRM_Roster.lua","C:\Program Files (x86)\World of Warcraft\_retail_\Interface\AddOns\Guild_Roster_Manager\GRM_Roster.lua","582","assigned function","addPlayer"
"GRM_Roster.lua","C:\Program Files (x86)\World of Warcraft\_retail_\Interface\AddOns\Guild_Roster_Manager\GRM_Roster.lua","706","assigned function","GRM_R.SortNames"
"GRM_Roster.lua","C:\Program Files (x86)\World of Warcraft\_retail_\Interface\AddOns\Guild_Roster_Manager\GRM_Roster.lua","771","assigned function","GRM_R.SortLastOnline"
"GRM_Roster.lua","C:\Program Files (x86)\World of Warcraft\_retail_\Interface\AddOns\Guild_Roster_Manager\GRM_Roster.lua","834","assigned function","GRM_R.SortMythicScore"
"GRM_Roster.lua","C:\Program Files (x86)\World of Warcraft\_retail_\Interface\AddOns\Guild_Roster_Manager\GRM_Roster.lua","899","assigned function","GRM_R.SortNote"
"GRM_Roster.lua","C:\Program Files (x86)\World of Warcraft\_retail_\Interface\AddOns\Guild_Roster_Manager\GRM_Roster.lua","964","assigned function","GRM_R.SortOfficerNote"
"GRM_Roster.lua","C:\Program Files (x86)\World of Warcraft\_retail_\Interface\AddOns\Guild_Roster_Manager\GRM_Roster.lua","1029","assigned function","GRM_R.SortCustomNote"
"GRM_Roster.lua","C:\Program Files (x86)\World of Warcraft\_retail_\Interface\AddOns\Guild_Roster_Manager\GRM_Roster.lua","1096","assigned function","GRM_R.SortRank"
"GRM_Roster.lua","C:\Program Files (x86)\World of Warcraft\_retail_\Interface\AddOns\Guild_Roster_Manager\GRM_Roster.lua","1203","assigned function","GRM_R.SortAlphabeticallyWithinRank"
"GRM_Roster.lua","C:\Program Files (x86)\World of Warcraft\_retail_\Interface\AddOns\Guild_Roster_Manager\GRM_Roster.lua","1237","assigned function","GRM_R.SortLastOnlineWithinRank"
"GRM_Roster.lua","C:\Program Files (x86)\World of Warcraft\_retail_\Interface\AddOns\Guild_Roster_Manager\GRM_Roster.lua","1271","assigned function","GRM_R.SortByLevelWithinRank"
"GRM_Roster.lua","C:\Program Files (x86)\World of Warcraft\_retail_\Interface\AddOns\Guild_Roster_Manager\GRM_Roster.lua","1305","assigned function","GRM_R.SortByMythicWithinRank"
"GRM_Roster.lua","C:\Program Files (x86)\World of Warcraft\_retail_\Interface\AddOns\Guild_Roster_Manager\GRM_Roster.lua","1339","assigned function","GRM_R.SortByNoteWithinRank"
"GRM_Roster.lua","C:\Program Files (x86)\World of Warcraft\_retail_\Interface\AddOns\Guild_Roster_Manager\GRM_Roster.lua","1373","assigned function","GRM_R.SortByOfficerNoteWithinRank"
"GRM_Roster.lua","C:\Program Files (x86)\World of Warcraft\_retail_\Interface\AddOns\Guild_Roster_Manager\GRM_Roster.lua","1407","assigned function","GRM_R.SortByCustomNoteWithinRank"
"GRM_Roster.lua","C:\Program Files (x86)\World of Warcraft\_retail_\Interface\AddOns\Guild_Roster_Manager\GRM_Roster.lua","1441","assigned function","GRM_R.SortLevel"
"GRM_Roster.lua","C:\Program Files (x86)\World of Warcraft\_retail_\Interface\AddOns\Guild_Roster_Manager\GRM_Roster.lua","1499","assigned function","GRM_R.RosterRightClickCancel"
"GRM_Roster.lua","C:\Program Files (x86)\World of Warcraft\_retail_\Interface\AddOns\Guild_Roster_Manager\GRM_Roster.lua","1506","assigned function","GRM_R.RosterRightClickWhisper"
"GRM_Roster.lua","C:\Program Files (x86)\World of Warcraft\_retail_\Interface\AddOns\Guild_Roster_Manager\GRM_Roster.lua","1517","assigned function","GRM_R.RefreshRosterName"
"GRM_Roster.lua","C:\Program Files (x86)\World of Warcraft\_retail_\Interface\AddOns\Guild_Roster_Manager\GRM_Roster.lua","1542","assigned function","GRM_R.BuildGuildRoster"
"GRM_Roster.lua","C:\Program Files (x86)\World of Warcraft\_retail_\Interface\AddOns\Guild_Roster_Manager\GRM_Roster.lua","1668","assigned function","GRM_R.BuildGuildRosterButtons"
"GRM_Roster.lua","C:\Program Files (x86)\World of Warcraft\_retail_\Interface\AddOns\Guild_Roster_Manager\GRM_Roster.lua","1955","assigned function","GRM_R.UpdateGuildRosterTooltip"
"GRM_Roster.lua","C:\Program Files (x86)\World of Warcraft\_retail_\Interface\AddOns\Guild_Roster_Manager\GRM_Roster.lua","1985","assigned function","GRM_R.UpdateNoteText"
"GRM_Roster.lua","C:\Program Files (x86)\World of Warcraft\_retail_\Interface\AddOns\Guild_Roster_Manager\GRM_Roster.lua","1999","assigned function","GRM_R.NameSearchTT"
"GRM_Roster.lua","C:\Program Files (x86)\World of Warcraft\_retail_\Interface\AddOns\Guild_Roster_Manager\GRM_Roster.lua","2009","assigned function","GRM_R.NoteSearchTT"
"GRM_Roster.lua","C:\Program Files (x86)\World of Warcraft\_retail_\Interface\AddOns\Guild_Roster_Manager\GRM_Roster.lua","2019","assigned function","GRM_R.TooltipReset"
"GRM_Roster.lua","C:\Program Files (x86)\World of Warcraft\_retail_\Interface\AddOns\Guild_Roster_Manager\GRM_Roster.lua","2026","assigned function","GRM_R.SetGuildRosterValues"
"GRM_Roster.lua","C:\Program Files (x86)\World of Warcraft\_retail_\Interface\AddOns\Guild_Roster_Manager\GRM_Roster.lua","2100","assigned function","GRM_R.RosterShiftDown"
"GRM_Roster.lua","C:\Program Files (x86)\World of Warcraft\_retail_\Interface\AddOns\Guild_Roster_Manager\GRM_Roster.lua","2157","assigned function","GRM_R.RosterShiftUp"
"GRM_Roster.lua","C:\Program Files (x86)\World of Warcraft\_retail_\Interface\AddOns\Guild_Roster_Manager\GRM_Roster.lua","2213","assigned function","GRM_R.RosterSetLastValue"
"GRM_Roster.lua","C:\Program Files (x86)\World of Warcraft\_retail_\Interface\AddOns\Guild_Roster_Manager\GRM_Roster.lua","2226","assigned function","GRM_R.RosterSetFirstValue"
"GRM_Roster.lua","C:\Program Files (x86)\World of Warcraft\_retail_\Interface\AddOns\Guild_Roster_Manager\GRM_Roster.lua","2238","assigned function","GRM_R.LoadRosterFrame"
"GRM_Roster.lua","C:\Program Files (x86)\World of Warcraft\_retail_\Interface\AddOns\Guild_Roster_Manager\GRM_Roster.lua","2281","assigned function","GRM_R.InitializeRosterLoadButton"
"GRM_Roster.lua","C:\Program Files (x86)\World of Warcraft\_retail_\Interface\AddOns\Guild_Roster_Manager\GRM_Roster.lua","2329","assigned function","GRM_R.ShowOfflineLogic"
"GRM_Roster.lua","C:\Program Files (x86)\World of Warcraft\_retail_\Interface\AddOns\Guild_Roster_Manager\GRM_Roster.lua","2345","assigned function","GRM_R.OpenRosterOptions"
"GRM_Roster.lua","C:\Program Files (x86)\World of Warcraft\_retail_\Interface\AddOns\Guild_Roster_Manager\GRM_Roster.lua","2362","assigned function","GRM_R.OpenRosterOptionsButtonTT"
"GRM_Roster.lua","C:\Program Files (x86)\World of Warcraft\_retail_\Interface\AddOns\Guild_Roster_Manager\GRM_Roster.lua","2378","assigned function","GRM_R.ShowMainsLogic"
"GRM_Roster.lua","C:\Program Files (x86)\World of Warcraft\_retail_\Interface\AddOns\Guild_Roster_Manager\GRM_Roster.lua","2399","assigned function","GRM_R.ShowAltsLogic"
"GRM_Roster.lua","C:\Program Files (x86)\World of Warcraft\_retail_\Interface\AddOns\Guild_Roster_Manager\GRM_Roster.lua","2415","assigned function","GRM_R.ShowMainTag"
"GRM_Roster.lua","C:\Program Files (x86)\World of Warcraft\_retail_\Interface\AddOns\Guild_Roster_Manager\GRM_Roster.lua","2427","assigned function","GRM_R.ShowAltTag"
"GRM_Roster.lua","C:\Program Files (x86)\World of Warcraft\_retail_\Interface\AddOns\Guild_Roster_Manager\GRM_Roster.lua","2439","assigned function","GRM_R.GroupByMainLogic"
"GRM_Roster.lua","C:\Program Files (x86)\World of Warcraft\_retail_\Interface\AddOns\Guild_Roster_Manager\GRM_Roster.lua","2457","assigned function","GRM_R.GroupByMainTT"
"GRM_Roster.lua","C:\Program Files (x86)\World of Warcraft\_retail_\Interface\AddOns\Guild_Roster_Manager\GRM_Roster.lua","2467","assigned function","GRM_R.NumRowsSliderLogic"
"GRM_Roster.lua","C:\Program Files (x86)\World of Warcraft\_retail_\Interface\AddOns\Guild_Roster_Manager\GRM_Roster.lua","2485","assigned function","GRM_R.NumRowsSliderTT"
"GRM_Roster.lua","C:\Program Files (x86)\World of Warcraft\_retail_\Interface\AddOns\Guild_Roster_Manager\GRM_Roster.lua","2495","assigned function","GRM_R.SliderMouseUpLogic"
"GRM_Roster.lua","C:\Program Files (x86)\World of Warcraft\_retail_\Interface\AddOns\Guild_Roster_Manager\GRM_Roster.lua","2507","assigned function","GRM_R.ConfigureRosterOptions"
"GRM_SaveVar_API.lua","C:\Program Files (x86)\World of Warcraft\_retail_\Interface\AddOns\Guild_Roster_Manager\GRM_SaveVar_API.lua","40","assigned function","GRM.S"
"GRM_SaveVar_API.lua","C:\Program Files (x86)\World of Warcraft\_retail_\Interface\AddOns\Guild_Roster_Manager\GRM_SaveVar_API.lua","80","assigned function","GRM.GetPlayer"
"GRM_SaveVar_API.lua","C:\Program Files (x86)\World of Warcraft\_retail_\Interface\AddOns\Guild_Roster_Manager\GRM_SaveVar_API.lua","97","assigned function","GRM.GetFormerPlayer"
"GRM_SaveVar_API.lua","C:\Program Files (x86)\World of Warcraft\_retail_\Interface\AddOns\Guild_Roster_Manager\GRM_SaveVar_API.lua","114","assigned function","GRM.GetGuild"
"GRM_SaveVar_API.lua","C:\Program Files (x86)\World of Warcraft\_retail_\Interface\AddOns\Guild_Roster_Manager\GRM_SaveVar_API.lua","127","assigned function","GRM.GetFormerMembers"
"GRM_SaveVar_API.lua","C:\Program Files (x86)\World of Warcraft\_retail_\Interface\AddOns\Guild_Roster_Manager\GRM_SaveVar_API.lua","140","assigned function","GRM.GetLog"
"GRM_SaveVar_API.lua","C:\Program Files (x86)\World of Warcraft\_retail_\Interface\AddOns\Guild_Roster_Manager\GRM_SaveVar_API.lua","153","assigned function","GRM.GetEvents"
"GRM_SaveVar_API.lua","C:\Program Files (x86)\World of Warcraft\_retail_\Interface\AddOns\Guild_Roster_Manager\GRM_SaveVar_API.lua","166","assigned function","GRM.GetAddOnUserGuildAlts"
"GRM_SaveVar_API.lua","C:\Program Files (x86)\World of Warcraft\_retail_\Interface\AddOns\Guild_Roster_Manager\GRM_SaveVar_API.lua","179","assigned function","GRM.GetGuildAlts"
"GRM_SaveVar_API.lua","C:\Program Files (x86)\World of Warcraft\_retail_\Interface\AddOns\Guild_Roster_Manager\GRM_SaveVar_API.lua","190","assigned function","GRM.GetClubMemberInfo"
"GRM_SaveVar_API.lua","C:\Program Files (x86)\World of Warcraft\_retail_\Interface\AddOns\Guild_Roster_Manager\GRM_SaveVar_API.lua","219","assigned function","GRM.GetGuildRosterInfo_ClassicMethod"
"GRM_SaveVar_API.lua","C:\Program Files (x86)\World of Warcraft\_retail_\Interface\AddOns\Guild_Roster_Manager\GRM_SaveVar_API.lua","238","assigned function","GRM.GetMemberInfoWithFullName"
"GRM_SaveVar_API.lua","C:\Program Files (x86)\World of Warcraft\_retail_\Interface\AddOns\Guild_Roster_Manager\GRM_SaveVar_API.lua","254","assigned function","GRM.GetListOfGuildies"
"GRM_SaveVar_API.lua","C:\Program Files (x86)\World of Warcraft\_retail_\Interface\AddOns\Guild_Roster_Manager\GRM_SaveVar_API.lua","277","assigned function","GRM.GetIndexOfPlayerOnList"
"GRM_ScanRoster.lua","C:\Program Files (x86)\World of Warcraft\_retail_\Interface\AddOns\Guild_Roster_Manager\GRM_ScanRoster.lua","15","assigned function","Scan.NoLivecheck"
"GRM_ScanRoster.lua","C:\Program Files (x86)\World of Warcraft\_retail_\Interface\AddOns\Guild_Roster_Manager\GRM_ScanRoster.lua","33","assigned function","Scan.NoLiveReset"
"GRM_ScanRoster.lua","C:\Program Files (x86)\World of Warcraft\_retail_\Interface\AddOns\Guild_Roster_Manager\GRM_ScanRoster.lua","42","assigned function","Scan.LogPrecheck"
"GRM_ScanRoster.lua","C:\Program Files (x86)\World of Warcraft\_retail_\Interface\AddOns\Guild_Roster_Manager\GRM_ScanRoster.lua","69","assigned function","Scan.RosterPreCheck"
"GRM_ScanRoster.lua","C:\Program Files (x86)\World of Warcraft\_retail_\Interface\AddOns\Guild_Roster_Manager\GRM_ScanRoster.lua","102","assigned function","Scan.HeartbeatCheck"
"GRM_ScanRoster.lua","C:\Program Files (x86)\World of Warcraft\_retail_\Interface\AddOns\Guild_Roster_Manager\GRM_ScanRoster.lua","201","assigned function","Scan.BuildNewRoster"
"GRM_ScanRoster.lua","C:\Program Files (x86)\World of Warcraft\_retail_\Interface\AddOns\Guild_Roster_Manager\GRM_ScanRoster.lua","231","assigned function","Scan.CleanUpNameRepeatedServer"
"GRM_ScanRoster.lua","C:\Program Files (x86)\World of Warcraft\_retail_\Interface\AddOns\Guild_Roster_Manager\GRM_ScanRoster.lua","245","assigned function","Scan.RosterDiscrepancyPassed"
"GRM_ScanRoster.lua","C:\Program Files (x86)\World of Warcraft\_retail_\Interface\AddOns\Guild_Roster_Manager\GRM_ScanRoster.lua","263","assigned function","Scan.BuildRosterClassicMethod"
"GRM_ScanRoster.lua","C:\Program Files (x86)\World of Warcraft\_retail_\Interface\AddOns\Guild_Roster_Manager\GRM_ScanRoster.lua","425","assigned function","Scan.GetClubMemberTable"
"GRM_ScanRoster.lua","C:\Program Files (x86)\World of Warcraft\_retail_\Interface\AddOns\Guild_Roster_Manager\GRM_ScanRoster.lua","443","assigned function","Scan.GetGuildMemberIndexTable"
"GRM_ScanRoster.lua","C:\Program Files (x86)\World of Warcraft\_retail_\Interface\AddOns\Guild_Roster_Manager\GRM_ScanRoster.lua","457","assigned function","Scan.UpdateRosterWithCommunitiesAPI"
"GRM_ScanRoster.lua","C:\Program Files (x86)\World of Warcraft\_retail_\Interface\AddOns\Guild_Roster_Manager\GRM_ScanRoster.lua","547","assigned function","Scan.FinalizeRosterBuild"
"GRM_ScanRoster.lua","C:\Program Files (x86)\World of Warcraft\_retail_\Interface\AddOns\Guild_Roster_Manager\GRM_ScanRoster.lua","593","assigned function","Scan.BaseScanningComplete_MoveToChanges"
"GRM_ScanRoster.lua","C:\Program Files (x86)\World of Warcraft\_retail_\Interface\AddOns\Guild_Roster_Manager\GRM_ScanRoster.lua","621","assigned function","Scan.BuildNewGuildOrNameChange"
"GRM_ScanRoster.lua","C:\Program Files (x86)\World of Warcraft\_retail_\Interface\AddOns\Guild_Roster_Manager\GRM_ScanRoster.lua","712","assigned function","Scan.ProcessGuildNameChange"
"GRM_ScanRoster.lua","C:\Program Files (x86)\World of Warcraft\_retail_\Interface\AddOns\Guild_Roster_Manager\GRM_ScanRoster.lua","768","assigned function","Scan.GuildNameChanged"
"GRM_ScanRoster.lua","C:\Program Files (x86)\World of Warcraft\_retail_\Interface\AddOns\Guild_Roster_Manager\GRM_ScanRoster.lua","787","assigned function","Scan.GUID_EdgeCaseMatch"
"GRM_ScanRoster.lua","C:\Program Files (x86)\World of Warcraft\_retail_\Interface\AddOns\Guild_Roster_Manager\GRM_ScanRoster.lua","799","assigned function","Scan.processNewGUIDFormerMembers"
"GRM_ScanRoster.lua","C:\Program Files (x86)\World of Warcraft\_retail_\Interface\AddOns\Guild_Roster_Manager\GRM_ScanRoster.lua","837","assigned function","Scan.CheckPlayerChanges"
"GRM_ScanRoster.lua","C:\Program Files (x86)\World of Warcraft\_retail_\Interface\AddOns\Guild_Roster_Manager\GRM_ScanRoster.lua","935","assigned function","Scan.FinishedScan"
"GRM_ScanRoster.lua","C:\Program Files (x86)\World of Warcraft\_retail_\Interface\AddOns\Guild_Roster_Manager\GRM_ScanRoster.lua","956","assigned function","Scan.CheckLogChanges"
"GRM_ScanRoster.lua","C:\Program Files (x86)\World of Warcraft\_retail_\Interface\AddOns\Guild_Roster_Manager\GRM_ScanRoster.lua","1083","assigned function","Scan.CheckRosterChanges"
"GRM_ScanRoster.lua","C:\Program Files (x86)\World of Warcraft\_retail_\Interface\AddOns\Guild_Roster_Manager\GRM_ScanRoster.lua","1363","assigned function","Scan.CheckLogJoinOrLeave"
"GRM_ScanRoster.lua","C:\Program Files (x86)\World of Warcraft\_retail_\Interface\AddOns\Guild_Roster_Manager\GRM_ScanRoster.lua","1458","assigned function","Scan.RecordKickChanges"
"GRM_ScanRoster.lua","C:\Program Files (x86)\World of Warcraft\_retail_\Interface\AddOns\Guild_Roster_Manager\GRM_ScanRoster.lua","1659","assigned function","Scan.RecordChanges"
"GRM_ScanRoster.lua","C:\Program Files (x86)\World of Warcraft\_retail_\Interface\AddOns\Guild_Roster_Manager\GRM_ScanRoster.lua","1805","assigned function","Scan.RecordJoinChanges"
"GRM_ScanRoster.lua","C:\Program Files (x86)\World of Warcraft\_retail_\Interface\AddOns\Guild_Roster_Manager\GRM_ScanRoster.lua","2114","assigned function","Scan.IsRejoinAndSetDetails"
"GRM_ScanRoster.lua","C:\Program Files (x86)\World of Warcraft\_retail_\Interface\AddOns\Guild_Roster_Manager\GRM_ScanRoster.lua","2481","assigned function","Scan.CheckPlayerEvents"
"GRM_ScanRoster.lua","C:\Program Files (x86)\World of Warcraft\_retail_\Interface\AddOns\Guild_Roster_Manager\GRM_ScanRoster.lua","2529","assigned function","Scan.CheckPlayerAnniversary"
"GRM_ScanRoster.lua","C:\Program Files (x86)\World of Warcraft\_retail_\Interface\AddOns\Guild_Roster_Manager\GRM_ScanRoster.lua","2623","assigned function","Scan.CheckPlayerBirthday"
"GRM_ScanRoster.lua","C:\Program Files (x86)\World of Warcraft\_retail_\Interface\AddOns\Guild_Roster_Manager\GRM_ScanRoster.lua","2714","assigned function","Scan.FinalReport"
"GRM_ScanRoster.lua","C:\Program Files (x86)\World of Warcraft\_retail_\Interface\AddOns\Guild_Roster_Manager\GRM_ScanRoster.lua","2755","assigned function","Scan.FinalLeftPlayersReport"
"GRM_ScanRoster.lua","C:\Program Files (x86)\World of Warcraft\_retail_\Interface\AddOns\Guild_Roster_Manager\GRM_ScanRoster.lua","2856","assigned function","Scan.FinalReportInformation"
"GRM_ScanRoster.lua","C:\Program Files (x86)\World of Warcraft\_retail_\Interface\AddOns\Guild_Roster_Manager\GRM_ScanRoster.lua","2905","assigned function","Scan.AnnounceIfBirthday"
"GRM_ScanRoster.lua","C:\Program Files (x86)\World of Warcraft\_retail_\Interface\AddOns\Guild_Roster_Manager\GRM_ScanRoster.lua","2954","assigned function","Scan.CheckForDeadAccounts"
"GRM_ScanRoster.lua","C:\Program Files (x86)\World of Warcraft\_retail_\Interface\AddOns\Guild_Roster_Manager\GRM_ScanRoster.lua","3034","assigned function","Scan.FullReportCheck"
"GRM_ScanRoster.lua","C:\Program Files (x86)\World of Warcraft\_retail_\Interface\AddOns\Guild_Roster_Manager\GRM_ScanRoster.lua","3328","assigned function","Scan.ResetTempLogs"
"GRM_ScanRoster.lua","C:\Program Files (x86)\World of Warcraft\_retail_\Interface\AddOns\Guild_Roster_Manager\GRM_ScanRoster.lua","3353","assigned function","Scan.AnyReportsRemaining"
"GRM_ScanRoster.lua","C:\Program Files (x86)\World of Warcraft\_retail_\Interface\AddOns\Guild_Roster_Manager\GRM_ScanRoster.lua","3376","assigned function","Scan.ScanKillSwitch"
"GRM_ScanRoster.lua","C:\Program Files (x86)\World of Warcraft\_retail_\Interface\AddOns\Guild_Roster_Manager\GRM_ScanRoster.lua","3400","assigned function","Scan.AddonPlayerRankChange"
"GRM_ScanRoster.lua","C:\Program Files (x86)\World of Warcraft\_retail_\Interface\AddOns\Guild_Roster_Manager\GRM_ScanRoster.lua","3451","assigned function","Scan.GetNewerAccountByGUID"
"GRM_ScanRoster.lua","C:\Program Files (x86)\World of Warcraft\_retail_\Interface\AddOns\Guild_Roster_Manager\GRM_ScanRoster.lua","3475","assigned function","Scan.GetRuleNameMatches"
"GRM_ScanRoster.lua","C:\Program Files (x86)\World of Warcraft\_retail_\Interface\AddOns\Guild_Roster_Manager\GRM_ScanRoster.lua","3493","assigned function","Scan.ScanRecommendationsList_Async"
"GRM_ScanRoster.lua","C:\Program Files (x86)\World of Warcraft\_retail_\Interface\AddOns\Guild_Roster_Manager\GRM_ScanRoster.lua","3559","assigned function","Scan.ProcessNextMacroRuleChunk"
"GRM_ScanRoster.lua","C:\Program Files (x86)\World of Warcraft\_retail_\Interface\AddOns\Guild_Roster_Manager\GRM_ScanRoster.lua","3568","local function","getPlayerSafe"
"GRM_ScanRoster.lua","C:\Program Files (x86)\World of Warcraft\_retail_\Interface\AddOns\Guild_Roster_Manager\GRM_ScanRoster.lua","3573","local function","advanceToNextMajorStage"
"GRM_ScanRoster.lua","C:\Program Files (x86)\World of Warcraft\_retail_\Interface\AddOns\Guild_Roster_Manager\GRM_ScanRoster.lua","3585","local function","transitionToProcessingCandidates"
"GRM_ScanRoster.lua","C:\Program Files (x86)\World of Warcraft\_retail_\Interface\AddOns\Guild_Roster_Manager\GRM_ScanRoster.lua","3598","local function","transitionToClearingFlags"
"GRM_ScanRoster.lua","C:\Program Files (x86)\World of Warcraft\_retail_\Interface\AddOns\Guild_Roster_Manager\GRM_ScanRoster.lua","3978","assigned function","Scan.GetRuleNameMatchesChunk"
"GRM_ScanRoster.lua","C:\Program Files (x86)\World of Warcraft\_retail_\Interface\AddOns\Guild_Roster_Manager\GRM_ScanRoster.lua","3999","assigned function","Scan.RefreshNumberOfHoursTilRecommend"
"GRM_ScanRoster.lua","C:\Program Files (x86)\World of Warcraft\_retail_\Interface\AddOns\Guild_Roster_Manager\GRM_ScanRoster.lua","4112","assigned function","Scan.GetGuildEventString"
"GRM_ScanRoster.lua","C:\Program Files (x86)\World of Warcraft\_retail_\Interface\AddOns\Guild_Roster_Manager\GRM_ScanRoster.lua","4232","assigned function","Scan.SilenceOfficerNoteReport"
"GRM_ScanRoster.lua","C:\Program Files (x86)\World of Warcraft\_retail_\Interface\AddOns\Guild_Roster_Manager\GRM_ScanRoster.lua","4246","assigned function","Scan.GetMatureFilterNormalizedString"
"GRM_ScanRoster.lua","C:\Program Files (x86)\World of Warcraft\_retail_\Interface\AddOns\Guild_Roster_Manager\GRM_ScanRoster.lua","4265","assigned function","Scan.NormalizeMatureWords"
"GRM_Stats.lua","C:\Program Files (x86)\World of Warcraft\_retail_\Interface\AddOns\Guild_Roster_Manager\GRM_Stats.lua","10","assigned function","GRM_API.CreateNewProgressBar"
"GRM_Stats.lua","C:\Program Files (x86)\World of Warcraft\_retail_\Interface\AddOns\Guild_Roster_Manager\GRM_Stats.lua","44","assigned function","GRM_API.TriggerProgressBar"
"GRM_Stats.lua","C:\Program Files (x86)\World of Warcraft\_retail_\Interface\AddOns\Guild_Roster_Manager\GRM_Stats.lua","143","assigned function","GRM_API.CheckPoint"
"GRM_Stats.lua","C:\Program Files (x86)\World of Warcraft\_retail_\Interface\AddOns\Guild_Roster_Manager\GRM_Stats.lua","163","assigned function","GRM_API.SetProgressBarColor"
"GRM_Stats.lua","C:\Program Files (x86)\World of Warcraft\_retail_\Interface\AddOns\Guild_Roster_Manager\GRM_Stats.lua","176","assigned function","GRM_API.ResetProgressBar"
"GRM_TimeUtil.lua","C:\Program Files (x86)\World of Warcraft\_retail_\Interface\AddOns\Guild_Roster_Manager\GRM_TimeUtil.lua","60","assigned function","Time.GetTodaysDate"
"GRM_TimeUtil.lua","C:\Program Files (x86)\World of Warcraft\_retail_\Interface\AddOns\Guild_Roster_Manager\GRM_TimeUtil.lua","75","assigned function","Time.GetCurrentCalendarTime"
"GRM_TimeUtil.lua","C:\Program Files (x86)\World of Warcraft\_retail_\Interface\AddOns\Guild_Roster_Manager\GRM_TimeUtil.lua","91","assigned function","Time.IsLeapYear"
"GRM_TimeUtil.lua","C:\Program Files (x86)\World of Warcraft\_retail_\Interface\AddOns\Guild_Roster_Manager\GRM_TimeUtil.lua","101","assigned function","Time.CalculateTotalHours"
"GRM_TimeUtil.lua","C:\Program Files (x86)\World of Warcraft\_retail_\Interface\AddOns\Guild_Roster_Manager\GRM_TimeUtil.lua","153","assigned function","Time.DaysInMonth"
"GRM_TimeUtil.lua","C:\Program Files (x86)\World of Warcraft\_retail_\Interface\AddOns\Guild_Roster_Manager\GRM_TimeUtil.lua","163","assigned function","Time.ConvertToStandardFormatDate"
"GRM_TimeUtil.lua","C:\Program Files (x86)\World of Warcraft\_retail_\Interface\AddOns\Guild_Roster_Manager\GRM_TimeUtil.lua","191","assigned function","Time.ParseStandardFormatDate"
"GRM_TimeUtil.lua","C:\Program Files (x86)\World of Warcraft\_retail_\Interface\AddOns\Guild_Roster_Manager\GRM_TimeUtil.lua","206","assigned function","Time.ConvertToEpoch"
"GRM_TimeUtil.lua","C:\Program Files (x86)\World of Warcraft\_retail_\Interface\AddOns\Guild_Roster_Manager\GRM_TimeUtil.lua","217","assigned function","Time.ValidateHist"
"GRM_TimeUtil.lua","C:\Program Files (x86)\World of Warcraft\_retail_\Interface\AddOns\Guild_Roster_Manager\GRM_TimeUtil.lua","233","assigned function","Time.GetTimestamp"
"GRM_TimeUtil.lua","C:\Program Files (x86)\World of Warcraft\_retail_\Interface\AddOns\Guild_Roster_Manager\GRM_TimeUtil.lua","245","assigned function","Time.GetTimePassedInZone"
"GRM_TimeUtil.lua","C:\Program Files (x86)\World of Warcraft\_retail_\Interface\AddOns\Guild_Roster_Manager\GRM_TimeUtil.lua","320","assigned function","Time.ConvertTimetableToServer"
"GRM_TimeUtil.lua","C:\Program Files (x86)\World of Warcraft\_retail_\Interface\AddOns\Guild_Roster_Manager\GRM_TimeUtil.lua","375","assigned function","Time.EpochToDateFormat"
"GRM_TimeUtil.lua","C:\Program Files (x86)\World of Warcraft\_retail_\Interface\AddOns\Guild_Roster_Manager\GRM_TimeUtil.lua","393","assigned function","Time.GetHoursSinceTimestamp"
"GRM_TimeUtil.lua","C:\Program Files (x86)\World of Warcraft\_retail_\Interface\AddOns\Guild_Roster_Manager\GRM_TimeUtil.lua","401","assigned function","Time.DayOfYear"
"GRM_TimeUtil.lua","C:\Program Files (x86)\World of Warcraft\_retail_\Interface\AddOns\Guild_Roster_Manager\GRM_TimeUtil.lua","416","assigned function","Time.GetDaysBetweenDates"
"GRM_TimeUtil.lua","C:\Program Files (x86)\World of Warcraft\_retail_\Interface\AddOns\Guild_Roster_Manager\GRM_TimeUtil.lua","446","assigned function","Time.GetTimePassedUsingTableOrString"
"GRM_TimeUtil.lua","C:\Program Files (x86)\World of Warcraft\_retail_\Interface\AddOns\Guild_Roster_Manager\GRM_TimeUtil.lua","559","assigned function","Time.GetTimePassedUsingEpochTime"
"GRM_TimeUtil.lua","C:\Program Files (x86)\World of Warcraft\_retail_\Interface\AddOns\Guild_Roster_Manager\GRM_TimeUtil.lua","575","assigned function","Time.GetTimePlayerHasBeenMember"
"GRM_TimeUtil.lua","C:\Program Files (x86)\World of Warcraft\_retail_\Interface\AddOns\Guild_Roster_Manager\GRM_TimeUtil.lua","591","assigned function","Time.ComplexHoursReport"
"GRM_TimeUtil.lua","C:\Program Files (x86)\World of Warcraft\_retail_\Interface\AddOns\Guild_Roster_Manager\GRM_TimeUtil.lua","797","assigned function","Time.HoursReport"
"GRM_TimeUtil.lua","C:\Program Files (x86)\World of Warcraft\_retail_\Interface\AddOns\Guild_Roster_Manager\GRM_TimeUtil.lua","855","assigned function","Time.GetNumDaysForNMonthsRule"
"GRM_TimeUtil.lua","C:\Program Files (x86)\World of Warcraft\_retail_\Interface\AddOns\Guild_Roster_Manager\GRM_TimeUtil.lua","927","assigned function","Time.GetNumHoursTilRecommend"
"GRM_TimeUtil.lua","C:\Program Files (x86)\World of Warcraft\_retail_\Interface\AddOns\Guild_Roster_Manager\GRM_TimeUtil.lua","943","assigned function","Time.GetTimestampBasedOnTimePassed"
"GRM_TimeUtil.lua","C:\Program Files (x86)\World of Warcraft\_retail_\Interface\AddOns\Guild_Roster_Manager\GRM_TimeUtil.lua","1024","assigned function","Time.GetCleanTimestamp"
"GRM_TimeUtil.lua","C:\Program Files (x86)\World of Warcraft\_retail_\Interface\AddOns\Guild_Roster_Manager\GRM_TimeUtil.lua","1032","assigned function","Time.FormatTimeStamp"
"GRM_TimeUtil.lua","C:\Program Files (x86)\World of Warcraft\_retail_\Interface\AddOns\Guild_Roster_Manager\GRM_TimeUtil.lua","1207","assigned function","Time.GetFormatTime"
"GRM_TimeUtil.lua","C:\Program Files (x86)\World of Warcraft\_retail_\Interface\AddOns\Guild_Roster_Manager\GRM_TimeUtil.lua","1248","assigned function","Time.GetTimestampOfLastRankChange"
"GRM_TimeUtil.lua","C:\Program Files (x86)\World of Warcraft\_retail_\Interface\AddOns\Guild_Roster_Manager\GRM_TimeUtil.lua","1261","assigned function","Time.IsValidSubmitDate"
"GRM_TimeUtil.lua","C:\Program Files (x86)\World of Warcraft\_retail_\Interface\AddOns\Guild_Roster_Manager\GRM_TimeUtil.lua","1309","assigned function","Time.GetLogFormattedTimestamp"
"GRM_UI.lua","C:\Program Files (x86)\World of Warcraft\_retail_\Interface\AddOns\Guild_Roster_Manager\GRM_UI.lua","1169","assigned function","GRM_UI.SetCloseButtonTooltip"
"GRM_UI.lua","C:\Program Files (x86)\World of Warcraft\_retail_\Interface\AddOns\Guild_Roster_Manager\GRM_UI.lua","1188","assigned function","GRM_UI.ScaleFontStringToObjectSize"
"GRM_UI.lua","C:\Program Files (x86)\World of Warcraft\_retail_\Interface\AddOns\Guild_Roster_Manager\GRM_UI.lua","1208","assigned function","GRM_UI.ReloadAllFrames"
"GRM_UI.lua","C:\Program Files (x86)\World of Warcraft\_retail_\Interface\AddOns\Guild_Roster_Manager\GRM_UI.lua","1325","assigned function","GRM_UI.SetTooltipScale"
"GRM_UI.lua","C:\Program Files (x86)\World of Warcraft\_retail_\Interface\AddOns\Guild_Roster_Manager\GRM_UI.lua","1338","assigned function","GRM_UI.RestoreTooltipScale"
"GRM_UI.lua","C:\Program Files (x86)\World of Warcraft\_retail_\Interface\AddOns\Guild_Roster_Manager\GRM_UI.lua","1346","assigned function","GRM_UI.NewTooltipScale"
"GRM_UI.lua","C:\Program Files (x86)\World of Warcraft\_retail_\Interface\AddOns\Guild_Roster_Manager\GRM_UI.lua","1363","assigned function","GRM_UI.CreateCharacterCountText"
"GRM_UI.lua","C:\Program Files (x86)\World of Warcraft\_retail_\Interface\AddOns\Guild_Roster_Manager\GRM_UI.lua","1428","assigned function","GRM_UI.Unpause"
"GRM_UI.lua","C:\Program Files (x86)\World of Warcraft\_retail_\Interface\AddOns\Guild_Roster_Manager\GRM_UI.lua","1448","assigned function","GRM_UI.GR_MetaDataInitializeUIFirst"
"GRM_UI.lua","C:\Program Files (x86)\World of Warcraft\_retail_\Interface\AddOns\Guild_Roster_Manager\GRM_UI.lua","1508","assigned function","GRM_UI.ConfigureAltNamesContextMenuSize"
"GRM_UI.lua","C:\Program Files (x86)\World of Warcraft\_retail_\Interface\AddOns\Guild_Roster_Manager\GRM_UI.lua","1529","assigned function","GRM_UI.ConfigureStatusContextMenuSize"
"GRM_UI.lua","C:\Program Files (x86)\World of Warcraft\_retail_\Interface\AddOns\Guild_Roster_Manager\GRM_UI.lua","1552","assigned function","GRM_UI.ConfigureDateContextMenuSize"
"GRM_UI.lua","C:\Program Files (x86)\World of Warcraft\_retail_\Interface\AddOns\Guild_Roster_Manager\GRM_UI.lua","1585","assigned function","GRM_UI.ConfigureRightClickPlayerNameWindow"
"GRM_UI.lua","C:\Program Files (x86)\World of Warcraft\_retail_\Interface\AddOns\Guild_Roster_Manager\GRM_UI.lua","1608","assigned function","GRM_UI.ConfigureStatusRightClickMenu"
"GRM_UI.lua","C:\Program Files (x86)\World of Warcraft\_retail_\Interface\AddOns\Guild_Roster_Manager\GRM_UI.lua","1645","assigned function","GRM_UI.ConfigurePromoteDateRightClickMenu"
"GRM_UI.lua","C:\Program Files (x86)\World of Warcraft\_retail_\Interface\AddOns\Guild_Roster_Manager\GRM_UI.lua","1712","assigned function","GRM_UI.ConfigureJoinDateRightClickMenu"
"GRM_UI.lua","C:\Program Files (x86)\World of Warcraft\_retail_\Interface\AddOns\Guild_Roster_Manager\GRM_UI.lua","1782","assigned function","GRM_UI.ConfigureBirthDayRightClickMenu"
"GRM_UI.lua","C:\Program Files (x86)\World of Warcraft\_retail_\Interface\AddOns\Guild_Roster_Manager\GRM_UI.lua","1946","assigned function","GRM_UI.ResetDeath"
"GRM_UI.lua","C:\Program Files (x86)\World of Warcraft\_retail_\Interface\AddOns\Guild_Roster_Manager\GRM_UI.lua","2713","assigned function","GRM_UI.ReconfigureNoteFonts"
"GRM_UI.lua","C:\Program Files (x86)\World of Warcraft\_retail_\Interface\AddOns\Guild_Roster_Manager\GRM_UI.lua","2790","assigned function","GRM_UI.PlayerPublicNoteEditBox"
"GRM_UI.lua","C:\Program Files (x86)\World of Warcraft\_retail_\Interface\AddOns\Guild_Roster_Manager\GRM_UI.lua","2907","assigned function","GRM_UI.EscapeOfficerNoteEditBox"
"GRM_UI.lua","C:\Program Files (x86)\World of Warcraft\_retail_\Interface\AddOns\Guild_Roster_Manager\GRM_UI.lua","2999","assigned function","GRM_UI.ReEnableSubIgnoreOption"
"GRM_UI.lua","C:\Program Files (x86)\World of Warcraft\_retail_\Interface\AddOns\Guild_Roster_Manager\GRM_UI.lua","3007","assigned function","GRM_UI.DisableSubIgnoreOption"
"GRM_UI.lua","C:\Program Files (x86)\World of Warcraft\_retail_\Interface\AddOns\Guild_Roster_Manager\GRM_UI.lua","3015","assigned function","GRM_UI.MacroIgnoreCheckBoxesFrame_OnShow"
"GRM_UI.lua","C:\Program Files (x86)\World of Warcraft\_retail_\Interface\AddOns\Guild_Roster_Manager\GRM_UI.lua","3202","assigned function","GRM_UI.MacroIgnoreCheckBoxesFrame_OnUpdate"
"GRM_UI.lua","C:\Program Files (x86)\World of Warcraft\_retail_\Interface\AddOns\Guild_Roster_Manager\GRM_UI.lua","3634","assigned function","GRM_UI.SetIgnoreCheckButtonTooltip"
"GRM_UI.lua","C:\Program Files (x86)\World of Warcraft\_retail_\Interface\AddOns\Guild_Roster_Manager\GRM_UI.lua","3697","assigned function","GRM_UI.SetAllMacroIgnoreFilters"
"GRM_UI.lua","C:\Program Files (x86)\World of Warcraft\_retail_\Interface\AddOns\Guild_Roster_Manager\GRM_UI.lua","3704","assigned function","GRM_UI.SyncAltsToSameIgnoreFilters"
"GRM_UI.lua","C:\Program Files (x86)\World of Warcraft\_retail_\Interface\AddOns\Guild_Roster_Manager\GRM_UI.lua","3775","assigned function","GRM_UI.ResetCustomNoteSyncTooltip"
"GRM_UI.lua","C:\Program Files (x86)\World of Warcraft\_retail_\Interface\AddOns\Guild_Roster_Manager\GRM_UI.lua","3978","assigned function","GRM_UI.CustomNoteEditBoxOnFocusLost"
"GRM_UI.lua","C:\Program Files (x86)\World of Warcraft\_retail_\Interface\AddOns\Guild_Roster_Manager\GRM_UI.lua","4009","assigned function","GRM_UI.GR_MetaDataInitializeUISecond"
"GRM_UI.lua","C:\Program Files (x86)\World of Warcraft\_retail_\Interface\AddOns\Guild_Roster_Manager\GRM_UI.lua","4085","assigned function","GRM_UI.AltMainSetButton"
"GRM_UI.lua","C:\Program Files (x86)\World of Warcraft\_retail_\Interface\AddOns\Guild_Roster_Manager\GRM_UI.lua","4578","assigned function","GRM_UI.GR_MetaDataInitializeUIThird"
"GRM_UI.lua","C:\Program Files (x86)\World of Warcraft\_retail_\Interface\AddOns\Guild_Roster_Manager\GRM_UI.lua","4639","assigned function","GRM_UI.AddAltButtonControls"
"GRM_UI.lua","C:\Program Files (x86)\World of Warcraft\_retail_\Interface\AddOns\Guild_Roster_Manager\GRM_UI.lua","4702","assigned function","GRM_UI.AddAltSelectionControls"
"GRM_UI.lua","C:\Program Files (x86)\World of Warcraft\_retail_\Interface\AddOns\Guild_Roster_Manager\GRM_UI.lua","4754","assigned function","GRM_UI.SetAddAltSliderValue"
"GRM_UI.lua","C:\Program Files (x86)\World of Warcraft\_retail_\Interface\AddOns\Guild_Roster_Manager\GRM_UI.lua","4768","assigned function","GRM_UI.AddAltSideFrameLogic"
"GRM_UI.lua","C:\Program Files (x86)\World of Warcraft\_retail_\Interface\AddOns\Guild_Roster_Manager\GRM_UI.lua","4816","assigned function","GRM_UI.SendFullAltGroup"
"GRM_UI.lua","C:\Program Files (x86)\World of Warcraft\_retail_\Interface\AddOns\Guild_Roster_Manager\GRM_UI.lua","4966","assigned function","GRM_UI.ConfirmPromoDate"
"GRM_UI.lua","C:\Program Files (x86)\World of Warcraft\_retail_\Interface\AddOns\Guild_Roster_Manager\GRM_UI.lua","4996","assigned function","GRM_UI.ConfirmJoinDate"
"GRM_UI.lua","C:\Program Files (x86)\World of Warcraft\_retail_\Interface\AddOns\Guild_Roster_Manager\GRM_UI.lua","5089","assigned function","GRM_UI.GetMacroCountMessage"
"GRM_UI.lua","C:\Program Files (x86)\World of Warcraft\_retail_\Interface\AddOns\Guild_Roster_Manager\GRM_UI.lua","5122","assigned function","GRM_UI.PreAddonLoadUI"
"GRM_UI.lua","C:\Program Files (x86)\World of Warcraft\_retail_\Interface\AddOns\Guild_Roster_Manager\GRM_UI.lua","5127","assigned function","GRM_UI.SaveCorePosition"
"GRM_UI.lua","C:\Program Files (x86)\World of Warcraft\_retail_\Interface\AddOns\Guild_Roster_Manager\GRM_UI.lua","5138","assigned function","GRM_UI.SaveToolPosition"
"GRM_UI.lua","C:\Program Files (x86)\World of Warcraft\_retail_\Interface\AddOns\Guild_Roster_Manager\GRM_UI.lua","5149","assigned function","GRM_UI.SaveSyncTrackerPosition"
"GRM_UI.lua","C:\Program Files (x86)\World of Warcraft\_retail_\Interface\AddOns\Guild_Roster_Manager\GRM_UI.lua","5160","assigned function","GRM_UI.CorePositionInit"
"GRM_UI.lua","C:\Program Files (x86)\World of Warcraft\_retail_\Interface\AddOns\Guild_Roster_Manager\GRM_UI.lua","5172","assigned function","GRM_UI.CoreToolPositionInit"
"GRM_UI.lua","C:\Program Files (x86)\World of Warcraft\_retail_\Interface\AddOns\Guild_Roster_Manager\GRM_UI.lua","5184","assigned function","GRM_UI.CoreSyncTrackerInit"
"GRM_UI.lua","C:\Program Files (x86)\World of Warcraft\_retail_\Interface\AddOns\Guild_Roster_Manager\GRM_UI.lua","5369","assigned function","GRM_UI.UpdateBanTabCurrentlyInGuild"
"GRM_UI.lua","C:\Program Files (x86)\World of Warcraft\_retail_\Interface\AddOns\Guild_Roster_Manager\GRM_UI.lua","5430","assigned function","GRM_UI.RefreshAuditTab"
"GRM_UI.lua","C:\Program Files (x86)\World of Warcraft\_retail_\Interface\AddOns\Guild_Roster_Manager\GRM_UI.lua","5527","assigned function","GRM_UI.MetaDataInitializeUIrosterLog1"
"GRM_UI.lua","C:\Program Files (x86)\World of Warcraft\_retail_\Interface\AddOns\Guild_Roster_Manager\GRM_UI.lua","5707","assigned function","GRM_UI.LogEditBoxTimingControl"
"GRM_UI.lua","C:\Program Files (x86)\World of Warcraft\_retail_\Interface\AddOns\Guild_Roster_Manager\GRM_UI.lua","5794","assigned function","GRM_UI.BuildAllSideFrameColorBoxes"
"GRM_UI.lua","C:\Program Files (x86)\World of Warcraft\_retail_\Interface\AddOns\Guild_Roster_Manager\GRM_UI.lua","5883","assigned function","GRM_UI.RefreshLogColorOptions"
"GRM_UI.lua","C:\Program Files (x86)\World of Warcraft\_retail_\Interface\AddOns\Guild_Roster_Manager\GRM_UI.lua","5897","assigned function","GRM_UI.UpdateLogFilterTextColor"
"GRM_UI.lua","C:\Program Files (x86)\World of Warcraft\_retail_\Interface\AddOns\Guild_Roster_Manager\GRM_UI.lua","6363","assigned function","GRM_UI.HardcoreTabClick"
"GRM_UI.lua","C:\Program Files (x86)\World of Warcraft\_retail_\Interface\AddOns\Guild_Roster_Manager\GRM_UI.lua","6377","assigned function","GRM_UI.NamesTabClick"
"GRM_UI.lua","C:\Program Files (x86)\World of Warcraft\_retail_\Interface\AddOns\Guild_Roster_Manager\GRM_UI.lua","6500","assigned function","GRM_UI.ChannelEnabled"
"GRM_UI.lua","C:\Program Files (x86)\World of Warcraft\_retail_\Interface\AddOns\Guild_Roster_Manager\GRM_UI.lua","6511","assigned function","GRM_UI.ConfigureHCOptions"
"GRM_UI.lua","C:\Program Files (x86)\World of Warcraft\_retail_\Interface\AddOns\Guild_Roster_Manager\GRM_UI.lua","6551","assigned function","GRM_UI.ConfigureHCDeathsChannelAccess"
"GRM_UI.lua","C:\Program Files (x86)\World of Warcraft\_retail_\Interface\AddOns\Guild_Roster_Manager\GRM_UI.lua","6567","assigned function","GRM_UI.HCtagCheckBoxScript"
"GRM_UI.lua","C:\Program Files (x86)\World of Warcraft\_retail_\Interface\AddOns\Guild_Roster_Manager\GRM_UI.lua","6583","assigned function","GRM_UI.HCtagTimeCheckBox"
"GRM_UI.lua","C:\Program Files (x86)\World of Warcraft\_retail_\Interface\AddOns\Guild_Roster_Manager\GRM_UI.lua","6607","assigned function","GRM_UI.ProfRankAutoUpdate"
"GRM_UI.lua","C:\Program Files (x86)\World of Warcraft\_retail_\Interface\AddOns\Guild_Roster_Manager\GRM_UI.lua","6633","assigned function","GRM_UI.ProfReportUpdatesToChat"
"GRM_UI.lua","C:\Program Files (x86)\World of Warcraft\_retail_\Interface\AddOns\Guild_Roster_Manager\GRM_UI.lua","6643","assigned function","GRM_UI.ProfNoteDestination"
"GRM_UI.lua","C:\Program Files (x86)\World of Warcraft\_retail_\Interface\AddOns\Guild_Roster_Manager\GRM_UI.lua","6648","assigned function","GRM_UI.ConfigureProfRadial"
"GRM_UI.lua","C:\Program Files (x86)\World of Warcraft\_retail_\Interface\AddOns\Guild_Roster_Manager\GRM_UI.lua","6677","assigned function","GRM_UI.ProfessionNoteUpdate"
"GRM_UI.lua","C:\Program Files (x86)\World of Warcraft\_retail_\Interface\AddOns\Guild_Roster_Manager\GRM_UI.lua","6684","assigned function","GRM_UI.ExportProfessionConfirm"
"GRM_UI.lua","C:\Program Files (x86)\World of Warcraft\_retail_\Interface\AddOns\Guild_Roster_Manager\GRM_UI.lua","6691","assigned function","cancel"
"GRM_UI.lua","C:\Program Files (x86)\World of Warcraft\_retail_\Interface\AddOns\Guild_Roster_Manager\GRM_UI.lua","6703","assigned function","GRM_UI.RemoveProfessionNotes"
"GRM_UI.lua","C:\Program Files (x86)\World of Warcraft\_retail_\Interface\AddOns\Guild_Roster_Manager\GRM_UI.lua","6716","assigned function","GRM_UI.ConfigureClassicProfessionOptions"
"GRM_UI.lua","C:\Program Files (x86)\World of Warcraft\_retail_\Interface\AddOns\Guild_Roster_Manager\GRM_UI.lua","6764","assigned function","GRM_UI.MainOrNicknameCheckButton"
"GRM_UI.lua","C:\Program Files (x86)\World of Warcraft\_retail_\Interface\AddOns\Guild_Roster_Manager\GRM_UI.lua","6772","assigned function","GRM_UI.GRM_ShowMainAltTagsButtonScript"
"GRM_UI.lua","C:\Program Files (x86)\World of Warcraft\_retail_\Interface\AddOns\Guild_Roster_Manager\GRM_UI.lua","6780","assigned function","GRM_UI.GRM_ShowNicknameButtonScript"
"GRM_UI.lua","C:\Program Files (x86)\World of Warcraft\_retail_\Interface\AddOns\Guild_Roster_Manager\GRM_UI.lua","6790","assigned function","GRM_UI.GRM_ShowNicknameInsteadButtonScript"
"GRM_UI.lua","C:\Program Files (x86)\World of Warcraft\_retail_\Interface\AddOns\Guild_Roster_Manager\GRM_UI.lua","6798","assigned function","GRM_UI.NicknameInsteadTT"
"GRM_UI.lua","C:\Program Files (x86)\World of Warcraft\_retail_\Interface\AddOns\Guild_Roster_Manager\GRM_UI.lua","6805","assigned function","GRM_UI.GRM_AppendNicknameScript"
"GRM_UI.lua","C:\Program Files (x86)\World of Warcraft\_retail_\Interface\AddOns\Guild_Roster_Manager\GRM_UI.lua","6813","assigned function","GRM_UI.GRM_ShareNicknameButtonScript"
"GRM_UI.lua","C:\Program Files (x86)\World of Warcraft\_retail_\Interface\AddOns\Guild_Roster_Manager\GRM_UI.lua","6821","assigned function","GRM_UI.UpdateTagOptionsText"
"GRM_UI.lua","C:\Program Files (x86)\World of Warcraft\_retail_\Interface\AddOns\Guild_Roster_Manager\GRM_UI.lua","6827","assigned function","GRM_UI.EnableNicknameOptions"
"GRM_UI.lua","C:\Program Files (x86)\World of Warcraft\_retail_\Interface\AddOns\Guild_Roster_Manager\GRM_UI.lua","6987","assigned function","GRM_UI.LoadModulesFrameOnShow"
"GRM_UI.lua","C:\Program Files (x86)\World of Warcraft\_retail_\Interface\AddOns\Guild_Roster_Manager\GRM_UI.lua","7451","assigned function","GRM_UI.ShowCustomColorPicker"
"GRM_UI.lua","C:\Program Files (x86)\World of Warcraft\_retail_\Interface\AddOns\Guild_Roster_Manager\GRM_UI.lua","7481","assigned function","GRM_UI.ColorPickScript"
"GRM_UI.lua","C:\Program Files (x86)\World of Warcraft\_retail_\Interface\AddOns\Guild_Roster_Manager\GRM_UI.lua","7513","assigned function","GRM_UI.ColorPickHideScript"
"GRM_UI.lua","C:\Program Files (x86)\World of Warcraft\_retail_\Interface\AddOns\Guild_Roster_Manager\GRM_UI.lua","7531","assigned function","GRM_UI.ColorPickerHide"
"GRM_UI.lua","C:\Program Files (x86)\World of Warcraft\_retail_\Interface\AddOns\Guild_Roster_Manager\GRM_UI.lua","7536","assigned function","GRM_UI.ColorPicker_OnShow"
"GRM_UI.lua","C:\Program Files (x86)\World of Warcraft\_retail_\Interface\AddOns\Guild_Roster_Manager\GRM_UI.lua","7640","assigned function","GRM_UI.ColorSelectFrameTextureUpdate"
"GRM_UI.lua","C:\Program Files (x86)\World of Warcraft\_retail_\Interface\AddOns\Guild_Roster_Manager\GRM_UI.lua","7936","assigned function","GRM_UI.ReportDestination"
"GRM_UI.lua","C:\Program Files (x86)\World of Warcraft\_retail_\Interface\AddOns\Guild_Roster_Manager\GRM_UI.lua","8820","assigned function","GRM_UI.DisableNoteDestinationButtons"
"GRM_UI.lua","C:\Program Files (x86)\World of Warcraft\_retail_\Interface\AddOns\Guild_Roster_Manager\GRM_UI.lua","8827","assigned function","GRM_UI.EnableNoteDestinationButtons"
"GRM_UI.lua","C:\Program Files (x86)\World of Warcraft\_retail_\Interface\AddOns\Guild_Roster_Manager\GRM_UI.lua","8834","assigned function","GRM_UI.AdjustTextColoring"
"GRM_UI.lua","C:\Program Files (x86)\World of Warcraft\_retail_\Interface\AddOns\Guild_Roster_Manager\GRM_UI.lua","8884","assigned function","GRM_UI.RadialButtonTooltipGlobalControlsConfig"
"GRM_UI.lua","C:\Program Files (x86)\World of Warcraft\_retail_\Interface\AddOns\Guild_Roster_Manager\GRM_UI.lua","9326","assigned function","GRM_UI.AllLevelFiltersOff"
"GRM_UI.lua","C:\Program Files (x86)\World of Warcraft\_retail_\Interface\AddOns\Guild_Roster_Manager\GRM_UI.lua","9337","assigned function","GRM_UI.SetLevelLogOptions"
"GRM_UI.lua","C:\Program Files (x86)\World of Warcraft\_retail_\Interface\AddOns\Guild_Roster_Manager\GRM_UI.lua","9951","assigned function","GRM_UI.EnableSyncUIChanges"
"GRM_UI.lua","C:\Program Files (x86)\World of Warcraft\_retail_\Interface\AddOns\Guild_Roster_Manager\GRM_UI.lua","10758","assigned function","GRM_UI.ConfigureLevelFilterButton"
"GRM_UI.lua","C:\Program Files (x86)\World of Warcraft\_retail_\Interface\AddOns\Guild_Roster_Manager\GRM_UI.lua","10894","assigned function","GRM_UI.ConfigureLevelFilterMaxTooltip"
"GRM_UI.lua","C:\Program Files (x86)\World of Warcraft\_retail_\Interface\AddOns\Guild_Roster_Manager\GRM_UI.lua","11000","assigned function","GRM_UI.MetaDataInitializeUIrosterLog2"
"GRM_UI.lua","C:\Program Files (x86)\World of Warcraft\_retail_\Interface\AddOns\Guild_Roster_Manager\GRM_UI.lua","11565","assigned function","GRM_UI.DeathsToLogButton"
"GRM_UI.lua","C:\Program Files (x86)\World of Warcraft\_retail_\Interface\AddOns\Guild_Roster_Manager\GRM_UI.lua","11575","assigned function","GRM_UI.DeathsToChatButton"
"GRM_UI.lua","C:\Program Files (x86)\World of Warcraft\_retail_\Interface\AddOns\Guild_Roster_Manager\GRM_UI.lua","11913","assigned function","GRM_UI.DefaultTabSelectLogic"
"GRM_UI.lua","C:\Program Files (x86)\World of Warcraft\_retail_\Interface\AddOns\Guild_Roster_Manager\GRM_UI.lua","12103","assigned function","GRM_UI.NameSearchTT"
"GRM_UI.lua","C:\Program Files (x86)\World of Warcraft\_retail_\Interface\AddOns\Guild_Roster_Manager\GRM_UI.lua","12160","assigned function","GRM_UI.TriggerRefreshAuditReset"
"GRM_UI.lua","C:\Program Files (x86)\World of Warcraft\_retail_\Interface\AddOns\Guild_Roster_Manager\GRM_UI.lua","12514","assigned function","GRM_UI.VerifyRankDatesScript"
"GRM_UI.lua","C:\Program Files (x86)\World of Warcraft\_retail_\Interface\AddOns\Guild_Roster_Manager\GRM_UI.lua","12523","assigned function","GRM_UI.VerifyJoinDatesScript"
"GRM_UI.lua","C:\Program Files (x86)\World of Warcraft\_retail_\Interface\AddOns\Guild_Roster_Manager\GRM_UI.lua","12532","assigned function","GRM_UI.VerifyDateTextChanged"
"GRM_UI.lua","C:\Program Files (x86)\World of Warcraft\_retail_\Interface\AddOns\Guild_Roster_Manager\GRM_UI.lua","12545","assigned function","GRM_UI.ConfirmVerifyOfDates"
"GRM_UI.lua","C:\Program Files (x86)\World of Warcraft\_retail_\Interface\AddOns\Guild_Roster_Manager\GRM_UI.lua","13164","assigned function","GRM_UI.ClearJDAuditHighlights"
"GRM_UI.lua","C:\Program Files (x86)\World of Warcraft\_retail_\Interface\AddOns\Guild_Roster_Manager\GRM_UI.lua","13431","assigned function","GRM_UI.BanFrameOnTextChanged"
"GRM_UI.lua","C:\Program Files (x86)\World of Warcraft\_retail_\Interface\AddOns\Guild_Roster_Manager\GRM_UI.lua","13435","assigned function","GRM_UI.RealmTextChanged"
"GRM_UI.lua","C:\Program Files (x86)\World of Warcraft\_retail_\Interface\AddOns\Guild_Roster_Manager\GRM_UI.lua","13528","assigned function","GRM_UI.CheckForBanPlayerAutoSelect"
"GRM_UI.lua","C:\Program Files (x86)\World of Warcraft\_retail_\Interface\AddOns\Guild_Roster_Manager\GRM_UI.lua","13658","assigned function","GRM_UI.RealmSelectionUpdateName"
"GRM_UI.lua","C:\Program Files (x86)\World of Warcraft\_retail_\Interface\AddOns\Guild_Roster_Manager\GRM_UI.lua","13714","assigned function","GRM_UI.TabNextDropDown"
"GRM_UI.lua","C:\Program Files (x86)\World of Warcraft\_retail_\Interface\AddOns\Guild_Roster_Manager\GRM_UI.lua","14094","assigned function","GRM_UI.SendBannedSyncMessage"
"GRM_UI.lua","C:\Program Files (x86)\World of Warcraft\_retail_\Interface\AddOns\Guild_Roster_Manager\GRM_UI.lua","14430","assigned function","GRM_UI.SendUnBanSyncMessage"
"GRM_UI.lua","C:\Program Files (x86)\World of Warcraft\_retail_\Interface\AddOns\Guild_Roster_Manager\GRM_UI.lua","14941","assigned function","GRM_UI.AltGroupingBorderFrame_OnShow"
"GRM_UI.lua","C:\Program Files (x86)\World of Warcraft\_retail_\Interface\AddOns\Guild_Roster_Manager\GRM_UI.lua","15111","assigned function","GRM_UI.ConfigureSelectAllCheckButtons"
"GRM_UI.lua","C:\Program Files (x86)\World of Warcraft\_retail_\Interface\AddOns\Guild_Roster_Manager\GRM_UI.lua","15139","assigned function","GRM_UI.BuildLogFilterSideFrame"
"GRM_UI.lua","C:\Program Files (x86)\World of Warcraft\_retail_\Interface\AddOns\Guild_Roster_Manager\GRM_UI.lua","15239","assigned function","GRM_UI.ConfigureJoinDateLocation"
"GRM_UI.lua","C:\Program Files (x86)\World of Warcraft\_retail_\Interface\AddOns\Guild_Roster_Manager\GRM_UI.lua","15279","assigned function","GRM_UI.BuildLogFrames"
"GRM_UI.lua","C:\Program Files (x86)\World of Warcraft\_retail_\Interface\AddOns\Guild_Roster_Manager\GRM_UI.lua","15869","assigned function","GRM_UI.RefreshLogExtraOptions"
"GRM_UI.lua","C:\Program Files (x86)\World of Warcraft\_retail_\Interface\AddOns\Guild_Roster_Manager\GRM_UI.lua","15942","assigned function","GRM_UI.ConfigureClassicRankShiftButtons"
"GRM_UI.lua","C:\Program Files (x86)\World of Warcraft\_retail_\Interface\AddOns\Guild_Roster_Manager\GRM_UI.lua","16022","assigned function","GRM_UI.RefreshShiftRankButtonPositions"
"GRM_UI.lua","C:\Program Files (x86)\World of Warcraft\_retail_\Interface\AddOns\Guild_Roster_Manager\GRM_UI.lua","16046","assigned function","GRM_UI.GetCurrentSelectedControlRank"
"GRM_UI.lua","C:\Program Files (x86)\World of Warcraft\_retail_\Interface\AddOns\Guild_Roster_Manager\GRM_UI.lua","16063","assigned function","GRM_UI.MainRoster_OnShow"
"GRM_UI.lua","C:\Program Files (x86)\World of Warcraft\_retail_\Interface\AddOns\Guild_Roster_Manager\GRM_UI.lua","16160","assigned function","GRM_UI.OnlineUsersTextUpdate"
"GRM_UI.lua","C:\Program Files (x86)\World of Warcraft\_retail_\Interface\AddOns\Guild_Roster_Manager\GRM_UI.lua","16180","assigned function","GRM_UI.BlizzardFramePinHookInitializations"
"GRM_UI.lua","C:\Program Files (x86)\World of Warcraft\_retail_\Interface\AddOns\Guild_Roster_Manager\GRM_UI.lua","16201","assigned function","GRM.FrameUpdateCommunities"
"GRM_UI.lua","C:\Program Files (x86)\World of Warcraft\_retail_\Interface\AddOns\Guild_Roster_Manager\GRM_UI.lua","16318","assigned function","GRM_UI.CommunitesFrame_OnShow"
"GRM_UI.lua","C:\Program Files (x86)\World of Warcraft\_retail_\Interface\AddOns\Guild_Roster_Manager\GRM_UI.lua","16334","assigned function","GRM_UI.InitalizeGuildFrame"
"GRM_UI.lua","C:\Program Files (x86)\World of Warcraft\_retail_\Interface\AddOns\Guild_Roster_Manager\GRM_UI.lua","16378","assigned function","GRM_UI.DefaultFramesRecursiveInit"
"GRM_UI.lua","C:\Program Files (x86)\World of Warcraft\_retail_\Interface\AddOns\Guild_Roster_Manager\GRM_UI.lua","16406","assigned function","GRM_UI.EstablishAsyncFrameRefreshFlag"
"GRM_UI.lua","C:\Program Files (x86)\World of Warcraft\_retail_\Interface\AddOns\Guild_Roster_Manager\GRM_UI.lua","16435","assigned function","GRM_UI.ActivateRefreshFlagSearch"
"GRM_UI.lua","C:\Program Files (x86)\World of Warcraft\_retail_\Interface\AddOns\Guild_Roster_Manager\GRM_UI.lua","16460","assigned function","GRM_UI.FrameRefreshFlagReady"
"GRM_UI.lua","C:\Program Files (x86)\World of Warcraft\_retail_\Interface\AddOns\Guild_Roster_Manager\GRM_UI.lua","16472","assigned function","GRM_UI.RefreshSelectFrames"
"GRM_UI.lua","C:\Program Files (x86)\World of Warcraft\_retail_\Interface\AddOns\Guild_Roster_Manager\GRM_UI.lua","16512","assigned function","GRM_UI.GetDefaultFrameSize"
"GRM_UI.lua","C:\Program Files (x86)\World of Warcraft\_retail_\Interface\AddOns\Guild_Roster_Manager\GRM_UI.lua","16537","assigned function","GRM_UI.ResetScalingForAll"
"GRM_UI.lua","C:\Program Files (x86)\World of Warcraft\_retail_\Interface\AddOns\Guild_Roster_Manager\GRM_UI.lua","16551","assigned function","GRM_UI.SaveScale"
"GRM_UI.lua","C:\Program Files (x86)\World of Warcraft\_retail_\Interface\AddOns\Guild_Roster_Manager\GRM_UI.lua","16571","assigned function","GRM_UI.RescaleFrame"
"GRM_UI.lua","C:\Program Files (x86)\World of Warcraft\_retail_\Interface\AddOns\Guild_Roster_Manager\GRM_UI.lua","16682","assigned function","GRM_UI.SetAllWindowScales"
"GRM_UI_API.lua","C:\Program Files (x86)\World of Warcraft\_retail_\Interface\AddOns\Guild_Roster_Manager\GRM_UI_API.lua","30","assigned function","GRM_UI.CreateCoreFrame"
"GRM_UI_API.lua","C:\Program Files (x86)\World of Warcraft\_retail_\Interface\AddOns\Guild_Roster_Manager\GRM_UI_API.lua","97","assigned function","GRM_UI.CreateString"
"GRM_UI_API.lua","C:\Program Files (x86)\World of Warcraft\_retail_\Interface\AddOns\Guild_Roster_Manager\GRM_UI_API.lua","139","assigned function","GRM_UI.CreateButton"
"GRM_UI_API.lua","C:\Program Files (x86)\World of Warcraft\_retail_\Interface\AddOns\Guild_Roster_Manager\GRM_UI_API.lua","220","assigned function","GRM_UI.CreateRadialButtons"
"GRM_UI_API.lua","C:\Program Files (x86)\World of Warcraft\_retail_\Interface\AddOns\Guild_Roster_Manager\GRM_UI_API.lua","305","assigned function","GRM_UI.CreateCheckBox"
"GRM_UI_API.lua","C:\Program Files (x86)\World of Warcraft\_retail_\Interface\AddOns\Guild_Roster_Manager\GRM_UI_API.lua","358","assigned function","GRM_UI.CreateHybridScrollFrame"
"GRM_UI_API.lua","C:\Program Files (x86)\World of Warcraft\_retail_\Interface\AddOns\Guild_Roster_Manager\GRM_UI_API.lua","416","assigned function","GRM_UI.CreateEditBox"
"GRM_UI_API.lua","C:\Program Files (x86)\World of Warcraft\_retail_\Interface\AddOns\Guild_Roster_Manager\GRM_UI_API.lua","554","assigned function","GRM_UI.CreateOptionsSlider"
"GRM_UI_API.lua","C:\Program Files (x86)\World of Warcraft\_retail_\Interface\AddOns\Guild_Roster_Manager\GRM_UI_API.lua","625","assigned function","GRM_UI.CreateDropDownMenu"
"GRM_UI_API.lua","C:\Program Files (x86)\World of Warcraft\_retail_\Interface\AddOns\Guild_Roster_Manager\GRM_UI_API.lua","737","assigned function","GRM_UI.BuildDropDownOptions"
"GRM_UI_API.lua","C:\Program Files (x86)\World of Warcraft\_retail_\Interface\AddOns\Guild_Roster_Manager\GRM_UI_API.lua","807","assigned function","GRM_UI.SaveFramePosition"
"GRM_UI_API.lua","C:\Program Files (x86)\World of Warcraft\_retail_\Interface\AddOns\Guild_Roster_Manager\GRM_UI_API.lua","824","assigned function","GRM_UI.GetBackdrop"
"GRM_UI_API.lua","C:\Program Files (x86)\World of Warcraft\_retail_\Interface\AddOns\Guild_Roster_Manager\GRM_UI_API.lua","882","assigned function","GRM_UI.CreateTooltipFromTable"
"GRM_UI_API.lua","C:\Program Files (x86)\World of Warcraft\_retail_\Interface\AddOns\Guild_Roster_Manager\GRM_UI_API.lua","932","assigned function","GRM_UI.CreateToolTipScript"
"GRM_UI_API.lua","C:\Program Files (x86)\World of Warcraft\_retail_\Interface\AddOns\Guild_Roster_Manager\GRM_UI_API.lua","992","assigned function","GRM_UI.GetCheckboxPinNumber"
"GRM_UI_API.lua","C:\Program Files (x86)\World of Warcraft\_retail_\Interface\AddOns\Guild_Roster_Manager\GRM_UI_API.lua","1013","assigned function","GRM_UI.ToBool"
"GRM_UI_API.lua","C:\Program Files (x86)\World of Warcraft\_retail_\Interface\AddOns\Guild_Roster_Manager\GRM_UI_API.lua","1032","assigned function","GRM_UI.GetFrame"
"GRM_UI_API.lua","C:\Program Files (x86)\World of Warcraft\_retail_\Interface\AddOns\Guild_Roster_Manager\GRM_UI_API.lua","1054","assigned function","GRM_UI.WrapText"
"GRM_UI_API.lua","C:\Program Files (x86)\World of Warcraft\_retail_\Interface\AddOns\Guild_Roster_Manager\GRM_UI_API.lua","1123","assigned function","GRM_UI.BuildSliderTextures"
"GRM_UI_API.lua","C:\Program Files (x86)\World of Warcraft\_retail_\Interface\AddOns\Guild_Roster_Manager\GRM_UI_API.lua","1195","assigned function","GRM_UI.ScaleButtonToFontStringSize"
"GRM_UI_API.lua","C:\Program Files (x86)\World of Warcraft\_retail_\Interface\AddOns\Guild_Roster_Manager\GRM_UI_API.lua","1212","assigned function","GRM.InitiateEditBoxPopup"
"GRM_UI_Precheck.lua","C:\Program Files (x86)\World of Warcraft\_retail_\Interface\AddOns\Guild_Roster_Manager\GRM_UI_Precheck.lua","8","assigned function","UI_Pre.checkClassicUIRoster"
"GRM_UI_Precheck.lua","C:\Program Files (x86)\World of Warcraft\_retail_\Interface\AddOns\Guild_Roster_Manager\GRM_UI_Precheck.lua","27","assigned function","UI_Pre.EnableCommunities"
"GRM_Util.lua","C:\Program Files (x86)\World of Warcraft\_retail_\Interface\AddOns\Guild_Roster_Manager\GRM_Util.lua","7","assigned function","Util.TableLength"
"GRM_Util.lua","C:\Program Files (x86)\World of Warcraft\_retail_\Interface\AddOns\Guild_Roster_Manager\GRM_Util.lua","22","assigned function","Util.DeepCopyArray"
"GRM_Util.lua","C:\Program Files (x86)\World of Warcraft\_retail_\Interface\AddOns\Guild_Roster_Manager\GRM_Util.lua","39","assigned function","Util.RegisterGuildChatPermission"
"GRM_Util.lua","C:\Program Files (x86)\World of Warcraft\_retail_\Interface\AddOns\Guild_Roster_Manager\GRM_Util.lua","46","local function","CountTableElements"
"GRM_Util.lua","C:\Program Files (x86)\World of Warcraft\_retail_\Interface\AddOns\Guild_Roster_Manager\GRM_Util.lua","96","assigned function","Util.WarnTableSize"
"GRM_WebApps.lua","C:\Program Files (x86)\World of Warcraft\_retail_\Interface\AddOns\Guild_Roster_Manager\GRM_WebApps.lua","9","assigned function","WebApps.GetWebAppURL"
"Italian.lua","C:\Program Files (x86)\World of Warcraft\_retail_\Interface\AddOns\Guild_Roster_Manager\locales\Italian.lua","28","assigned function","GRML.Italian"
"Korean.lua","C:\Program Files (x86)\World of Warcraft\_retail_\Interface\AddOns\Guild_Roster_Manager\locales\Korean.lua","28","assigned function","GRML.Korean"
"MandarinCN.lua","C:\Program Files (x86)\World of Warcraft\_retail_\Interface\AddOns\Guild_Roster_Manager\locales\MandarinCN.lua","28","assigned function","GRML.MandarinCN"
"MandarinTW.lua","C:\Program Files (x86)\World of Warcraft\_retail_\Interface\AddOns\Guild_Roster_Manager\locales\MandarinTW.lua","28","assigned function","GRML.MandarinTW"
"Portuguese.lua","C:\Program Files (x86)\World of Warcraft\_retail_\Interface\AddOns\Guild_Roster_Manager\locales\Portuguese.lua","28","assigned function","GRML.Portuguese"
"PortugueseBR.lua","C:\Program Files (x86)\World of Warcraft\_retail_\Interface\AddOns\Guild_Roster_Manager\locales\PortugueseBR.lua","28","assigned function","GRML.PortugueseBR"
"Russian.lua","C:\Program Files (x86)\World of Warcraft\_retail_\Interface\AddOns\Guild_Roster_Manager\locales\Russian.lua","28","assigned function","GRML.Russian"
"SpanishEU.lua","C:\Program Files (x86)\World of Warcraft\_retail_\Interface\AddOns\Guild_Roster_Manager\locales\SpanishEU.lua","28","assigned function","GRML.SpanishEU"
"SpanishMX.lua","C:\Program Files (x86)\World of Warcraft\_retail_\Interface\AddOns\Guild_Roster_Manager\locales\SpanishMX.lua","28","assigned function","GRML.SpanishMX"
