"File","Line","Method","What","Purpose"
"GRM_AltManagement.lua","10","GRM.SetMain ( string , int )","Set the player to main by the given player name. It also removes an existing main back to alt status","Easily control for setting mains."
"GRM_AltManagement.lua","65","GRM.DemotePlayerFromMain ( string , int )","Set player to alt if they are currently set as main.","Easy control to set player to main."
"GRM_AltManagement.lua","109","GRM.GetAltGroupMain ( string , bool )","Returns the string name of the player who is listed as the main, and also the GUID if requested","Easily get the player's main."
"GRM_AltManagement.lua","138","GRM.GetPlayerMain ( string )","Returns the full player of the toon's main, or himself if he is main, or an empty string if no main.","Useful lookup for many purposes..."
"GRM_AltManagement.lua","155","GRM.GetFormattedMainName ( string )","Returns the main name of the given alt from the alt grouping, or returns """" if none is established for the given player.","To have a cleaner, simpler way of obtaining the main name."
"GRM_AltManagement.lua","187","GRM.IsMain ( string )","Returns true if the given player is listed as a Main","Easy lookup code for mains."
"GRM_AltManagement.lua","202","GRM.IsFormerMemberMain ( playerTable )","Returns true if the former member was a main at the time he left the guild","Particularly useful with the GroupInfo module."
"GRM_AltManagement.lua","212","GRM.IsFormerMemberAnAlt( playerTable )","Returns true if the player was an alt previously.","Useful in exporting data to know if they were alt/main previously in guild"
"GRM_AltManagement.lua","231","GRM.GetAltGroup ( string )","Returns the alt Group from the DB based on the alt Group ID, or nil if it doesn't exit.","Easy DB call to get the alt Group."
"GRM_AltManagement.lua","243","GRM.CreateAltGroup ( string , boo , int )","Creates a new altGroup and sets the given time of creation","Necessary to create a new alt group on occasion."
"GRM_AltManagement.lua","298","GRM.AddAlt ( string, string , int )","Adds a player to the alt grouping","Alt group management."
"GRM_AltManagement.lua","436","GRM.RemoveAltGroup ( string , int )","Removes the altGroup completely, as well as removes main designation","Alt managemenet controls."
"GRM_AltManagement.lua","459","GRM.IsPlayerInAltGroup ( string , string )","Returns true or false if player is in an alt group. This includes returning true if player is in their own group as main","Cleaner reusable code."
"GRM_AltManagement.lua","477","GRM.CreateNewAltGroupID ( string )","Creates a new unique identifier","For managing the alt groups."
"GRM_AltManagement.lua","495","GRM.GetNumAltGroups ( [,string] )","Return the count of the number of alt groups in the guild","To determine which unique identifier to give the alt group."
"GRM_AltManagement.lua","502","GRM.GetAltNamesList ( playerTable )","Returns all of the player alts if there are any","Allow to obtain just the list of alts without any other data"
"GRM_AltManagement.lua","520","GRM.GetListOfAlts ( playerTable , bool , table )","Returns the list of all of the alts from the alt Grouping, not including the player's own self, as well as their class Name","Useful to UI function easy lookup"
"GRM_AltManagement.lua","552","GRM.GetListOfAltsLowerRankThanMyself ( playerTable )","Returns the list of alts who are capable of being kicked","To easily mass kick an list of alts."
"GRM_AltManagement.lua","576","GRM.PlayerIsAnAlt ( playerTable )","Returns true if the given player is considered an ""alt"" not a main, or no designation","To inform if the player is an alt more easily."
"GRM_AltManagement.lua","591","GRM.PlayerHasAlts ( playerTable )","Returns true if the player has alts","Cleaner code. Easier to call this."
"GRM_AltManagement.lua","605","GRM.LeftPlayerHasAlts ( playerTable )","Checks if the player had alts at the time they left the guild","Useful to check before doing a lot of computational work, and since the altGroup no longer applies upon leaving the guild, a record of their alts when in the guild is stored..."
"GRM_AltManagement.lua","618","GRM.GetNumAlts ( string )","Returns the number of alts a player has","Useful to know to save time on parsing through tables needlessly."
"GRM_AltManagement.lua","632","GRM.AddPlayerToAltGroup ( string , string , int , bool , bool )","Adds the given player to the alt group based on the altGroupID, the playerName,","Sub-level function for the main AddAlt function"
"GRM_AltManagement.lua","698","GRM.RemovePlayerFromAltGroup ( string , int , bool , bool . bool , bool )","Removes a player from the alt group, and if it is a main, creates their own new alt group","Controls to add and remove alts."
"GRM_AltManagement.lua","776","timeModified ( int )","Returns the epoch timestamp of the most recent alt group change.","Easily unify the timestamp."
"GRM_AltManagement.lua","789","GRM.IsAnyAltActive ( table , int)","Returns true if at least one of the alts is active","No need to announce inactive return if it is just an old alt..."
"GRM_AltManagement.lua","810","GRM.IsAnyAltActiveForRecommendKicks ( table , rule  )","Returns true if at least one of the alts is active","No need to announce inactive return if it is just an old alt..."
"GRM_AltManagement.lua","847","GRM.AddRejoinToAltGroup ( playerTable , bool )","Using the stored player information when someone leaves the guild, it checks their alt group and adds them back to it.","One less thing to do manually if you jokingly kick someone or someone returns."
"GRM_AltManagement.lua","877","GRM.AddPlayerToOwnAltList()","For the first time a player logs on that toon, or joins a guild with that toon, it adds them to their own alt list.","For easy alt management. AUTO adds alt info for a guild :D"
"GRM_AltManagement.lua","941","GRM.CheckIfNeedToAddAlt()","Lets you know if the player is already on the list of alts, and returns the position of the guild in the table as well.","For alt auto-tagging for the addon."
"GRM_AltManagement.lua","953","GRM.ChangePlayerNameInAltGrouping ( string , string )","Changes the alt grouping listing of the player's name that needs to be changed as they were detected as a namechange in the guild.","Clenaup all places where the player's name was different if they namechange, for continuity's sake and not needing to build a new profile for them."
"GRM_AltManagement.lua","984","GRM.GetAltWithOldestJoinDate ( string )","Returns the name of the player with the oldest join date in his grouping of main/alts","When syncing join dates among a grouping of alts, it would be nice to have an option to sync to the oldest join date."
"GRM_AltManagement.lua","1020","GRM.SyncJoinDatesOnAllAlts()","Tales the player name and makes ALL of their alts share the same timestamp on joining.","Ease for the addon user to be able to sync the join dates among all alts rather than have to manually do them 1 at a time.6"
"GRM_AltManagement.lua","1110","GRM.SyncJoinDateUsingEarliest()","Syncs the join date of the grouping of alts to all be the same as the alt with the earliest join date","For join date syncing and time-saving for the player"
"GRM_AltManagement.lua","1117","GRM.SyncJoinDateUsingMain()","Syncs the join date of the grouping of alts to all be the same as the alt with the player's main","For join date syncing and time-saving for the player"
"GRM_AltManagement.lua","1124","GRM.SyncJoinDateUsingCurrentSelected()","Syncs the join date of the grouping of alts to all be the same as the alt with the currently selected player on the roster","For join date syncing and time-saving for the player"
"GRM_AltManagement.lua","1131","GRM.IsAltJoinDatesSynced( string )","Returns true if the player has already sync'd all of the alt data.","Quality of Life... no need to ask the player to sync alt data if already sync'd"
"GRM_AltManagement.lua","1165","GRM.PlayerOrAltHasJD ( string )","Returns true if the player or any of his alts has the join date set... unknown counts as NOT set","On the mouseover of the join date, it would not be useful to give the option to sync join dates if not at least 1 alt in the group has the JD set"
"GRM_AltManagement.lua","1200","GRM.PopulateAltFrames( string )","This generates the alt frames in the main addon metadata detail frame","Clean formatting of the alt frames."
"GRM_AltManagement.lua","1418","GRM.GetSortedAltNamesWithDetails ( string )","Returns the alt grouping of the player, with their own name, the player details, as well as main sorted as index 1.","Mainly for use with the alt groupings window on mouseover of the player alts on core popup window."
"GRM_AltManagement.lua","1541","GRM.GetAltTag ( int )","Returns the hex value/colored string with the alt or main tag","For taggin the autocomplete names to make it easier to see who is and isn't and alt/main"
"GRM_AltManagement.lua","1553","GRM.AddAltAutoComplete()","Takes the entire list of guildies, then sorts them as player types to be added to alts list","Eliminates the possibility of a person entering a fake name of a player no longer in the guild."
"GRM_AltManagement.lua","1631","GRM.KickAllAlts ( string , list , string , int )","Bans all listed alts of the player as well and adds them to the ban list. Of note, addons cannot kick players anymore, so this only adds to ban list.","QoL. Option to ban players' alts as well if they are getting banned."
"GRM_AltManagement.lua","1719","GRM.SetBirthdayForAltGrouping ( string , int , int  , int , bool , bool , bool )","Sets all of the alts to the same birthday as well when there is a modification","Ensure birthdays are set for all alts, as it is assumed it is one player"
"GRM_AltManagement.lua","1782","GRM.ResetBirthdayForAltGroup ( string , int , bool , string , bool )","Resets the birthdays for the player and all the alts connected in the group","Birthday is universal of an alt grouping... keeps them together."
"GRM_AltManagement.lua","1885","GRM.SyncBirthdayWithNewAlt ( string , string , boolean , int )","Sets the new alt to the same birthday as the previous alts","Keep alts all in sync on the birthday."
"GRM_API.lua","38","GRM_API.GetMember ( string [,string] )","Returns the member and all player data stored by GRM",""
"GRM_API.lua","52","GRM_API.GetFormerMember ( string [,string] )","Returns the former Member and all player data stored by GRM",""
"GRM_API.lua","66","GRM_API.IsGuildMember ( string [,string] )","Returns true if the named player is a current guild member",""
"GRM_API.lua","78","GRM_API.GetMemberAlts ( string [,string] )","Returns an alphabetically sorted list of alts in a string array",""
"GRM_API.lua","176","GRM.ClearFriendsList()","Clears the entire server side, non-battletag friends list completely to zero","To cleanup friends if you wanted"
"GRM_API.lua","185","GRM.ClearAllOfficerNotes()","Clears every officer note to every player in the guild","Mass cleanup abilities"
"GRM_API.lua","196","GRM.ClearAllPublicNotes()","Clears every public note to every player in the guild","Mass cleanup abilities"
"GRM_API.lua","207","GRM.RestoreAllPublicNotesFromSave()","Looks at the GRM save database and restores all the public notes","In case someone nefariously overwrites all public notes"
"GRM_API.lua","226","GRM.RestoreAllOfficerNotesFromSave()","Looks at the GRM save database and restores all the officer notes","In case someone nefariously overwrites all officer notes"
"GRM_API.lua","245","GRM_API.RestoreAllPublicNotes ( [string] )","Takes all the saved strings and overwrites all public notes","To enable players to restore all their public notes from a GRM physical backup save of the WTF \"
"GRM_API.lua","293","GRM_API.SetAllUnlinkedPlayersToMain()","Any player that is not a main, and does not have any linked alts will be set as main.","Mass tool for OCD people who want to set all as main."
"GRM_API.lua","311","GRM_API.SetAllUnknownPromoteDates ( int , int , int )","Sets all players who do not have a rank change date set yet as the given date","Mass tool to cleanup timestamps if you really do not want to investigate"
"GRM_API.lua","349","GRM_API.SetAllUnknownJoinDates ( int , int , int )","Sets all players who do not have a promote date set yet as the given date","Mass tool to cleanup timestamps if you really do not want to investigate"
"GRM_API.lua","384","GRM_API.ClearAllUnverifiedPromoteDates()","Removes all the unverified promotion dates, but only the first layer, and it will not remove it if it is the ONLY promotion date","Save for the rank change error."
"GRM_API.lua","403","GRM_API.RollBackToVerifiedPromotionDatesOnly()","Rather than just rolling back ALL dates, it only rolls back as long as the previous date is verified.","Rank change error, but not general for all."
"GRM_API.lua","422","GRM_API.ValidateAllDates( bool , bool )","Adds the ability to auto-validate all dates within a guild that have the ""!!"" unverified designation","Often requested to just get the ball rolling as you can't use the macro tool without validated dates."
"GRM_API.lua","447","GRM_API.ReportAltGroupsOverLimit ( int )","Reports to chat all alt groups that exceed the given limit of alts","For guilds that want to monitor alt group sizes for any reason"
"grm_chattynator.lua","9","GRM.IsChattynatorLoaded()","Checks if Chattynator is loaded and sets the compatibility flag accordingly.","To allow GRM to know if it can attempt to integrate with Chattynator for enhanced chat features, such as sending messages to specific tabs."
"grm_chattynator.lua","21","chattynator.GetChattynatorTab(string)","Iterates through Chattynator's windows and tabs to find a tab matching the given name","To retrieve the window and tab index of a Chattynator tab by name, allowing GRM to send messages to it."
"grm_chattynator.lua","48","chattynator.ConfigureChattynatorTab (int,int)","Forces ChattynatorTab to allow GRM messages","Chattynator Compatibility"
"grm_chattynator.lua","71","Config.GetTimeOffesets( string, float, float, float)","Utilizes the Chattynator reporting instead of the AddMessage of the built-in defaults instead","Chattynator is a really cool addon and GRM should support it."
"grm_chattynator.lua","87","chattynator.SetReportChannel( int, int, string )","Initializes into memory the GRM reporting channels matched to Chattynator tab indexes","Chattynator compatibility!"
"grm_chattynator.lua","94","chattynator.DisableChannel( string )","Disables Chattynator tabs reporting GRM if GRM itself is not configured for it","Unify GRM settings to Chattynator settings of GRM channel reporting"
"grm_chattynator.lua","118","chattynator.EnableChannel( string )","Enables Chattynator tabs reporting GRM if GRM itself is configured for it","Unify GRM settings to Chattynator settings of GRM channel"
"grm_chattynator.lua","143","chattynator.InitializeTabsForGRM()","Enables or Disables chattynator tabs to GRM based on the addon settings.","Chattynator compatibility initialization upon logging in. Ensure settings unity between addons for compatibility"
"grm_chattynator.lua","161","chattynator.RefreshChattynatorTabs()","Triggers a refresh of chattynator's tabs","I need it to refresh the tabs after I create one."
"grm_chattynator.lua","173","chattynator.CreateChattynatorTab( string )","Creates a Chattynator tab with the given name and configures it for GRM reporting.","To allow users to easily create new Chattynator tabs for GRM"
"grm_chattynator.lua","197","chattynator.CleanupChattynatorTabs()","Cleans up chattynator compatibility list","If a user removes a GRM window from reporting, in the options, it should also disable it in Chattynator"
"GRM_Config.lua","14","Config.GetTimeOffesets()","Determines the number of hours a player needs to gain or lose based on their local time, to match server time.","The date() function pulls OS time, not server time. This allows me to adjust for it."
"GRM_Config.lua","51","Config.ActivateAddon( self , string , string )","First, doesn't trigger to load until all variables of addon fully loaded.","To ensure the smooth handling and loading of the addon so all information is accurate before attempting to parse guild info."
"GRM_Core.lua","395","GRM.GetMouseFocus( frameTable )","Returns true if the mouse is focusing the frame","Easily confirm frame is mouseover"
"GRM_Core.lua","410","GRM.IsHardcoreActive()","Returns true if hardcore is active","11.0.2 added the IsgameRule Active and Removed IsHardcoreActive function - still not live on Classic"
"GRM_Core.lua","424","GRM.GameVersion()","Returns the version of the game you are playing","Necessary as when I pulled parsed realm data from the Web API to populate the realms file, I separated the data by Builds."
"GRM_Core.lua","547","GRM.issecretvalue()","Returns if a value is a secret value, but since this dropped in 12.0, API doesn't currently exist","Compatibility of all builds"
"GRM_Core.lua","560","GRM.GetMaxPlayerLevelByExpansion()","Returns the max player based on the current expansion, not the build.","With things like  pre-patches, the actual real max level will not yet be expansion level, like 80, but not yet 90 for Midnight 12.0."
"GRM_Core.lua","650","GRM.FrameCombatHide()","Hides all GRM windows that are visible","GRM windows should auto-close when combat starts, but should auto re-open shortly after"
"GRM_Core.lua","710","GRM.FrameCombatRestore()","If any frames were hidden during combat, this restores them","Control GRM frames"
"GRM_Core.lua","754","GRM.WipeCombatHiddenState()","Resets the 'frames hidden by combat' flags without showing the frames.","Used on loading screens or flight paths to prevent windows popping up unexpectedly."
"GRM_Core.lua","766","GRM.SecretValueRestrictionRestore()","If a secret value delay was set, it resets it and triggers a guild roster update","To handle secret value restrictions lifting after combat or after leaving a BG."
"GRM_Core.lua","776","GRM.IsInAnyPvPInstance()","Returns true if the player is in a PvP instance (battleground or arena)","Only need to reset the secretValue when leaving combat if NOT in a pvp instance."
"GRM_Core.lua","787","GRM.GetWowProgressLink ( string )","Generates an HTML link to the player's WOWPROGRESS page","Easy access to player's wowprogress link"
"GRM_Core.lua","804","GRM.GetRaiderIOLink ( string )","Returns HTML link for Raider.IO","Easy access to player's raider.io link"
"GRM_Core.lua","823","GRM.BuildRaceIDEnum()","Adds the Race IDs to a table.","Be able to repeatedly call static variables without needing to requery the in-game API."
"GRM_Core.lua","841","GRM.BuildClassIDEnums();","Adds the Class IDs to reusable table","Efficiency."
"GRM_Core.lua","859","GRM.ConfigureEnums()","Initializes all the enums to be built. This is useful so it only builds what it can pull from the server.","Efficiency."
"GRM_Core.lua","871","GRM.ClearPermData()","Resets all the saved data back to nothing... and does not rebuid it.","Mainly for use if ever there is a need to purge the data"
"GRM_Core.lua","922","GRM.ConfigureMiscForPlayer( string );","Builds a file for tracking active data that can be reference back to on a relog... so as to mark where to carry on from","In case a player logs out in the middle of critical things, both front and backend, it has a marker stored on where to restart from."
"GRM_Core.lua","931","GRM.GetRankRestrictedDefaultRankIndex();","Returns the index based on the rank restricted default of a guild, which is a number based on total number of ranks in the guild.","For establishing default settings, it is important to know what the default rank is in the guild."
"GRM_Core.lua","944","GRM.SetDefaultAddonSettings( object , int )","Establishes the default addon setttings for all of the options and some other misc. stored variables, like minimap position","Easy access to settings on a default reset."
"GRM_Core.lua","1283","GRM.IsSettingsConfigured()","Returns true if the settings are an old format","Cleanup the settings check on login."
"GRM_Core.lua","1297","GRM.RefreshAllSettings()","Resets the whole addon due to missing save settings data.","Adapt the new DB."
"GRM_Core.lua","1305","GRM.IsOldSettingsFormat()","Clears the old settings and rebuilds the database to new format.","Necessary for changes and backwards compatibility"
"GRM_Core.lua","1323","GRM.UpdateOldSettingsFormat()","Updates the addon from the old settings style","The database has shifted over time and this allows backwards compatibility."
"GRM_Core.lua","1398","GRM.LoadSettings( isManual )","On first time loading addon, it builds default addon settings. It checks for addon version change","Saving settings between gaming sessions. Also, this is built to provide backwards compatibility for future flexibility on feature adding, if necessary."
"GRM_Core.lua","1461","GRM.GuildSpecificConfigurations()","Triggers configurations in a guild based on settings preferences.","Need to trigger if player joins a guild."
"GRM_Core.lua","1479","GRM.FinalSettingsConfigurations( bool )","Calculates the final settings configurations","Compartmentalizes this so it can only be on call as needed."
"GRM_Core.lua","1526","GRM.VerifyAddonSettings()","Validates the settings by adding missing or removing redundant.","Cleanup the Save DB"
"GRM_Core.lua","1606","GRM.Validate_Guild_DB()","Reviews the payer alt groups and validates them","Protection against data manipulation or bugs"
"GRM_Core.lua","1682","GRM.GetClassName ( string )","Returns the localized class name using the NON-localized classname -- ""DEATHKNIGHT"" input: ""Death Knight"" output - if in English","Single function to get localized class names"
"GRM_Core.lua","1693","SetClassChatColoring()","Initializes chat coloring controls for classic","Quality of life control"
"GRM_Core.lua","1732","GRM.SetChatClassColoringInWrath ( bool )","Enables or Disables chat class coloring","Enable chat coloring controls in wrath"
"GRM_Core.lua","1746","GRM.SetChatClassColoringNew ( bool )","Enables or Disables class coloring in chat channels","Allows classic players to see class coloring in chat"
"GRM_Core.lua","1762","GRM.SetChatColoring()","Initializes the chat coloring of names","To give the ability to colorize the names in chat and the roster on control - as the default interface in Classic did not have that."
"GRM_Core.lua","1789","GRM.GetPageIndex()","Returns the index number to the corresponding frame","To coordinate in resetting default settings based on the specific frame the player is on."
"GRM_Core.lua","1814","GRM.ResetDefaultSettings( int )","Resets the OPTIONS to the default one for only the currently logged in player","Easy, quality of life for user in the options, for simple reset."
"GRM_Core.lua","1900","GRM.BuildComPattern ( int , string , int )","Returns a string pattern to match for addon to addon comm parsing","to easily build and create patterns as needed for comms."
"GRM_Core.lua","1927","GRM.GetNumKeyedEntries ( table )","Returns the count of the number of keyed entries in a table","Generic use iterator to return count since '#' only works on string length and arrays length"
"GRM_Core.lua","1942","GRM.IsMouseOverAnyChatWindowIncludingCommunities()","Reports back if player has the cursor over a given guild window","Since there is no right-click trigger, this detects the popup window use, and it will only pin the window properly *IF* it is the appropriate time due to the reusability of this window by Warcraft"
"GRM_Core.lua","1991","GRM.SetReportWindow ()","Sets the addon reporting to a specified custom channel","Allow flexibility to send GRM reports to a custom channel so you don't miss anything."
"GRM_Core.lua","2066","GRM.SetJoinAndRejoinTags()","Configures the join and rejoin tag to be either the default tag, or to be the custom.","Increased flexibility for the player in terms of visual controls."
"GRM_Core.lua","2084","GRM.AddReportChannel ( string , object , bool )","Adds the custom channel to the saved data so it can be stored on each subsequent session","Quality of Life control to user to report info to more than 1 window."
"GRM_Core.lua","2120","GRM.CreateChatTabs()","Using the created listed of channels in the General Options, it creates the tabs if they do not exist in a Que, with a confirmation box","UX quality control"
"GRM_Core.lua","2167","GRM.MissingChatTabs ( table )","Informs the player of the missing custom chat channels and asks for permission to rebuild","There is an occasional issue of custom chat channels disappearing, not sure why. This adapts to it."
"GRM_Core.lua","2286","GRM.CancelChatTabCreation()","Cancels this action, and removes the channel tab name","UX quality control"
"GRM_Core.lua","2305","GRM.EstablishNewCustomReportWindow();","Takes a new custom one and determines if there is a window, and if there is no window asks the player if they wish to create a GRM channel","Quality of Life feature for creating custom Window to send reports to."
"GRM_Core.lua","2401","GRM.CleanupUnusedChannels()","Checks if the channel is still one listed. If not, removes it","Quality control for the use of custom channels. Ensures cleanup when channels removed."
"GRM_Core.lua","2439","GRM.IsValidChannelName ( string )","Determines the number of characters, not byte string lenght, as that is not accurate, and returns true if it is 31 characters or less. Numbers within channel names IS compatible.","So the player who is inputing channel names can determine if his are valid."
"GRM_Core.lua","2452","GRM.ParseMultiChannelString ( string )","Takes the string delimited by commas and parsed all the words into a table","Particularly for managing multiple channels to send info to"
"GRM_Core.lua","2498","GRM.BuildMultiChannelString()","Builds a string with comma delimiters of all the channel names","Give the player the option to send messages to multiple channels"
"GRM_Core.lua","2520","GRM.SlimName(string)","Removes the server name after character name.","Server name is not important in a guild of the same server since all will be server name."
"GRM_Core.lua","2535","GRM.FormatName ( string , bool )","Standardizes the formatting of player names","Customizing how the name appears in log and elsewhere."
"GRM_Core.lua","2555","GRM.Title ( string )","It capitalize the first letter of every word in a phrase.","Useful formatting tool. I was working in python and the string.title() implementation was really nice and wanted it in Lua, so I built it."
"GRM_Core.lua","2566","GRM.Use24HrBasedOnDefaultLanguage()","Establishes if the language uses the 24hr timestamp","On configuring a new toon, it is useful to know what timestamp format is commonly used 24hr or 12hr"
"GRM_Core.lua","2581","GRM.L ( string , string , int (or casted int to string) , string , string )","Returns the localized string based on the hash table using the key, or the key itself if the value is set to true (meaning no localization necessary or does not exist yet)","For ease of localization so people from any region can enjoy the addon in their native tongue!!!"
"GRM_Core.lua","2642","GRM.OrigL ( string )","Takes a hash result and returns the key. It's essentially a dictionary lookup in reverse","Some of the code needs to be localized only on the front end, but the backend code is based on some English variables"
"GRM_Core.lua","2660","GRM.NormalizeHitRects ( button , fontstring , int , bool )","It ensures that no matter what the localization/translation, the hitRects mnatch up to the text length perfectly","Quality of life"
"GRM_Core.lua","2673","GRM.Round ( float , int )","Returns a given number with the given number of requested decimals places.","Clean reporting and aesthetics..."
"GRM_Core.lua","2681","GRM.Random ( int , int )","Returns a random number with millisecond precision","Default built-in random number generator not precise enough."
"GRM_Core.lua","2688","GRM.DeepCopySelfRefProtection(origTable , updatingTable )","Builds the new table fully deep copied from the original with all new memory references","To keep the original table integrity intact."
"GRM_Core.lua","2713","GRM.ConvertTableToArray ( table , bool )","Takes a Lua table and converts it to a standard array, with option to sort","Useful when needing to cycle through a table alphabetically."
"GRM_Core.lua","2730","GRM.ConvertTableTo2DArray ( table , bool )","Takes a dictionary table and converts it to a 2D array, then allows you to sort it alphabetically.","Useful when taking apart tables, like in sync - easier to go through in an ordered list."
"GRM_Core.lua","2752","GRM.AddGuildBackup ( string , string )","Adds a backup point of the given selected guild.","Save your database as needed."
"GRM_Core.lua","2782","GRM.RemoveGuildBackup ( string , bool )","Removes a Backup Point for the guild...","Database Backup Management"
"GRM_Core.lua","2807","GRM.LoadRestorePoint ( string , string , string )","Restores backup point of a guild","Database Backup Management"
"GRM_Core.lua","2892","GRM.RestoreAllOldNotes()","Restores all of the original notes","Sets all public and officer notes."
"GRM_Core.lua","2918","GRM.ChangeServerNameOfAll ( table , string , bool , bool , bool )","Converts all of the server names of the players on the saved guild DB to the new server, in case of a guild transfer","Restore all guild data easily when transferring servers."
"GRM_Core.lua","3007","GRM.PurgeGuildFromDatabase( string )","Completely purges a guild from the player database... that it is not currently logged into","Cleanup old guild data from a guild the player is no longer a part of."
"GRM_Core.lua","3050","GRM.GetClubEpochJoinTime ( int )","Returns the epoch stamp of when a player joined a guild or community",""
"GRM_Core.lua","3062","GRM.GetSelectedClubID()","Returns the selected club ID - to be used as GRM expands to all communities","To pull data from specific club only."
"GRM_Core.lua","3069","GRM.ConvertToRealEpochNumber ( Number in scientific notation, like a float, 1.52223232323e+15 )","Returns the epoch real number from a converted number in the default Lua scientific notation format.","Blizz provides a microsecond version of the epoch time stamp, which is unnecessary, and rather than rewrite all my other epoch methods, I just convert to proper epoch format here"
"GRM_Core.lua","3076","GRM.GetFullNameClubMember ( guid(as string) , tries )","Appends the server to the end of the player name properly...","To append the full player name properly since it is not given by default"
"GRM_Core.lua","3109","GRM.GetPlayerNameByGUID ( string )","Returns the player's name given the GUID",""
"GRM_Core.lua","3134","GRM.GetPlayerSex ( string )","Returns the player sex based on the player GUID","This is the only way to determine a player's sex..."
"GRM_Core.lua","3156","GRM.AppendServerName ( string , bool )","Adds the server name to the player's name if it is not there","AppendServerName = fun     In some cases you need the full name-serverName to do some actions, when the server only gives you the name of players you are on same realm with trimmed of server. This adds it back."
"GRM_Core.lua","3172","GRM.AppendServerNameSimple(string,string)","Appends the realm name to a player's name if not alreayd appended","Useful as database matchign requires full name-server."
"GRM_Core.lua","3184","GRM.GetPlayerServer ( string )","Attempts to determine the player's serverName, for database purposes.","Unfortunately, some system messages do not inlcude the metadata to determine a player's name"
"GRM_Core.lua","3227","GRM.GetNumMains()","Returns the total number of players designated as ""Main"" in the guild","Mainly for audit log stat reporting."
"GRM_Core.lua","3245","GetNumberPatternMatches ( string , string )","Returns the integer count number of matches of a pattern, like how many commas in a string","Easier to parse some strings with simpler logic."
"GRM_Core.lua","3252","GRM.CreateGuildCreationDatePattern()","Creates the guild Creation Date Pattern","Easier parse the creation date without repetitive work."
"GRM_Core.lua","3269","GRM.SetSystemMessageFilter ( self , string , string )","Starts tracking the system messages for filtering. This is only triggered on the audit frame initialization or if a player has left the guild","To control system message spam when doing server inquiries"
"GRM_Core.lua","3404","GRM.SystemMessageHandler ( self , string , string )","Starts tracking the system messages. This only runs if system messages are disabled, thus this prioritizes over the filtering function","For faster response to LIVE events rather than waiting for server query updates."
"GRM_Core.lua","3525","GRM.SyncPlayerGoneOffline ( string )","Reports back if player you are syncing with has gone offline.","Will need to break sync if players has gone offline."
"GRM_Core.lua","3549","GRM.SystemMessagePatternMatchCheck ( string , string , string )","Return true if the pattern matches","During sync, if a player goes offline then you will be notified that sync has failed using this."
"GRM_Core.lua","3590","GRM.GetBirthday ( playerTable )","Returns the birthday table, be it from the player if not in an alt group, or from altGroup","If player is NOT in an alt group, they should still have an index for birthday info."
"GRM_Core.lua","3610","GRM.SetBirthdayInfo ( playerTable , int , int , bool , int , bool )","Sets the birthdate to alt Group if player has one, and to player data","Easily update bday info for an alt group as necessary."
"GRM_Core.lua","3681","GRM.AnnounceIfMacroReady( string )","Announces if a player, after they logon, match a macro rule","To give a reminder to perform an action once the person is currently online."
"GRM_Core.lua","3743","GRM.AddMainTagToComeOnlineSystemMessage ( string )","Adds the main/alt tags to the system messages for coming online.","Alt management feature!"
"GRM_Core.lua","3811","GRM.AddMainTagToGoneOfflineSystemMessage ( string )","Adds the main tag to the system message announce when a player goes offline and colorizes their names","Quality of life information."
"GRM_Core.lua","3871","GRM.SetGuildInfoDetails()","","It is useful information to know how many unique acocunts are in the guild. This particularly is useful when comparing how many ""mains"" there"
"GRM_Core.lua","3891","GRM.GetAuditLinePlayervalues ( array , boolean )","Collections the JoinDateText, the Promo, and the main Status text for use of the audit window","Easily callable function for reuse in parsing player data for the audit system."
"GRM_Core.lua","3987","GRM.GetAllGuildiesInOrder ( boolean , boolean )","Returns a sorted string array of all guildies","Useful to have an alphabetized list of guildies :)"
"GRM_Core.lua","4033","GRM.GetAllGuildiesInJoinDateOrder ( boolean , boolean )","Returns a sorted string array of all guildies in either ascending or descending order of when they joined the guild.","For sorting the audit window and keeping track of guildies..."
"GRM_Core.lua","4128","GRM.GetAllGuildiesInPromoDateOrder ( boolean , boolean )","Returns a sorted string array of all guildies in either ascending or descending order of when they were promoted last in the guild.","For sorting the audit window and keeping track of guildies..."
"GRM_Core.lua","4231","GRM.GetAllMainsAndAltsInOrder ( boolean )","Returns the guild roster sorted with either mains first or alts alphebatized, then alphabetizes the rest.","Auditing the roster and sorting!"
"GRM_Core.lua","4297","GRM.GetAllGuildiesByBirthdayDateOrder ( boolean , boolean )","Returns a sorted string array of all guildies in either ascending or descending order of when their birthday is","For sorting the audit window and keeping track of guildies..."
"GRM_Core.lua","4399","GRM.GetAllCurrentAndFormerGuildies( boolean , boolean )","Collects the names and class of every player currently in the guild, formerly in the guild in database, and sorts the 2D array alphabetically","This will be useful when adding people manually to ban list for auto-complete"
"GRM_Core.lua","4434","GRM.RemoveSpecialCharacters ( string )","Replaces all the special alt characters with English alphabet chars","Allows the autocomplete search of a player to provide results without needing to know special chars"
"GRM_Core.lua","4457","GRM.GetAutoCompleteMatches ( array , string )","This scans through the given list and returns a new list with only the string matched items.","Useful for auto-complete filtering."
"GRM_Core.lua","4482","GRM.GetAutoCompleteRealmMatches ( array , string )","Scans through the list of realms and finds matches","Easier realm selection"
"GRM_Core.lua","4506","GRM.GetPlayerRankIDAtStart()","Sets the player's rankID for the guild","Critical to have player's rank"
"GRM_Core.lua","4520","GRM.GetReputationTextLevel ( int , bool )","Returns the text name of a rank, localized","For use on the player mouseover window to reveal player guild rank."
"GRM_Core.lua","4555","GRM.AddPlayerStatusCheck ( string , int )","Adds a player to the status check, to notify when they come Online!","Active tracking of changes within the guild on player status. Easy to notify you when someone comes online!"
"GRM_Core.lua","4613","GRM.IsOnFriendsList ( string )","Returns true if the given player is on your friends list (not battle.net friends, just WOW only)","Useful to know as if a player leaves the guild, you can add them to a friends list, and if the player does not exist, it will say"
"GRM_Core.lua","4634","GRM.SetPlayersGUIDStillValid ( string , bool )","Builds the list of players that have left the guild but are still on the server... by triggering the GUID check, when it calls it again it will be refreshed.","Reliable way to see if player is on the server -- updated in BFA to be more responsive."
"GRM_Core.lua","4657","GRM.IsPlayerStillOnServerByGUID ( string , string , bool , bool )","Returns true if the player is still on the server by checking their GUID. If no GUID info returned you can know they either deleted or transferred","Useful info to know when a player leaves or older list information."
"GRM_Core.lua","4683","GRM.ValidateBanGUIDs( string )","Checks against the given result from a Ban list GUID check and returns a list of the players whose info went missing.","To be able to update the Ban Frames with relevant info on if player is still on the server or not on the fly."
"GRM_Core.lua","4713","GRM.MiscCleanupOnLogin()","On player reload, it basically does a quick cleanup of any unfinished business","To fix actions that might have been unfinished or interrupted, but saved, so they can be cleaned up and restarted"
"GRM_Core.lua","4752","GRM.GetPlayersWithoutGUID( bool );","Gets a list of names of all players no longer in the guild who do not have GUIDs","Necessary info to pull on a player to get their GUID"
"GRM_Core.lua","4778","GRM.QueryPlayersGUIDByFriendsList ( array , int , boolean , boolean , int , int , int )","Adds players to friends list to determine their proper class and GUID","Pre-8.0 it was impossible to determine a player's GUID unless they were currently online. This is no longer the case. GUID is very useful."
"GRM_Core.lua","4928","GRM.QueryNearbyGUIDsAndUpdate();","Updates the Former Members list who don't have GUIDs","An attempt to collect GUIDs of players no longer in the guild."
"GRM_Core.lua","4990","GRM.UpdateMemberOrFormerMemberGUID ( string , string )","Updates the GUID of a former member","Ensure that the GUIDs are fully updated of banned members to make it easier to identify them if they try to return."
"GRM_Core.lua","5000","GRM.CollectGUIDsWithinGoup()","Collects the names and GUIDs of all the players in the group","For comparison to identify GUIDs"
"GRM_Core.lua","5033","GRM.BanInfo()","Gives player sufficient notication on processes","Provide education to the player of the x-realm situation."
"GRM_Core.lua","5057","GRM.DelayMinimapButtonOpen ( boolean )","Triggers the core GRM window only to open when hitting the minimap button if the player is out of combat, and then delays open if in combat.","To prevent accidental click of the minmap button if player is in combat."
"GRM_Core.lua","5097","GRM.GetChannelType ( string )","Returns the type of channel, be it guild, be it anniversary, be it whatever. This returns all social chat channel types","A helper to identify new events in relation to chat monitoring."
"GRM_Core.lua","5112","GRM.GetChatRGB ( string )","Returns the RGB color code for the given chat channel","Being able to create custom channels and match them to the player's settings is extremely useful for downstream plans."
"GRM_Core.lua","5124","GRM.GetNameWithMainTags( ( string , boolean , boolean , boolean , boolean )","On refresh or any changes on the CalenderInviteFrame it resets the main/alt tags","This needs to be handled and refreshed constantly because any changes, even with the slider, it overwrites all script handlers. So"
"GRM_Core.lua","5181","GRM.AddMainToChat ( ... )","It adds either a Main tag to the player, or if they are on an alt, includes the name of the main.","Easy to see player name in guild chat, for achievments and so on..."
"GRM_Core.lua","5264","GRM.RefreshMainTagHexCode()","Reconverts the RGB values, scales then, then converts to hexcode","So, this only needs to be configured one time on load, or when the player updates the settings."
"GRM_Core.lua","5277","GRM.GetMainTags();","Returns the table of potential main tags","For easy marking of alts/mains in gchat."
"GRM_Core.lua","5290","GRM.GetAltTags();","Returns the table of potential main tags","For easy marking of alts/mains in gchat."
"GRM_Core.lua","5303","GRM.GetCurrentMainTag()","Returns the string, properly colored, of current main tag","Quality of life UI feature showing main tags."
"GRM_Core.lua","5310","GRM.GetCurrentAltTag()","Returns the string, properly colored, of current alt tag","Quality of life UI feature showing alt tags."
"GRM_Core.lua","5317","GRM.RemoveMainAltTags ( string )","takes the name, and parses out both the string coloring and the main tag. There is ALWAYS hexcode, so ""|"" can be found.","Add Alt window has the tags added, this just retroactively removes them."
"GRM_Core.lua","5328","GRM.RemoveHexCodeColoringFromString ( string )","Removes the hexcopde coloring from any string - Example","Useful to parse out names for compatibility reasons for cross addon compatibility with the groupInfo module."
"GRM_Core.lua","5347","GRM.RemoveStringColoring(string)","Removes the HexTag Blizz uses to identify and color the text. Anything that starts with |cffxxxxxx","Clean up the texts for export so it is just plain text."
"GRM_Core.lua","5376","GRM.VersionCheck ( string )","Checks player version compared to another player's and recommends updating your version if needed","Encourage the player to keep their addon up to date!"
"GRM_Core.lua","5404","GRM.RegisterVersionCheck()","Registers the logic for comm talk between addon users to do a version check.","Version checking! Encourages the player to upgrade their addon if it is outdated!"
"GRM_Core.lua","5430","GRM.RegisterGuildAddonUsersRefresh()","Two uses. One, it checks to see if all the people on the list of users with addon installed are still online, and if not, purges them","To keep the UI up to date. It is necessary to refresh the info occasionally rather than just on login."
"GRM_Core.lua","5473","GRM.AddonUserRegister ( string , string )","Analyzes to see if the addon user communicating with you is capable of syncing with you, as you could filter them or they could filter you.","Having a UI showing who has the addon, what version, if you can sync is just useful information. Not necessary for addon functionality, but is good for Quality of Life."
"GRM_Core.lua","5617","GRM.GetNumAddonUsersOutdated()","Returns the integer count of number of addon users with outdated addons","For easier reporting when a person tries to sync with outdated version of the addon."
"GRM_Core.lua","5632","GRM.GetNumAddonUsersAvailableToSync()","Checks available sync users","Useful to know for proper communication with addon user."
"GRM_Core.lua","5648","GRM.RegisterMessage()","Registers your current sync status to other GRM users in guild.","This is kept in its own function so it can be called whenever status changes, or as requested."
"GRM_Core.lua","5707","GRM.IsNumInString(string)","Returns true if a numerical value is found in the form of a string.","Useful for player name submission, to verify if valid formatting."
"GRM_Core.lua","5723","GRM.IsValidName(string)","Returns true if the name only contains valid characters in it... based on ASCII numeric values","When player is manually adding someone to the player data, we need ot ensure only proper characters are allowed."
"GRM_Core.lua","5742","GRM.ByteRulesFollowed ( string , boolean , object [EditBox] )","It checks each char of the string for proper ASCII characters and if they are proper send messages and returns false if not, with optional error message","Certain characters if sent over Blizz's API can disconnect a character if not proper."
"GRM_Core.lua","5773","GRM.UTF8char ( int , int )","Returns the number of bytes used by the UTF8 value","So as to maintain character count compatibility for all languages."
"GRM_Core.lua","5801","GRM.UTF8Len ( string )","Returns the length of an input string.","So the addon can read the proper character length of text no matter the language."
"GRM_Core.lua","5818","GRM.GetNumLetters ( text )","Returns the character count of the numLetters of a text string","Compatibility with ALL languages"
"GRM_Core.lua","5831","GRM.CapitalizeFirst ( string )","Formats the string properly to have the first letter of the word/name capitalized","Cleanup formatting of a name to prevent human error protection."
"GRM_Core.lua","5847","GRM.FormatInputName ( string )","Formats the name to proper pronoun form, but only if a non Asian character language","Huaman error protection on player input."
"GRM_Core.lua","5880","GRM.Capitalize ( string )","Takes the first letter of a word and capitalizes it, whilst lowercasing the rest","Proper formatting of names."
"GRM_Core.lua","5888","GRM.Title ( string )","It capitalizes the first letter of every word","I really like how ""Title()"" works in python and wanted to replicate it in GRM for ease of use, particularly when custom typing realm names, to assist, when banning."
"GRM_Core.lua","5915","GRM.NormalizeRealmName ( string )","It removes any hyphens in names, or spaces. This is how all the realm names appear on players in the DB","Unfortunatelly the built-in API for normalized realms only returns the connected realms, which is not very helpful post 11.0 x-server guilds."
"GRM_Core.lua","5925","GRM.StringToCharArray ( string [, bool]);","Converts a string into a char array, and has the option to remove all indexes of a given char","More easily cleanup strings, especially when sending data back and forth using the '?' separator"
"GRM_Core.lua","5941","GRM.GetWordArrayFromString ( string , string )","Returns an array of words or items that were divided by characters","Cleanup code for parsing back the sendAddonMessage strings."
"GRM_Core.lua","5956","GRM.ConvertStringNumArrayToBoolArray ( array )","Sets an array corresponding index to booleans matching another array. 1 = true, 0 = false","Slim the sendaddonMessages a bit by converting bools to 1s and 0s and then converting back on the other end."
"GRM_Core.lua","5974","GRM.GetMythicRatingToMatchRaiderIO ( int )","Returns the string Hex value coloring of the Mythic + rating based on the RAIDER.IO scale","RaidIO is immensely popular, and this just keeps the visual consistent."
"GRM_Core.lua","6045","GRM.AllignTwoColumns ( array , int )","Takes the array of strings and then alligns them by fontsize and width...","For UI aesthetics and allignment purposes"
"GRM_Core.lua","6105","GRM.GetRosterName ( button , boolean )","","Need the full name-server, untruncated, to be able to correctly identify the player in database, in case 2 players with same name, but diff. servers"
"GRM_Core.lua","6106","To return the current mouseover name of the given button, with the server appended.","","Need the full name-server, untruncated, to be able to correctly identify the player in database, in case 2 players with same name, but diff. servers"
"GRM_Core.lua","6145","GRM.InitializeCommunitiesButtons()","Initializes, one time, the script handlers for the roster frames","So main player popup window appears properly"
"GRM_Core.lua","6211","GRM.RosterButton_OnUpdate ( buttonObject , int )","On each frame refresh it does a check (at max 20FPS), and checks to see if the name has changed, and then updates","The main purpose is this allows the frames to be updated if the mouse is stationary over the hybrid scrollframe button, but the mousewheels still scrolls"
"GRM_Core.lua","6264","GRM.RecolorText()","Changes the color of the roster to the default Classic color to the player's class","Modernizes the chat a bit"
"GRM_Core.lua","6286","GRM.GetAllTooltipText()","Grabs all parts of the Gametooltip to clone them","Universal compatibility of GRM with other addons that modify communityframe tooltip"
"GRM_Core.lua","6357","GRM.RebuildToolTip ( ToolTip , table )","Looks at the stored data in the array and if index 1 and index 2 of 2D array both have values, it adds a double line to the tooltip, otherwise a single","Blizz seems to have broken the tooltip in BFA on the guild community frame and it has never fully been re-implemented properly. This is so my rebuilding"
"GRM_Core.lua","6380","GRM.MemberListBlizTooltip_Update ( buttonObject , bool )","It rebuilds the mouseover tooltip on the community frame for the GUILD ONLY","This only occurs during the OnUpdate of the community frame hybrid scrollframe member list button."
"GRM_Core.lua","6442","GRM.BuildGuildRosterHotkeyAndMacro ( int , bool )","Adds tooltip and creates macro compatibiltiy to hotkey the CTRL-J just like live servers","Continuity in experience with GRM from latest expansion live to Classic live"
"GRM_Core.lua","6496","GRM.BindingCurrentlyInUse ( string )","Returns true if the current keybinding is in use","For editing keybinds be notified if already in use"
"GRM_Core.lua","6522","GRM.ConfigureOnlineStatusText()","So you don't need to reprocess this over and over, it translates it all just one time.","Just resource saving."
"GRM_Core.lua","6534","GRM.RosterFrame()","Acts as the OnUpdate handler for hiding the frame when necessary and keeping the player presence status and time in zone up to date.","Quality of Life UI controls!"
"GRM_Core.lua","6667","GRM.AltButtonPos(int)","Returns the horizontal and vertical coordinates for the button position on frame","To adjust the position of the AddAlt button based on the number of alts."
"GRM_Core.lua","6702","GRM.GetLevelRange()","Returns a text string of the current level range","Clean and clear reporting to the player what levels will be reported to the log."
"GRM_Core.lua","6758","GRM.CopyFromJoinDate()","Imports the promo date from a verified Join Date","Just another tool to ease player abilities for setting dates"
"GRM_Core.lua","6814","GRM.CopyFromPromoDate()","Imports the join date from a verified Promo Date","Just another tool to ease player abilities for setting dates"
"GRM_Core.lua","6911","GRM.GetPlayerClass ( string )","Returns the string name of the class that is also region compatible","Useful in UI design to pull the class so you can pull the class RGB colors, but there can be other uses too."
"GRM_Core.lua","6926","GRM.GetPlayerClassByGUID ( string )","Returns the non-localized class name of the give player by GUID","In case of a failure in obtaining class in a sync, which has happened and data was lost, this can restore it."
"GRM_Core.lua","6949","GRM.DetermineClass ( playerObject )","Checks if th eplayer updated class is correct based on the GUID and updates class if not","The player has the ability to add bans, but this means player input and it could mean mistakes. This will attempt to fix any entry errors if the GUID was determined. Let's fix the class too if that is the case!"
"GRM_Core.lua","6964","GRM.GetClassColorRGB ( string )","Returns the 0-1 RGB color scale for the player class","Easy class color tagging for UI feature."
"GRM_Core.lua","6991","GRM.GetStringClassColorByName ( string )","Returns the RGB Hex code of the given class of the player named","Useful for carrying over class name with tagged colors into a string, without needing to change the hwole string's color"
"GRM_Core.lua","7029","GRM.GetClassifiedName ( string , boolean )","Returns the player's name as a string, with the proper class coloring","Nice, simple UI feature for ease of knowing person's class by name color."
"GRM_Core.lua","7056","GRM.rgbToHex ( array )","Returns the hexadecimal code in modified string format for WOW addons to display the string that given rgb color","UI feature for easy fontstring coloring management."
"GRM_Core.lua","7083","ConvertRGBScale ( float , boolean )","Converts any RGB values on 1.0 scale to 255 scale, or the other way around","255 is standard RGB scaling, which I am personally comfortable with, but Blizz's internal system uses 1.0 scale. This is just QoL"
"GRM_Core.lua","7100","GRM.IsMouseOverAltButton()","Returns true if players is over any of the alt listing names","So when a player right-clicks the mouseOver screen, it can either let you know you are already over an AltName Button, so no need to do more work"
"GRM_Core.lua","7118","GRM.GetSelectedName()","Returns a table with the name of the player, the altName, and the guild.",""
"GRM_Core.lua","7136","GRM.MouseOverClearAllTooltips()","Hides all GRM tooltips","When using right-click context menu it makes sense to clear any tooltip as window appears."
"GRM_Core.lua","7147","GRM.SetAltAsMainDropDownMenuLogic ( table )","using the right click dropdown menu, it sets the given chosen name as the main","Bring in customizability and flexibility and ease of configuration to the player"
"GRM_Core.lua","7191","GRM.DemoteMainToAltDropDownMenuLogic ( table )","Demotes a player from main and sets them as alt and configures the UI to reflect it","Flexibility and quality of life for the player"
"GRM_Core.lua","7233","GRM.KickAllBanned()","Triggers the frames to load in the macro tool to ban ALL the players currently still in the guild but are banned","Easy cleanup of removal of a player by manual banning, and all their alts."
"GRM_Core.lua","7280","GRM.CreateMacro ( string , string , string , string )","Builds a general non-character specific macro based on given arguments","To be able to auto-generate a macro, due to limitations of executing things in the code, we just create an in-game one-button to click"
"GRM_Core.lua","7327","GRM.BuildMacroInviteAll ( string , array )","Creates a string to be used to set a macro for inviting all players.","Added functionality for the player of the addon"
"GRM_Core.lua","7346","GRM.BanSpecificPlayer ( string , boolean , string , string , int )","Bans just a specific player, either in the guild database, or the left player database","To maintain exact function of banning a player without doing other tasks."
"GRM_Core.lua","7392","GRM.AddMemberRecord( playerData , bool , playerData , bool , table , bool )","Builds Member Record into Guild History with various metadata","For reliable guild data tracking."
"GRM_Core.lua","7550","GRM.AddMemberToLeftPlayers ( array , table , int , int , string , bool )","First, it adds a new player to the saved list. This basically builds a metadata profile. Then, we add that player to players that left, then remove it from current guildies list.","If a player installs the addon AFTER people have left the guild, for example, you need to know their details to have them on the ban list. This builds a profile if another sync'd player has them banned"
"GRM_Core.lua","7617","GRM.JoinAndRankDataCleanup ( playerTable )","Cleans up a possible extra empty add bug due to some old legacy code errors.","Prevent downstream errors."
"GRM_Core.lua","7642","GRM.ImportJoinDate( string )","Sets the join date that is pulled from the server for the CURRENT player","With 8.0 changes the join date for the current player can be imported automatically."
"GRM_Core.lua","7687","GRM.GetMessageRGB( int )","Returns the 3 RGB colors colors based on the given index on a 1.0 scale","Save on code when need color call. I also did this as a 3 argument return, rather than a single array, just as a proof of concept"
"GRM_Core.lua","7773","GRM.PrintLog ( array )","Sets the color of the string to be reported to the frame (typically chat frame, or to the Log Report frame)","Color coding log and chat frame reporting."
"GRM_Core.lua","7837","GRM.Report ( string )","Sends to the main chat window messages on various events as deemed necessary to report on by addon creator.","To clean up the reporting and have a way to present the information blended into the default system UI"
"GRM_Core.lua","7863","GRM.ReportLocationCheck()","It checks if the window for the custom location to report is still open, and if it is not, it sets the addon to report back to default location if all the custom ones are closed.","Customization of note location and automation for good user experience to auto reset to defaults if player closes the window."
"GRM_Core.lua","7887","GRM.BuildEventCalendarManagerScrollFrame()","This populates properly the event ScrollFrame","Scroll Frame management for smoother User Experience"
"GRM_Core.lua","8149","GRM.BuildAddonUserScrollFrame()","Builds the potential scroll frame to house the entire list of all guildies who have addon installed and enabled","Much better and cleaner UI to have a scroll window, imo."
"GRM_Core.lua","8350","GRM.BuildAltGroupingScrollFrame( string )","It builds the alt groupings info on mouseover with shift pressed","For quick look at the alt info..."
"GRM_Core.lua","8536","GRM.BuildAutoCompleteAltSelectionScrollFrame ( table )","The add alt list is now a scroll frame rather than 6 static choices...","Quality of life improvement on selecting players to add to alt. Just makes it easier to find matches."
"GRM_Core.lua","8631","GRM.BuildAutoCompleteBanNames ( table , bool )","When cycling ban names, this provides an auto-complete list","Quality of life improvement on selecting players to add as a ban. Just makes it easier to find matches."
"GRM_Core.lua","8816","GRM.ResetAutoCompleteHighlights()","Resets all highlights and disables except for the one selected","Quality of life visual controls..."
"GRM_Core.lua","8828","GRM.ConfigureSlider ( scrollFrameObject , frameObject , sliderFrameObject , int , int , int )","Configures any scrollframes variables to a consistent setting for the addon given the inputs.","Keep down on code bloat for each scrollframe."
"GRM_Core.lua","8872","GRM.GetBackupEntries ()","Gets all of the guild information for all guilds' saved data.","Hybrid scrollframe load of the backup features."
"GRM_Core.lua","8915","GRM.BackupHybridShiftDown()","Shifts the values down by 1 when using the mousewheel","Hybrid Scroll frame capabilities on the backup window."
"GRM_Core.lua","8989","GRM.BackupHybridShiftUp()","Shifts the values up by 1 when using the mousewheel","Hybrid Scroll frame capabilities on the backup window."
"GRM_Core.lua","9061","GRM.BackupSetLastValue()","Sets the last value of the hybridscrollframe backups at position 12","Clean scrolling"
"GRM_Core.lua","9070","GRM.BackupSetFirstValue()","Sets the first value of the hybridscrollframe backups at position 1","Clean scrolling"
"GRM_Core.lua","9080","GRM.UpdateBackupTooltip ( int )","Builds the tooltip for the backup window","Quality of life feature"
"GRM_Core.lua","9115","GRM.SetBackupValues ( int , int )","Builds the values of the hybrid scroll frame given button","Establish the values for the backup window"
"GRM_Core.lua","9196","GRM.BuildBackupScrollFrame ( bool , bool )","Builds the backup hybdrid scrollframe and initializes the buttons properly","Backup optional functionality"
"GRM_Core.lua","9305","GRM.BuildBackupHybridButtons ( int , boolean )","Initiates the buttons and logic for the Backup buttons","Compartmentalize the code for easier call back to."
"GRM_Core.lua","9502","GRM.GetAuditEntries ()","Determines which grouping to import for sorted Audit list","Audit UX feature controls for sorting."
"GRM_Core.lua","9532","GRM.GetAutoCompleteNamesForAudit ( string )","Updates the audit list to be shown as those to match the search box","Search for guildies"
"GRM_Core.lua","9560","GRM.SetAuditValues ( int , int )","Builds the values of the given line in the audit window","Quality of life feature."
"GRM_Core.lua","9614","GRM.AuditHybridShiftDown()","Shifts all the values DOWN one line to give the illusion of scrolling when in reality this is just a hybrid scrollframe","Clean scrolling"
"GRM_Core.lua","9649","GRM.AuditHybridShiftUp()","Shifts all the values up one line to give the illusion of scrolling when in reality this is just a hybrid scrollframe","Clean scrolling"
"GRM_Core.lua","9682","GRM.AuditSetLastValue()","Sets the last value of the hybridscrollframe backups at position 16","Clean scrolling"
"GRM_Core.lua","9690","GRM.AuditSetFirstValue()","Sets the first value of the hybridscrollframe backups at position 1","Clean scrolling"
"GRM_Core.lua","9698","GRM.UpdateAuditTooltip()","Sets the tooltip for the audit window","Make it clear the QoL controls."
"GRM_Core.lua","9731","GRM.RefreshAuditFrames( bool , bool )","Updates the audit frames when called","Audit frames are useful so the leader or player can do an easy visual check of the entire guild on what is needed."
"GRM_Core.lua","9900","GRM.UnlockAuditButtonHighlights ( object )","Unlocks all button highlights not clicked","UX"
"GRM_Core.lua","9909","GRM.BuildAuditScrollButtons ( int )","Initiates the buttons and their values for each line of the audit hybridscrollframe","Create a smooth scrolling experience in the audit window"
"GRM_Core.lua","10045","GRM.GetIncompleteGuildDataCounts()","Scans over the guild for audit and retrieves the data on what is and is not missing. This is to be used for audit reporting","For player info and better control over their guild's data completeness..."
"GRM_Core.lua","10122","RefreshAddonUserFrames()","It Initializes and rebuilds the frames to see who you are syncing with in the guild and if not, why not.","Purely quality of life information."
"GRM_Core.lua","10141","GRM.RefreshAddEventFrame();","Refreshes the details, in case an event happes WHILE the window is open","QOL - Clean user experience. User it not forced to close window and reopen it to trigger updates. This will be used on the fly."
"GRM_Core.lua","10199","GRM.Next ( string )","Parses a string and goes to the next parsing input","For sync purposes"
"GRM_Core.lua","10206","GRM.NoteFormatParsingProtection ( string )","Changes any ""%"" to be ""%%"" before passing through strings in custom notes as the % is a regex indicator of an escape capture index. So, if a player has % in their note it will disappear, If it has %% it will show. It also will convert any URL code to the char, like the %20 = a space.","Prevent any conflicts on player's own note, officer note, custom note."
"GRM_Core.lua","10218","GRM.GetPromotionLogString ( bool , string , string , string , string , array )","Builds the string on the fly of when someone is promoted in the guild for the log","Ease of reusing this code and ease of reading it."
"GRM_Core.lua","10244","GRM.GetDemotionLogString ( bool , string , string , string , string , array )","Builds the string on the fly of when someone is demoted in the guild for the log","Ease of reusing this code and ease of reading it."
"GRM_Core.lua","10259","GRM.GetLeveledString ( string , int , int , int , array )","Builds the string on the fly of when someone has leveled and reached configured milestones.","Ease of reusing this code and ease of reading it."
"GRM_Core.lua","10311","GRM.GetNoteChangeString ( string , string , string , array )","Builds the string on the fly of when someone's public note has changed","Ease of reusing this code and ease of reading it."
"GRM_Core.lua","10331","GRM.GetOfficerNoteChangeString ( string , string , string , array )","Builds the string on the fly of when someone's public note has changed","Ease of reusing this code and ease of reading it."
"GRM_Core.lua","10350","GRM.GetRankRenamedString ( int , string , string , array )","Builds the string on the fly of when rank is changed or added or removed","Ease of reusing this code and ease of reading it."
"GRM_Core.lua","10383","GRM.GetInactiveReturnString ( string , int , array )","Builds the string for report on inactive player coming back online after absence.","Ease of reusing this code and ease of reading it."
"GRM_Core.lua","10395","GRM.GetRecommendKickString ( string , int , array , array )","Builds the string for report recommending a kick","Ease of reusing this code and ease of reading it."
"GRM_Core.lua","10430","GRM.GetPromotionRecommendString ( string , int , array , array )","Builds the string for report recommending a promotion","Ease of reusing this code and ease of reading it."
"GRM_Core.lua","10460","GRM.GetDemotionRecommendString ( string , int , array , array )","Builds the string for report recommending a Demotion","Ease of reusing this code and ease of reading it."
"GRM_Core.lua","10488","GRM.GetSpecialRecommendString ( int , int , array )","Returns the string for special macro rule matches","Be able to process string properly"
"GRM_Core.lua","10522","GRM.GetNameChangeString ( string , int , array )","Builds the string for report recommending a kick","Ease of reusing this code and ease of reading it."
"GRM_Core.lua","10533","GRM.GetLeftOrKickString ( string , bool , string , array , array , string , string , string , array , bool , bool , string )","Builds the string for players left or kicked from guild","Ease of reusing this code and ease of reading it."
"GRM_Core.lua","10630","GRM.GetCustomNoteChangeString ( string , string , string , array )","Builds the string on the fly of when someone's public note has changed","Ease of reusing this code and ease of reading it."
"GRM_Core.lua","10653","GRM.GetGuildNameChangeString ( string , string , array )","Builds the string on the fly of when someone's public note has changed","Ease of reusing this code and ease of reading it."
"GRM_Core.lua","10664","GRM.GetBanLogString ( bool , string , string , string ,  array )","Builds the string on the fly of when someone is promoted in the guild for the log","Ease of reusing this code and ease of reading it."
"GRM_Core.lua","10686","GRM.GetBanLogUpdateAndEditString ( bool , bool , string , string , string , array )","Builds the string on the fly of when someone is promoted in the guild for the log","Ease of reusing this code and ease of reading it."
"GRM_Core.lua","10718","GRM.GetUnBanString ( string , string , array )","Builds the string on the fly of when someone's public note has changed","Ease of reusing this code and ease of reading it."
"GRM_Core.lua","10729","GRM.GetBanStatusSyncString ( string , bool , string , string , string , array )","Builds the string on the fly of when someone's public note has changed","Ease of reusing this code and ease of reading it."
"GRM_Core.lua","10757","GRM.GetJoinOrRejoinString ()","Builds the string for players joined or rejoined the guild","Ease of reusing this code and ease of reading it."
"GRM_Core.lua","10939","GRM.GetEventString ( int , string , string , int , bool , string , array , int )","Builds the string for report on events upcoming in the guild.","Ease of reusing this code and ease of reading it."
"GRM_Core.lua","10965","GRM.GetDeathString ( string , string , int , table )","Returns the string with the player indicating their death","Indicate player death for hardcore mode."
"GRM_Core.lua","10977","GRM.ReProcessLogString ( table )","Reprocesses all log entries, using their metadata, if available, and re-saves the string","Allow the player the change languages and have the strings get reprocessed."
"GRM_Core.lua","11110","GRM.ReprocessAllLogEntriesToCurrentLanguage()","When Changing the language, this lets you reprocess the entire log in the new language.","Ability to re-translate your log as new translation strings open"
"GRM_Core.lua","11125","GRM.RecordLeftGuildChanges ( name , array )","Records and saves the information when a player leaves the guild, and updates the frames","Useful for logging changes that they left the guild on their own, not just kicked."
"GRM_Core.lua","11254","GRM.RemoveLineBreaks ( string , string/char )","Removes Line breaks with a given char","Presentation in the log."
"GRM_Core.lua","11263","GRM.RecordCustomNoteChanges ( string , string , string , boolean )","Reports the Custom note changes to the Guild Log","For ease of reporting to the log, as a UI feature."
"GRM_Core.lua","11292","GRM.SetCustomNote();","Modifies the custom note to new one, if necessary and sends proper updates and comms","Reduce a bit of code bloat. Make the UI functions of the editbox more readable."
"GRM_Core.lua","11365","GRM.SetJoinDateToCustomNote ( string , string )","Checks to see if new note can merge with old custom note and be less than or equal to 150 characters. If not, it does nothing","To allow the player to auto update the join date to the custom note window."
"GRM_Core.lua","11406","GRM.IsAnyCustomNoteLarge()","Returns true if at least one guildie as a custom note > 100","Adjust the throttle cap."
"GRM_Core.lua","11424","GRM.GetPlayerGuildRep ( string , string )","Returns the integer of the given player's guild rep","Default windows don't show guild rep anymre. This allows you to see it."
"GRM_Core.lua","11438","GRM.IsPresenceOnline ( int )","Returns true if the player is online, no matter their status of being online. AFK/Busy/Mobile are still are TRUE to being online","Cleaner code to implement in other functions."
"GRM_Core.lua","11450","GRM.GetPlayerRace ( string )","Returns the player race as as string localized name",""
"GRM_Core.lua","11468","GRM.VerifyAllRankDates ( int )","Auto verifies all the promotions or demotion dates within that happened within X number of days.","Give player the ability to verify all the dates, or within a range."
"GRM_Core.lua","11526","GRM.VerifyAllJoinDates ( int )","Auto verifies all the promotions or demotion dates within that happened within X number of days.","Give player the ability to verify all the dates, or within a range."
"GRM_Core.lua","11584","GRM.GetNumUnverifiedJoinDates()","Returns the integer count of the number of players with unverified join dates.","Quality of life reporting how many there are to do"
"GRM_Core.lua","11602","GRM.GetNumUnverifiedPromoDates()","Returns the integer count of the number of players with unverified rank change dates.","Quality of life reporting how many there are to verify"
"GRM_Core.lua","11627","GRM.NotificationCheck( boolean , int , int , string )","Checks if you have any notifications you are tracking, and if so, reports the status change","Since some may wish to throttle the speed at which they scan for changes, or disable it altogether, this status check system needs to be an independent"
"GRM_Core.lua","11678","GRM.NotificationIndependentChecker()","Activates a notification check loop if any notifications are out there or are outstanding",""
"GRM_Core.lua","11713","GRM.SetBirthdayFrameLogic()","Sets the birthdate and resets the frames as needed","To keep presentation clean!"
"GRM_Core.lua","11747","GRM.SetBirthday ( string , int , int , int , boolean , string , boolean )","Sets the player's birthday","To take advantage of the player birthdate feature!"
"GRM_Core.lua","11838","GRM.CleanupBirthdays ( int , int , bool , guildTable )","Searches for all matches of this birthdate, and resets them to default empty value","Help cleanup a bug introduced from 1.33"
"GRM_Core.lua","11890","GRM.GetEventYear ( string )","Returns the year of the given event from timestamp","Keep code clutter down, put this block in reusable form."
"GRM_Core.lua","11902","GRM.GetEventMonth ( string )","Returns the 3 letter string of the name of the month of the event.","Again, avoid code cludder. For event tracking, knowing exact date is essential."
"GRM_Core.lua","11913","GRM.GetEventMonthEnumResult ( string )","Returns the integer index representative of the month of the year. Jan = 1 and Dec = 12","Accessibility to Enum from outside this class."
"GRM_Core.lua","11920","GRM.GetEventDay ( string )","Returns the number of the day, as a string, based on day of the month for given event timestamp","Important to know what day event should happen on."
"GRM_Core.lua","11931","GRM.IsCalendarEventAlreadyAdded ( string , string , int , int , int , int )","Returns true if the event has already been added to the calendar","If the player wipes his save history, it does not wipe what is added to in-game calendar. This just double-checks to avoid double adding."
"GRM_Core.lua","11967","GRM.IsOnAnnouncementList ( string , int , string )","returns true if the player is in the que to add to the calendar","Avoid double adding to que, and basic logic checking."
"GRM_Core.lua","11995","GRM.RemoveFromCalendarQue ( string , int , string )","Removes the player/event from the global Calendar Add Que table","Keep the Que Clean"
"GRM_Core.lua","12016","GRM.RemoveAllFromEventQue()","Adds a popup window to confirm if the player wishes to remove all the players from the calendar que and then does that if confirmed","Give the option for the player to more easily clean up the calendar que."
"GRM_Core.lua","12051","GRM.CalendarQueCheck ()","It checks the Add Que list, if the event is already on the calendar, then it removes it from the addque list.","In case other players add items to the calendar, this keeps it clean."
"GRM_Core.lua","12067","GRM.GetAnniversaryLogReport( string , string , int )","Returns the proper string of the annivesary events, both formats. One for UI display, and one for readabilty","For the addon feature of reporting and adding the anniversary to the calendar."
"GRM_Core.lua","12082","GRM.GetBirthdayLogReport( string )","Returns the proper string of the birthday events, both formats. One for UI display, and one for readabilty","For the addon feature of reporting and adding the anniversary to the calendar."
"GRM_Core.lua","12091","GRM.GetCustomEventReport( string , int , string )","Returns the proper string of the custom events, both formats. One for UI display, and one for readabilty","For the addon feature of reporting and adding the anniversary to the calendar."
"GRM_Core.lua","12100","GRM.ResetPlayerEvent ( string , int , string )","It checks if the event is on the eventsLog announcecment, and then if so, removes it.","Events log needs to be adjusted as the player adjusts the settings. This is used for many conditions, so it keeps it in one reusable function."
"GRM_Core.lua","12109","GRM.CleanupEventsFromplayers ()","If the player is not found in the guild but they are still on the event list, just dump the event list.","Cleanup events QoL"
"GRM_Core.lua","12130","GRM.InsertNewEvent ( string , string , int , int , int , string , int )","Inserts new event sorted by date, and if the same day, then sorted by name order","Cleanly insert the event into the array in order of date most soon, for UI purposes"
"GRM_Core.lua","12186","GRM.AddAnnouncementToCalendar ( string , int , int , int , string )","Adds the announcement to the in-game calendar, if player has permissions to do so.","CalendarAddEvent() is a protected function thus it needs to be triggered by a player in-game action, so it will"
"GRM_Core.lua","12231","GRM.RemoveItemFromLog ( index , bool , bool )","Finds the matching string in the log, and removes it from the tempFiltered Log and the core log.","For quick log cleanup."
"GRM_Core.lua","12275","GRM.ClearAllLogLinesWithinRange ( int , int )","Parse through all of the fontstrings visible, then matches them to the log and purges them","For log cleanup and UI features for the user"
"GRM_Core.lua","12313","GRM.ResetLogReport()","Deletes the guild Log","In case player wishes to reset guild Log information."
"GRM_Core.lua","12331","GRM.LogSetLastValue()","Triggers the setting fo all values at index 40 of the core log","On the single line shift, you end up with 1 on the edge that needs to be built"
"GRM_Core.lua","12339","GRM.LogSetFirstValue()","Triggers the setting fo all values at index 1 of the core Log","On the single line shift, you end up with 1 on the edge that needs to be built"
"GRM_Core.lua","12347","GRM.LogToolHybridShiftDown()","Shifts all the values down one line to give the illusion of scrolling when in reality this is just a hybrid scrollframe","Clean scrolling"
"GRM_Core.lua","12373","GRM.LogToolHybridShiftUP()","Shifts all the values up one line to give the illusion of scrolling when in reality this is just a hybrid scrollframe","Clean scrolling"
"GRM_Core.lua","12400","GRM.ConfigureChangesHeader()","Configures the changes header to add it","To Clear the changes header"
"GRM_Core.lua","12432","GRM.SetLogValues ( int , int )","Sets the fontstring values for the lineNumber count and the actual strings for display","So we have a functioning hybrid scrollframe on the core log."
"GRM_Core.lua","12490","GRM.GetOperatorsFromText ( string )","Adds operator controls to the search strings of the log","Quality of life improvement on searching the log"
"GRM_Core.lua","12507","GRM.GetSearchLog ( bool , string )","Pre-builds all the values to display based on the various filter parameters.","Make building a hybridscrollframe for the log that much simpler, and keeps it from reprocessing over and over."
"GRM_Core.lua","12660","GRM.SetColoredLines()","Sets all of the instances in the temp filtered log as true or false, indicating which lines should be red or not.","Line coloring!!!"
"GRM_Core.lua","12685","GRM.BuildLogComplete()","Checks the editbox and sees whether to build the log normal, or to auto-rebuild the log based on the custom text filter.","The Call to rebuild the log is done about 50 times. This cleans up the code bloat."
"GRM_Core.lua","12708","GRM.BuildHybridLog( string , bool , bool , bool , table , int )","Builds the guildLog frame details for the scrollframe","You aren't tracking all of that info for nothing!"
"GRM_Core.lua","12817","GRM.BuildCoreLogFontstrings ( int , float , int )","Initiates the fontstring values for the Core Log","Compartmentalize the code for easier call back to."
"GRM_Core.lua","12931","GRM.RefreshLogTooltip()","Refreshes the tooltip of the button moused over in the log that has text that is too long","Enhanced log features"
"GRM_Core.lua","12975","GRM.ResetLogStringPoints ( bool )","Sets point of all the built fontstrings to account for spacing needed for the count or not and resets the size width","Aesthetics on the log"
"GRM_Core.lua","13004","GRM.AddOldLogHeader()","Returns the string of the Old Log header","Cleaner Log reporting."
"GRM_Core.lua","13011","GRM.AddNewChangesHeader()","Returns the string of the ""Changes"" header since last logged in the log","Cleaner log reporting"
"GRM_Core.lua","13018","GRM.convertToArrayFormat( string )","Converts the format into a usable one for sync and also exporting in a sorted, proper order.","Clean UI management for the user."
"GRM_Core.lua","13059","GRM.BuildCustomNoteScrollFrame ( string )","Builds the custom note scroll frame","To have a customizable scrollable scrollframe!!!"
"GRM_Core.lua","13126","GRM.InitializeDropDownDay ()","Initializes the Drop Down ""Day"" select window with values based on selected month","UI feature for easy date select."
"GRM_Core.lua","13206","GRM.InitializeDropDownYear()","Initializes the year select drop-down OnDropMenuClick","Easy way to set when player joined the guild."
"GRM_Core.lua","13273","GRM.InitializeDropDownMonth(self,level)","Initializes month drop select menu","Date select for Officer Note ""Join Date"""
"GRM_Core.lua","13337","GRM.SetJoinDate( string , int , int , int )","Sets the player's join date properly, be it the first time, a modified time, or an edit.","For so many uses! Anniversary tracking, for editing the date, and so on..."
"GRM_Core.lua","13463","GRM.PlayerHasJoinDate ( string )","Returns true if the current selected player has a listed Join Date, with the given JoinDate","For the Join Date selection, this will let us know if an option to sync to the selected player's join date should be given."
"GRM_Core.lua","13480","GRM.SetPromoDate()","Set's the date the player was promoted to the current rank","Date tracking and control of rank promotions."
"GRM_Core.lua","13555","GRM.SetAllIncompleteJoinUnknown()","Sets the join date of every player in the guild who does not have it yet set as ""unknown""","More just quality of life information and UI feature. Useful than manually going to them all to set as unknown..."
"GRM_Core.lua","13619","GRM.SetAllIncompletePromoUnknown()","Sets the promo date of every player in the guild who does not have it yet set to an unknown value","More just quality of life information and UI feature. Useful than manually going to them all..."
"GRM_Core.lua","13663","GRM.SetAllIncompleteBdayUnknown()","Sets the Birth date of every player in the guild who does not have it yet set to an unknown value","More just quality of life information and UI feature. Useful than manually going to them all..."
"GRM_Core.lua","13725","GRM.DateSubmitCancelResetLogic( boolean , string , boolean , string )","Resets the logic on what occurs with the cancel button, since it will have multiple uses.","Resource efficiency. No need to make new buttons for everything! This reuses the button, just resets the click logic in join date submit cancel event."
"GRM_Core.lua","13903","GRM.SetDateButtonConfiguration ( int )","Formats the date submit configuration of buttons for clean submission","Only some date inputs need ALL, including the year. Birthday only needs day and month."
"GRM_Core.lua","13945","GRM.GetRecordedDate ( string )","Returns either today's date, if no date of the corresponding date is stored, or, returns the date of the stored item","Continuity on editing dates and presenting dates."
"GRM_Core.lua","13971","GRM.SetDateSelectFrame( string , frameObject, string )","On Clicking the ""Set Join Date"" button this logic presents itself","Handle the event to modify when a player joined the guild. This is useful for anniversary date tracking."
"GRM_Core.lua","14024","GRM.IsGuildieAnOfficer ( string , int )","It returns true if the player is tagged as an officer in the guild. It does this by grabbing their current rank status, getting the flags of that rank permission, returning index 9","Useful to know if player is an officer."
"GRM_Core.lua","14034","GRM.GetPlayerRankPermissions ( string , int )","Returns the rank permission of the player/rank for promoting, demoting, or kicking","For the macro tool this is important ot know who to allow sync with."
"GRM_Core.lua","14044","GRM.GetFirstOfficerRank()","Gets the first rank that can view officer notes, thus IS an officer","So it can have a default Ban Sync Rank."
"GRM_Core.lua","14060","GRM.IsOfficerRankByIndex ( int )","Returns boolean if player given rankIndex is an officer rank. Of note, rank index start at zero, but settings check starts at 1, so this adjusts.","Useful check to determine if a player is moving from an officer to a non-officer rank."
"GRM_Core.lua","14070","GRM.IsPlayerAnOfficer ()","Returns true if the player is an officer","The old API no longer applies and works right. Now, all officers have access to"
"GRM_Core.lua","14077","GRM.GetRankIndex ( string , 2Darray )","Returns the index of the guild rank...","Flow control of drop down menus."
"GRM_Core.lua","14102","GRM.BuildRankList()","It builds into an array all of the dropdown buttons from the guild rank dropdown.","Needed to initialize dropdown logic..."
"GRM_Core.lua","14112","GRM.OnRankChange ( string , string , string , string )","Logic on Rank Drop down select in main frame","UI feature and UX"
"GRM_Core.lua","14236","GRM.PopulateOptionsRankDropDown ()","Adds all the guild ranks to the drop down menu","UI Feature"
"GRM_Core.lua","14347","GRM.PopulateBanListOptionsDropDown ()","Adds all the guild ranks to the drop down menu for ban changes","UI Feature in options - greater control to keep sync of ban list to officers only, whilst allowing great sync with all guildies."
"GRM_Core.lua","14464","GRM.PopulateDefaultDropDownRankMenu()","Adds all the guild ranks to the drop down menu for custom default","UI Feature in options - greater control to keep custom note sync display on each character neat."
"GRM_Core.lua","14547","GRM.CreateRankDropDownMenu ( frame , fontstring , frame , int , int , function() )","It creates a dropdown menu that has all of the current guild ranks, with highest rank in guild on top","To create a generic, reusable dropdown menu for rank creation"
"GRM_Core.lua","14599","GRM.CreateDropDownMenu ( frame , fontstring , frame , int , string  int ,  array , function() )","It creates a dropdown menu given the specific variables","To create a generic, reusable dropdown menus"
"GRM_Core.lua","14649","GRM.PopulateClassDropDownMenu ()","Adds all the player CLASSES to the drop down menu","This is useful for player selection of the class when manually adding a player's info to the metadata, like adding someone to a ban list."
"GRM_Core.lua","14742","GRM.PopulateMainTagDropdown()","Creates a dropdown menu including options to choose from for main tag formatting in guild chat","Options, options, options! Customization to make it pleasing for all players in the formatting."
"GRM_Core.lua","14813","GRM.PopulateDefaultTabDropdown()","Creates a dropdown menu including options to choose from the GRM tabs as to which is default","Quality of Life preference control option"
"GRM_Core.lua","14876","GRM.PopulateLanguageDropdown()","Populates a dropdown select menu with all of the available languages to choose from...","To give the player the option to manually select and change which language the addon is using."
"GRM_Core.lua","15049","GRM.PopulateFontDropdown()","Builds the font dropdown box","Give the user more customizability over the addon."
"GRM_Core.lua","15146","GRM.PopulateTimestampFormatDropDown()","Builds a dropdown menu displaying the various format options","To give the player the ability to adjust timestamp formats"
"GRM_Core.lua","15249","GRM.Populate24HrDropDown()","Builds the 2 options in 24 hr timescale vs 12 hr","To give the player the option to set it to a 12hr scale or 24hr scale."
"GRM_Core.lua","15320","GRM.SetGroupInviteButton ( string )","Invites a selected guildie to your group","Continuity on previous Blizz default frames to these"
"GRM_Core.lua","15374","GRM.CreateOptionsRankDropDown()","Builds the final rank drop down product for options panel","UI Feature for options to be able to filter who you will accept shared data from."
"GRM_Core.lua","15472","GRM.ClearPromoDateHistory ( string , bool )","Purges history of promotions as if they had just joined the guild.","Editing ability in case of user error."
"GRM_Core.lua","15498","GRM.ClearJoinDateHistory ( string )","Clears the player's history on when they joined/left/rejoined the guild to be as if they were  a new member","Micromanagement of toons metadata."
"GRM_Core.lua","15534","GRM.ResetPlayerMetaData ( string )","Purges all metadata from an alt up to that point and resets them as if they were just added to the guild roster","Metadata player management. QoL feature if ever needed."
"GRM_Core.lua","15616","GRM.ResetAllSavedData()","Purges literally ALL saved data, then rebuilds it from scratch as if addon was just installed.","Clear data for any purpose needed."
"GRM_Core.lua","15681","GRM.ResetGuildSavedData( string )","Purges all saved data from the guild and only the guild...","Sometimes you don't want to reset everything... just the guild."
"GRM_Core.lua","15743","GRM.CheckForNewPlayer ( string )","Live checks when a player joins the guild and reports on it","For live detection use separate than on scheduled scan"
"GRM_Core.lua","15883","GRM.GetParsedNameFromInviteAnnouncmenet ( string )","Parses out the player name-server from the system message about a player joining the guild","Useful for players joining the guild."
"GRM_Core.lua","15908","GRM.LiveKickDetection( string , int )","Reports the a player was kicked from the guild and checks if ban was done as well","To update the database on-the-fly for changes."
"GRM_Core.lua","15942","GRM.SendBannedSyncMessageForAlts()","Controls the flow of data on banning alts as well","Ensure the data stream is wrapped in throttle protections in case a lot of players are online who can sync"
"GRM_Core.lua","15994","GRM.BanAndKickingAltsByPlayer ( string )","Removes the player, but all ques up alts for kicking, and bans all the alts as well if setting is so checked.","Allow player to also ban all connected alts"
"GRM_Core.lua","16063","GRM.GetPlayerKickedFromButton ( string , bool )","Used for the secure hook and runs when the guild uninvite action is implemented from removing the player and returns the player removed's name","Since the guild uninvite is a protected action now, it is still useful to know the name of the player being kicked, especially for perfect matching"
"GRM_Core.lua","16094","GRM.KickButtonLogic ( string , int , bool )","Parses player name if they are going to be kicking for quick reporting","Control quick reporting to log and updating server."
"GRM_Core.lua","16140","GRM.KickAction ( string , string , int , bool , bool)","Records the data of who was kicked, who did the kicking, and for their alts if necessary","Management of kicking logic."
"GRM_Core.lua","16188","GRM.GetPromotionText ( string )","Returns the parsed names of the person who promotes a player, who was promoted, and the rank they were promoted to.","Live parsing of the system message so the player does not have to wait for the log to update in retail or the roster to refresh in Classic"
"GRM_Core.lua","16218","GRM.GetDeomotionText ( string )","Returns the parsed names of the person who promotes a player, who was demoted, and the rank they were demoted to.","Live parsing of the system message so the player does not have to wait for the log to update in retail or the roster to refresh in Classic"
"GRM_Core.lua","16268","GRM.AddToLiveScanQue ( int , string , int )","Adds the entry to a table to be used for reporting if already involved in a log scan. No need to cause overlap.","Prevent double log entry overlap."
"GRM_Core.lua","16292","GRM.ProcessLiveScanQue()","Scans through and completes any of the live changes detected","Ensure accurate sync reporting to the logs."
"GRM_Core.lua","16325","GRM.SetNextTrue ( tabloe )","It sets the index of a live event check in case they needed to be considered","Ensure accurate reporting of live changes."
"GRM_Core.lua","16350","GRM.SystemMessageLiveDetectionControl ( string )","Organizes the promotions, demotions, kicks, joins, leaves for live detection","Sometimes the server call to the guild can take several seconds to pull data, even though the system message has already emoted. This will actually parse the system message so as not to need to wait for server callback."
"GRM_Core.lua","16493","GRM.LiveJoinDetection ( string )","Holds the repeatable code to run if a current scan is happening.","Cleanup the code so functions aren't too big."
"GRM_Core.lua","16507","GRM.LivePromoteOrDemoteDetection ( string , bool , int )","Checks live event on promotions and demotions and reports on them and updates the database","To instantly log these rank event changes to the database."
"GRM_Core.lua","16559","GRM.LiveLeaveDetection( string , int )","Catches the system message that the player just left and then updates their details appropriately","Instantly report when a player is no longer in the guild. Also to use for your own self-detection."
"GRM_Core.lua","16591","GRM.GetParsedplayerName ( string )","Parses out the Left Player message for all 11 clients","The Taiwan and Chinese Mandarin need to be parsed differently."
"GRM_Core.lua","16608","GRM.GetParsedJoinPlayerName ( string )","Parses out the joined Player message for all 11 clients","To live determine the name of the player that joined the guild"
"GRM_Core.lua","16618","GRM.GetParsedKickPlayerNames ( string )","Returns both the kicked and the kicker names from the parsed system message","To cleanup and efficiently handle LIVE chat reporting when a player is kicked."
"GRM_Core.lua","16673","GRM.RemoveBan( int , boolean , boolean , int )","Just what it says... it removes the ban from the player and wipes the data clean. No history of ban is stored","Necessary for forgiveness or accidental banning."
"GRM_Core.lua","16702","GRM.UnBanplayer ( string , string , int )","Unbans a listed player in the ban list","To be able to control who is banned and not banned in the guild."
"GRM_Core.lua","16718","GRM.BanListUnban ( string , string , int )","Unbans the player selected on the core ban list frame upon button push","Good to control who is and isn't on the ban list..."
"GRM_Core.lua","16742","GRM.GRM.PopulateMemberDetails ( string , memberTable , bool )","Builds the details for the core MemberInfoFrame","Iterate on each mouseover... Furthermore, this is being kept in ""Local"" for even the most infinitesimal cost-saving on resources"
"GRM_Core.lua","17179","GRM.RemoveBanSendSyncMessage ( string , int , int , int )","Sends the unban sync message for the player to all online","Control the flow of sync information."
"GRM_Core.lua","17220","GRM.FactionIcon ( ind );","Returns the Horde and Alliance faction colors","In 10.1 cross faction guilds became a thing, so this allows players to tag with a faction symbol."
"GRM_Core.lua","17250","GRM.DeathStatus ( playerObject , bool )","Controls the texture visibility in the mouseover window","Hardcore mode support indicates player is DEAD."
"GRM_Core.lua","17294","GRM.ClearAllFrames( boolean )","Ensures frames are properly reset upon frame reload...","Logic time-saver for minimal costs... why check status of them all when you can just disable and build anew on each reload?"
"GRM_Core.lua","17328","GRM.ClearResetFramesOnTabChange()","Resets the frames when you are tabbing back and forth","Cleaner UI transition experience. Also, no need to keep player name up when the roster screen is gone."
"GRM_Core.lua","17341","GRM.SubFrameCheck()","Checks the core main frames, if they are open... and hides them","Questionable at this time... I might rewrite it with just 4 lines... It serves its purpose now"
"GRM_Core.lua","17368","GRM.SelectPlayerOnRoster ( string )","If the guild roster window is open, this will jump to the player anywhere in the roster, online or offline, and bring up their metadata window","Useful for when a player wants to click and alt rather than have to scan through the roster for them."
"GRM_Core.lua","17386","GRM.DateUntrustedTag ( bool )","Adds a tag in front of a date indicating it is not valid. Returns also the boolean of if it is trusted or not.","Notify you that you may need to manually update the date."
"GRM_Core.lua","17403","GRM.GetPlayerWhoBanned ( string , boolean )","Returns the name of the player who banned the given toon, if they are banned at least.","Mostly for use in the tooltip on the mouseover of the ban buttons to say who banned the player."
"GRM_Core.lua","17425","GRM.GetBannedPlayersWithGUIDs()","Compiles a list of all players that are banned with GUIDs into a 2d array","For use on easy re-checking of players' GUID to see if the banned player is no longer on the server"
"GRM_Core.lua","17452","GRM.GetBannedPlayersStillInGuild()","Returns a list of players currently in the guild that are banned, with their accompanying metadata.","Collect more than just the count, but get the player metadata too"
"GRM_Core.lua","17471","GRM.SyncRemoveCurrentPlayerBan ( string , int )","Removes a current ban during sync, thus avoids the chat spam.","Ban mechanism for during retroactive sync."
"GRM_Core.lua","17489","GRM.SyncAddCurrentPlayerBan ( string , int , string , string )","Adds a ban during sync with the reason","Ban mechanism for during retroactive sync."
"GRM_Core.lua","17504","GRM.ChangeCurrentPlayerBanReason ( string , string , string )","Edits the current ban reason with a new one","Mechanism for editing the reason of a ban"
"GRM_Core.lua","17519","GRM.GetNumberOfPlayerSBannedCurrentlyInGuild ( int )","Returns the number of players that are currently banned but are still in the guild","Useful on the OnUpdate Ban List tab to inform the player better if there are currently players in the guild that need to be banned."
"GRM_Core.lua","17545","GRM.GetSortedBanListNamesWithDetails ( string )","Returns the list of all banned players based on the given sorting settings","Give the player to sort the ban list by the headers."
"GRM_Core.lua","17722","GRM.IsAnyBanHighlighted()","Checks if any of the buttons in the ban list are highlighted","UX"
"GRM_Core.lua","17739","GRM.ClearAllBanHighlights()","Clears all the highlights of any selected name in the ban window","UX"
"GRM_Core.lua","17750","GRM.IsBanNameOnList ( name , array )","Returns true if the given name is on the list","To identify a quick lookup if the name is on the list for purposes of updating the ban list to show player has left the server"
"GRM_Core.lua","17766","GRM.RefreshBanListFrames( bool , string )","On loading the Ban List frames, it populates and prepares them for a scrollable window if necessary","Quality of Life. Whilst the ban list is managed automatically behind the scenes, it is useful to have common information that syncs between users"
"GRM_Core.lua","18104","GRM.RestoreTooltip()","Restores the previous settings of the tooltip so GRM's own settings do not overwrite elsewhere","Maintain compatibility, and also add this all into a single function call."
"GRM_Core.lua","18112","GRM.GetRankHistory ( string , string )","Returns the give players promotion date history","So export can include a promotion date history"
"GRM_Core.lua","18156","GRM.PromoRankTooltip ( frame )","Processes the logic for this specific tooltip in the player rank window and populates player rank promotion history","Keep code clean and management and compartmentalized on the mouseover tooltip window."
"GRM_Core.lua","18233","GRM.JoinDateTooltip ( frame )","Builds the tooltip for when mousing over the guild join date history","Keep code clean and compartmentalized"
"GRM_Core.lua","18317","GRM.PlayerNameTooltip( frame )","Builds tooltip when mousing over the player name","Compartmentalizing the code for cleanliness, like previous tooltip logic"
"GRM_Core.lua","18350","GRM.GetSex ( int )","Returns the localized text string of the given gender","Useful to report the player's sex."
"GRM_Core.lua","18365","GRM.AltNameTooltip ( frame )","Populates the alt info tooltip","Useful info for player, keeps code clean."
"GRM_Core.lua","18469","GRM.CustomNoteSlider ( parentFrameOfSlider )","Controls logic of mouseover of the custom note frame within the OnUpdate of the mouseover","Show the scrollSlider, but only if necessary"
"GRM_Core.lua","18481","GRM.PlayerStatusNotificationTooltip ( Frame )","Builds notification tooltip to let player know they can view player status updates","Useful info for the player"
"GRM_Core.lua","18498","GRM.EditBdayTooltip ( self )","Provides a tooltip on the text so player knows they can edit it.","Clean code!"
"GRM_Core.lua","18519","GRM.MemberDetailToolTips ( self , float )","Populates the tooltips on the ""OnUpdate"" check for the core Member Detail frame","UI Feature"
"GRM_Core.lua","18560","GRM.ModifySpecificGuildControlValue ( int , string )","Modifies the position of the guild Control and returns the string","Easy modification of the string."
"GRM_Core.lua","18601","GRM.GetGuildInfoTextSafe()","Returns guild info text without calling protected API during combat lockdown.","Avoids ADDON_ACTION_BLOCKED taint errors while still providing the latest cached guild info."
"GRM_Core.lua","18618","GRM.UpdateGuildInfoWithNewValue ( int , string )","Modifies the control values then inserts them into the guildInfo over the original GRM controls, effectively replacing them","Ease of controls of global GRM controls for the addon user."
"GRM_Core.lua","18638","GRM.GetRulesString()","Pulls the rules from the guild Info note","To clear the guildInfo and clean it up for expanded  global controls."
"GRM_Core.lua","18650","GRM.GetEachGlobalControl()","Returns the parsed string based on the pattern match","Faster and cleaer code for parsing the global controls"
"GRM_Core.lua","18664","GRM.GetGlobalControlValue ( int )","Returns the Global control value from the guildInfo global string","Easily pull values from the parsed note."
"GRM_Core.lua","18683","GRM.UpdateGuildLeaderPermissions( bool , bool )","Scans the guild leader note for special tags and controls, pushes them to addon player setting - Rechecks every 60 seconds...","So the guild leader can mass enable/disable certain features in the addon."
"GRM_Core.lua","18752","GRM.SetJoinTagCustomFormat ( string , string , bool )","Checks for the number after the given match, and forces the player to adhere to those setting...","Conformity within the guild in the settings."
"GRM_Core.lua","18854","GRM.SetNoteTriggerRestrictions ( string )","Checks the Guildinfo tag if settings need to be adjusted and modify the settings if they do.","Allow global control in enforcing all officers use this function."
"GRM_Core.lua","18898","GRM.IsCustomJoinRestricted()","Returns true if the guild Info has the custom join tag note set properly to a custom","Prevent players from making editing changes"
"GRM_Core.lua","18915","GRM.IsCustomReJoinRestricted()","Returns true if the custom Rejoin is restricted globally using the guild info note","Prevent players from changing their settings if it is already restricted in the guild info note"
"GRM_Core.lua","18933","GRM.SetTimestampRestriction ( string , bool )","Checks for the number after the given match, and forces the player to adhere to those setting...","Conformity within the guild in the settings."
"GRM_Core.lua","18978","GRM.SetLeaderRankRestrictionSetting ( string , bool )","Checks for the number after the given match, and forces the player to adhere to those setting...","Conformity within the guild in the settings."
"GRM_Core.lua","19018","GRM.SetLeaderBanRestrictionSetting ( string , bool )","Checks for the number after the given match, and forces the player to adhere to those Ban setting...","Conformity within the guild in the settings."
"GRM_Core.lua","19071","GRM.SetLeaderCustomNoteRestrictionSetting ( string , bool )","Checks for the number after the given match, and forces the player to adhere to those Ban setting...","Conformity within the guild in the settings."
"GRM_Core.lua","19112","GRM.SetLeaderJoinDateRestrictionSetting ( int , bool )","Checks for the number after the given match and forces all players to adhere to that setting.","Conformity and unification of addon settings and to prevent multiple people from adding join date to multiple locations."
"GRM_Core.lua","19192","GRM.SetLeaderUsingJoinTagHeaders ( string )","Checks if including the tag headers should be enabled or disabled","To help conformity in the guild on the destination of the notes."
"GRM_Core.lua","19230","GRM.IsSyncRankGuildLeaderRestricted ( int )","Returns a boolean if the player's guild leader does have restriction standardization","Necessary for UX quality control on various methods to change and manipulate the settings."
"GRM_Core.lua","19276","GRM.ReportRankRestriction ( int )","Reports restriction rank if you try make a change to sync rank restrictions, yet in the guild info there are values set to control it.","Use for reporting any of the sync rank restrictions..."
"GRM_Core.lua","19289","GRM.GetRankRestrictionText ( int )","Returns the text of the restriction rank guild leader has set it to for the controlled values in the guild info window","To make it obvious for player why they do not have access to sync rank controls."
"GRM_Core.lua","19303","GRM.GetGlobalSettingsProgress()","Compiles the progress with the global functions","For use with creating an export of them."
"GRM_Core.lua","19325","GRM.AllGlobalsAreSet()","Returns true if all globals are set in the guildInfo properly","To help with guild Info global settings and tooltip info for UX"
"GRM_Core.lua","19346","GRM.SetGlobalControlsToGuildInfo()","Rebuilds the guild control tags and inserts them back into the guildInfo","Give the user the ability to control some specific functions globally."
"GRM_Core.lua","19397","GRM.GetAllGlobalRulesAsString()","Builds the Globals string for the GuildInfo window","Quality of Life to help ease new players into the addon."
"GRM_Core.lua","19439","GRM.CheckAllDates( boolean )","Returns all of the date info of players who have notes, but no GRM data, ot the other way around, which note it is in, and the status of the note in terms of consistency with addon/note data","To manage the extremely complicated parsing of the notes to properly display note data..."
"GRM_Core.lua","19559","GRM.GetParsedDate ( string )","Algorithm for combining all pieces of the puzzle into attempting to parse out the date properly, and returns the { day, month , year } if valid","Assist in controlling the overall logic of parsing the date into a workable format to reverse engineer the date stored in the notes."
"GRM_Core.lua","19580","GRM.RemoveDateFromNote ( string )","Removes the date from the note","To reverse engineer the notes and replace them with different dates."
"GRM_Core.lua","19602","GRM.ClearJoinTag ( string )","Checks a given string from a note and searches for the ""Joined:"" text and returns true, as well as the string at the next appropriate start position","Make parsing notes extremely simple."
"GRM_Core.lua","19622","GRM.ParseDateFormat ( string , int , string )","Returns the day, month, year of the parsed timestamp from note","To more easily parse the player notes"
"GRM_Core.lua","19745","GRM.CleanupNoteDate ( string )","Removes any ""st"" or ""th"" abbrev. in English - Compatible as no other selected languages have dates that this would mess with.","Increases compatibility to some custom formats for parsing."
"GRM_Core.lua","19767","GRM.FindStartOfDate ( note )","Parses the given note for a GRM styled note format and returns it, as well as the text before the note and the text after.","Finding the date in the note can be challenging with so many different formats. This does that as long as it is in a GRM supported format."
"GRM_Core.lua","19847","GRM.IsDateInOtherNotes ( int , int )","Returns true if the date is found in multiple locations...","So the addon can know if it is necessary to cleanup notes."
"GRM_Core.lua","19880","GRM.IsValidYear ( int )","Returns true if the year is greater than 3 (2004 is when game launched), and less than or equal to current year","Easy reusable check when parsing dates in the notes."
"GRM_Core.lua","19897","GRM.IsValidMonth ( int )","Returns true if the index is valid between 1 and 12","Verification of accurate data."
"GRM_Core.lua","19908","GRM.IsValidDay ( int , int , int )","Returns true if the day is within the correct limits of that month, leap year accounted for.","Easy reusable check when parsing dates in the notes."
"GRM_Core.lua","19922","GRM.GetParsedNoteDateNumbers ( string )","Returns which separtor being use, the parsed values of the date, and the note with the date parsed out","Easier editing of the player notes on the fly, particularly for the advanced join date tool"
"GRM_Core.lua","19971","GRM.DatesDoMatch ( array , string )","Returns true of the parsed date and the set date are the same, otherwise returns false","So player cna easily flag inconsistencies in the notes and correct them."
"GRM_Core.lua","19992","GRM.AuditRefresh()","Refreshes and updates all the frames in the audit JD tool","Easy refresh management for UX"
"GRM_Core.lua","20003","GRM.IsAnyHighlighted()","Returns true if at least one button is highlighted","Use as boolean gate"
"GRM_Core.lua","20019","GRM.GetNoteName()","Returns the string note name of the configured default destination for the join date","Cleaner code is all"
"GRM_Core.lua","20034","GRM.GetCountNeedingAttention ( bool )","Gets the number of players in the audit that still need to be dealt with","For UI info reporting to the player."
"GRM_Core.lua","20051","GRM.GetCountThatAreInMultipleLocations()","Gets the number of players in the audit that have dates in multiple locations","For UI info reporting to the player."
"GRM_Core.lua","20067","GRM.GetCountIncorrectLocationNotCorrectNotImported()","Gets the number of players in the audit that have dates in multiple locations, not correct location, and not yet imported.","For UI info reporting to the player."
"GRM_Core.lua","20082","GRM.RefreshJDAuditToolsTextFrames ( bool )","Rechecks that the button text matches the logic","Quality controls on UX"
"GRM_Core.lua","20131","GRM.RefreshJDAuditToolFrames ()","Builds the scroll frame for the audit tools","Quality of Life management feature"
"GRM_Core.lua","20214","GRM.BuildJDToolHybridButtons ( int )","Initiates the buttons and logic for the JD Audit tool buttons","Compartmentalize the code for easier call back to."
"GRM_Core.lua","20378","GRM.UpdateJDAuditTooltip ( int )","Refreshes the JD Audit Tool Tooltip","So, on scrolling, the tooltip easily updates on the fly as well."
"GRM_Core.lua","20393","GRM.JDAuditToolHybridShiftDown()","Shifts the buttons up one spot for hybrid scrollframe purpose","To keep from having to refresh the entire frames over and over. Now, it just shifts everything over once. Fast and lightweight for scrollwheel control"
"GRM_Core.lua","20433","GRM.JDAuditToolHybridShiftUp()","Shifts the buttons up one spot for hybrid scrollframe purpose","To keep from having to refresh the entire frames over and over. Now, it just shifts everything over once. Fast and lightweight for scrollwheel control"
"GRM_Core.lua","20564","GRM.JDAuditSetLastValue()","Triggers the setting fo all values at index 13 of the JD Audit tool","On the single line shift, you end up with 1 on the edge that needs to be built"
"GRM_Core.lua","20572","GRM.JDAuditSetFirstValue()","Triggers the setting fo all values at index 1 of the JD Audit tool","On the single line shift, you end up with 1 on the edge that needs to be built"
"GRM_Core.lua","20580","GRM.ConvertGRMDateFromNote ( array )","Initiates the flow of editing the GRM dates using the notes as reference, and refreshes the frames","For mass use in the JD Audit tool"
"GRM_Core.lua","20588","GRM.ConvertNoteFromGRM ( array )","Initiates the flow of editing the GRM dates using the notes as reference, and refreshes the frames","For mass use in the JD Audit tool"
"GRM_Core.lua","20595","GRM.EditJoinDateManually ( string , int , int , int )","changes the player's GRM join date to match the note join date.","Useful mini join date tool to cycle mass update join dates for guildies."
"GRM_Core.lua","20632","GRM.EditSavedNoteDateManually ( string , int )","changes the player's note date to match the GRM save date.","Useful mini join date tool to cycle mass update join dates for guildies."
"GRM_Core.lua","20787","GRM.AddDateTagToDefaultNote ( array )","Adds the join date properly to the default note","To control the Join Date being added to default note location, whilst not adding it if already found there, and not overwriting current note, and editing it slightly"
"GRM_Core.lua","20913","GRM.AddTimeStampToNote ( string , string , string )","Adds the new timestamp of when a player joins to the destination note","To track timestamps in the notes."
"GRM_Core.lua","20983","GRM.RemoveDatesFromNonDefaultNotes ( array )","Removes the join dates from the notes that are not set as default","Easy Cleanup of the notes."
"GRM_Core.lua","21051","GRM.FixMismatchedGRMdatesUsingNote ( bool )","Scans through all of the given names of the guild and their note status, determines which ones need to be fixed","UX tool for managing join date conformity easier."
"GRM_Core.lua","21069","GRM.FixMismatchedNotesUsingGRM ( bool )","Scans through all of the given names of the guild and their note status, determines which ones need to be fixed using the GRM save to overwrite the ntoes","UX tool for managing join date conformity easier."
"GRM_Core.lua","21085","GRM.ImportDatesFromNoteToGRM ( bool )","Scans through all the notes and imports the date to GRM as needed.","UX tool for ease of importing dates from the player notes."
"GRM_Core.lua","21101","GRM.GetNumAuditToolSelected()","Returns the int count of the number of selected players","Tooltip messaging - quality of life clarification to player on mouseover"
"GRM_Core.lua","21118","GRM.AddJoinDatesToDefaultNotes ( bool )","Scans through all the notes and imports the date to GRM as needed.","UX tool for ease of importing dates from the player notes."
"GRM_Core.lua","21138","GRM.CleanUpNonDefaultNotes ( bool )","Scans through all the notes to remove join dates from the incorrect notes.","UX tool for ease of cleaning up notes"
"GRM_Core.lua","21155","GRM.MismatchConfirmConfig()","Builds function template to be inserted into the confirmation window and determines if we are fixing all mismatched or only those highlighted (from note to GRM save)","Clean UX experience that prevents players from accidentally making an error"
"GRM_Core.lua","21167","GRM.MismatchConfirmConfig2()","Builds function template to be inserted into the confirmation window and determines if we are fixing all mismatched or only those highlighted (from GRM save to note)","Clean UX experience that prevents players from accidentally making an error"
"GRM_Core.lua","21179","GRM.MismatchConfirmConfig3()","Builds function template to be inserted into the confirmation window and determines if we are fixing all mismatched or only those highlighted (from GRM save to note)","Clean UX experience that prevents players from accidentally making an error"
"GRM_Core.lua","21191","GRM.MismatchConfirmConfig4()","Builds function template to be inserted into the confirmation window and determines if we are fixing all or only those highlighted (from GRM save to note)","Clean UX experience that prevents players from accidentally making an error"
"GRM_Core.lua","21203","GRM.MismatchConfirmConfig5()","Builds function template to be inserted into the confirmation window and determines if we are fixing all or only those highlighted (cleanup of non-default notes)","Clean UX experience that prevents players from accidentally making an error"
"GRM_Core.lua","21215","GRM.GetNumMismatchedButton4()","Returns the count of the number of mismatched, either all, or of that selected.","UX"
"GRM_Core.lua","21234","GRM.GetNumMismatchedButton3()","Returns the count of the number of mismatched, either all, or of that selected.","UX"
"GRM_Core.lua","21253","GRM.GetNumMismatchedButton2()","Returns the count of the number of dates that need to be imported, either all, or of that selected.","UX"
"GRM_Core.lua","21271","GRM.GetNumMismatchedButton1()","Returns the count of the number of notes that need to be added to the officer note","UX"
"GRM_Core.lua","21289","GRM.GetNumMismatchedButton7()","Returns the count of the number of players that have join dates in incorrect notes.","UX"
"GRM_Core.lua","21313","GRM.SetHybridScrollFrameSliderParameters ( frame , frame , frame , int , int , int , int , arrayOfButtons , function , function , int , function )","Acts as a template for all future hybrid scrollframe configuration of the slider logic on mousewheel scrolling and so on","Clean, repeatable code that can be used in conjunction with all other large scrollframes"
"GRM_Core.lua","21408","GRM.HybridScrollOnValueChangedConfig ( slider , float , scrollchildframe , scrollframe , int , int , function , array )","In conjunction with the GRM.SetHybridScrollFrameSliderParameters() tool, manage the hybridscrollframe functionality of the given frames","Reusable framework for hybrid scrollframes in this addon's style."
"GRM_Core.lua","21454","GRM.HybridControl()","Sets a gate check that lasts for 0.1 seconds","So that when the slider value changes, it ignores double work when an ""OnMouseWheel"" handler is also activated."
"GRM_Core.lua","21472","GRM.SearchPlayerInLog ( string )","Opens the Log and searches the given string","For repeat use actions from other frames"
"GRM_Core.lua","21482","GRM.OpenPlayerWindow ( string )","Opens the community frame and brings up the player window for editing","Easy access to find the player from various frames"
"GRM_Core.lua","21520","GRM.GetRosterSelectionID ( string , string )","Updates the selected index of the manually opened player window","To ensure regular update intervals are accurately looking at the correct player."
"GRM_Core.lua","21589","GRM.GlobalSettingsLoopCheck ( int )","Controls the recheck on the guildInfo as when the window is closed it doesn't refresh immediately.","Quality control to keep the settings check as fast as possible on global control changesw"
"GRM_Core.lua","21619","GRM.TriggerPlayerNote ( string , string )","Parses every comment in the guild frame and looks for the !note tag - and adds anything after it, up to 31 characters, to player note","Mainly for use in Classic"
"GRM_Core.lua","21698","GRM.UpdateNoteFromChat ( string , string )","Updates the player note if you are an officer to do it, and the player typed !note in chat","Help with adding public notes for guildies who it is restricted due to officer changes."
"GRM_Core.lua","21734","GRM.IsPlayerAnAddonUser ( string )","It returns true if the player is currently online and is an addon user","For reporting updates..."
"GRM_Core.lua","21749","GRM.SpecialAddonAltTagCleanup ( string , int )","If the player is using one of those alt name/main guild message addons this parses it out","So it is compatible with guild chat manipulated addons..."
"GRM_Core.lua","21780","GRM.SetConfirmationWindow ( function , string , function , table , string )","Creates the settings for a reusable popup confirmation window that can be used for any reason","Useful to prevent errors and prevents code clutter by being flexibly reusable."
"GRM_Core.lua","21835","GRM.GetTransitionFrameToFade()","Gets the frame that is currently visible. The tab the player is currently looking at.","To save on resources, rather than reuse this code over and over. I could potentially just make a global holder, but I want it to be flixible."
"GRM_Core.lua","21856","GRM.FrameTransition()","Fades frame to frame on tab check...","Really, just aesthetics for User Experience. This also is built to be flexible, to account for any given tab."
"GRM_Core.lua","21914","GRM.OptionTabFrameControl ( buttonWidget )","It Locks the highlight of the current tab and it unlocks the others, as well as showing the correct frame, whilst hiding the others","Options are plentiful. Need sub-tabs to keep it clean. This helps control UI display logic on the tabs."
"GRM_Core.lua","21962","GRM.DisableTabButtons()","Temporarily disables the buttons. Don't want to allow player to trigger click spam the button on transition.","Clicking button too fast will be error prone."
"GRM_Core.lua","21994","GRM.DisableSubTabButtons()","Temporarily disables the Options sub tab buttons. Don't want to allow player to trigger click spam the button on transition.","Clicking button too fast will be error prone. This prevents that."
"GRM_Core.lua","22039","GRM.GR_Roster_Click ( string )","For logic on mouseover, instead of mouseover, it simulates a click on the item by bringing it to show.","Smoother UI interface in the built-in Guild Roster in-game UI default window."
"GRM_Core.lua","22091","GRM.TriggerTrackingCheck()","Helps regulate some resource and timed efficient server queries,","to keep from spamming or double+ looping functions."
"GRM_Core.lua","22113","GRM.TrackingIntegrityCheck ( bool )","Loops and rechecks in an interval for integrity tha the scan went off appropriately.","Useful for Classic Guild Roster loop integrity check"
"GRM_Core.lua","22146","GRM.IsCalendarEventEditOpen()","Does a check if the calendar windows are open as the GuildRoster() check can cause things to lose cursor focus","Prevent background scanning and updating from messing up some UI interactions, like losing cursor focus."
"GRM_Core.lua","22162","GRM.UpdateMacroToolSafeListExpirations()","It rechecks the roster to see if any of the players are on the ignore lists from the macro tool and removes them if the time has expired.","To be able to auto remove players from the ignore lists as time expires. Quality of life tool"
"GRM_Core.lua","22189","GRM.ValidateIgnoreExpireDates ( table )","It checks to see if their safeListSetting has expired, and if their time HAS expired, they are removed from the list.","This is the check that will be done to ensure rules are being monitored."
"GRM_Core.lua","22235","GRM.SlashCommandScan()","Triggers a one-time scan of the guild for changes.","Mainly useful for people that wish to disable active scanning and just do a 1-time check on occasion."
"GRM_Core.lua","22246","GRM.SlashCommandSync()","Activates a one-time data sync with guildies","For people that want to sync data, but don't want it to be on all the time, just on occasion as they choose."
"GRM_Core.lua","22392","GRM.SlashCommandCenter()","It Centers all of the windows, in case the player dragged them off the screen","Help keep frames organized. Just a necessary feature as someone is eventually going to say they tossed the frame off screen."
"GRM_Core.lua","22435","GRM.SlashCommandHelp()","Displays a list of all slash commands and what they do","To HELP the player with slash commands lol"
"GRM_Core.lua","22472","GRM.SlashCommandClearAll()","Resets all data account wide, as if the addon was just installed, on the click of the button.","Useful to purge data in case of corruption or trolling or other misc. reasons."
"GRM_Core.lua","22489","GRM.SlashCommandClearGuild()","Resets all data guild wide, as if the guild is brand new or newly joined.","Useful to purge the data if someone trolled the guild and made a mess of the data,"
"GRM_Core.lua","22515","GRM.HardReset()","It deletes player addon settings, thus the addon detects that and assumes","To bypass all UI features and do a full hard reset, if the player needs"
"GRM_Core.lua","22532","GRM.SlashCommandVersion()","Displays the version of the addon (all viewable with /roster help)","General info if wanted."
"GRM_Core.lua","22539","GRM.SlashCommandMinimapReset()","Resets the minimap to default position","In case player drags the minimap off screen..."
"GRM_Core.lua","22546","GRM.SlashCommandKick()","Opens or closes the mass kick window","Allow slash command use of the mass kick window for ease"
"GRM_Core.lua","22561","GRM.SlashCommandBan()","Opens the Ban window by slash command","Expanded slash command controls."
"GRM_Core.lua","22571","GRM.SlashCommandAudit()","Opens the Audit window by slash command","Expanded slash command controls."
"GRM_Core.lua","22581","GRM.SlashCommandLog()","Opens the Log window by slash command","Expanded slash command controls."
"GRM_Core.lua","22591","GRM.SlashCommandUsers()","Opens the Sync Users window by slash command","Expanded slash command controls."
"GRM_Core.lua","22601","GRM.SlashCommandEvents()","Opens the Events window by slash command","Expanded slash command controls."
"GRM_Core.lua","22611","GRM.SlashCommandOptions()","Opens the Options window by slash command","Expanded slash command controls."
"GRM_Core.lua","22622","GRM.SlashCommandExport()","Opens the export window","Give player access to feature@"
"GRM_Core.lua","22649","GRM.SlashCommandModulesOptions()","Opens the Module tab under Options","Easy slash command control to get here."
"GRM_Core.lua","22657","GRM.SlashCommandGUID()","Pastes the player's GUID to the chat box to easily be copied","Special use case to obtain GUIDs"
"GRM_Core.lua","22667","GRM.SlashCommandProf()","Triggers the profession note update to run with a slash command","Allow the quick updating of professions."
"GRM_Core.lua","22716","GRM.SlashCommandAltLimitAudit ( int )","Triggers an audit of all alt groups to see which exceed the","To help guild leaders of mega guilds manage alt groups better by"
"GRM_Core.lua","22729","GRM.InitiateConfirmFrame ( string , function , string , string , function , bool , int , int )","Configures the generic popup window for confirmation of an action","Repeat use of the popup window without needing to keep copying and pasting the configuration window."
"GRM_Core.lua","22818","GRM.OpenCoreWindow ( bool )","Opens the Core Window","Reusable window to open the roster."
"GRM_Core.lua","22998","GRM.InitiateMemberDetailFrame()","Event Listener, it activates when the Guild Roster window is opened and interface is queried/triggered","Create an Event Listener for the Guild Roster Frame in the guild window ('J' key)"
"GRM_Core.lua","23018","GRM.AllRemainingNonDelayFrameInitialization()","Initializes general important frames that are not in relations to the guild roster window.","By walling this off, it allows far greater resource control rather than needing to initialize entire UI."
"GRM_Core.lua","23025","GRM.ConfigureGuild()","It establishes the properly formated guildName as well as the clubID","Why cycle through the guilds over and over again to find the position, when you can store the index of the database in the array with a simple global variable? Massive resource save!"
"GRM_Core.lua","23079","GRM.FixBackups()","Fixes an old issue of guild backups not properly converting on a name change by rebuilding the backup.","To Fix guild backups."
"GRM_Core.lua","23098","GRM.ConfigureAnnounceOnLogin( bool )","Configured the announcement saved variable to be refreshed each day","Prevent repeat spamming."
"GRM_Core.lua","23120","GRM.InitializePreCheck()","Checks if the intial changes and updates are all recorded, including the status of all players who have left or joined the guild","You do not want to trigger and initialize the addon to sync with others until this initial process is completed after login. It could take just a few seconds to complete"
"GRM_Core.lua","23142","GRM.AutoImportDate( table )","Automatically imports the join date for the player if they have not already","To ensure the player's join date is recorded for accurate tracking."
"GRM_Core.lua","23160","GRM.TrackingConfiguration( bool )","Initializes the first check on login after configuring all the initial details for guild","Control flow of data inquiries"
"GRM_Core.lua","23321","GRM.SecretValueLoadDelayHandler()","Handles the delay logic for when the addon is loaded while in a PVP instance or in raid combat","In 12.0 Blizz introduced addon restrictions. This accomodates that to prevent spam as GRM is unable to fully configure able if reload"
"GRM_Core.lua","23353","GRM.DelayForGuildInfoCallback()","It basically recursively waits til the conditions are met and the server properly retrieved the guildCreationDate","If a guild is on more than one server with the same name, that can complicate things. This helps idenitfy the server by the creation date as well..."
"GRM_Core.lua","23403","GRM.MessageHookControl()","Handles some communications issues with the chat so that the main tags can be hooked into and edited","Message editing of GRM tags"
"GRM_Core.lua","23418","GRM.SystemMessageHookControl()","Checks to ensure script modification happens at the end of the sequential table to ensure all addon compatibility","Quality of life - prevent frustration for other addon devs"
"GRM_Core.lua","23428","GRM.LoadAddon()","Enables tracking of when a player joins the guild or leaves the guild. Also fires upon login.","Manage tracking guild info. No need if player is not in guild, or to reactivate when player joins guild."
"GRM_Core.lua","23506","GRM.LoadRecursiveErrorCheck()","Rechecks if a certain frame function is loaded.","For some reason some edge cases out there some clients load these very slow, and an addon can trigger before this is done."
"GRM_Core.lua","23521","GRM.finalLoadSteps()","Throttles loading information","Compartmentalizes and throttles loading details until the frames are loaded by the system so as to prevent attempts to hook into frames that do not yet exist"
"GRM_Core.lua","23545","GRM.ReactivateAddon ()","If addon no longer needs to be enabled due to player not being in a guild, or leaving a guild, this slimmer reactivation protocol","Resource efficiency."
"GRM_Core.lua","23647","GRM.DataLoadDelayProtection()","It checks if the calendar and date info is available from the server yet and if not, it recursively reloads","To prevent certain errors due to the server returning this information slowly as of patch 8.1.5 for some reason."
"GRM_Core.lua","23676","GRM.SettingsLoadedFinishDataLoad( bool )","Compartmentalizes the OnLoad process of the addon so some things can be verified and pre-checked before continuing, like loading addon settings.","Prevent errors of course!"
"GRM_Core.lua","23729","GRM.GetNumModules()","Returns the int num of plugin modules for GRM that are enabled","Useful information and to display the modules tab properly if necessary"
"GRM_Core.lua","23741","GRM.OnAchievementEarned()","Announced earned achievements to the guild in classic","Fixes a bug in WoTLK Classic :D"
"GRM_Core.lua","23754","GRM.AnnounceAchievement()","Announced earned achievements from the guild in classic","Fixes a bug in WoTLK Classic :D"
"GRM_Debug.lua","8","Debug.DebugConfig( string )","Enables debugging logging","To help debug issues of course, by logging them."
"GRM_Debug.lua","35","Debug.DebugLog ( int )","Prints out the Debug Log the last X number of items that occurred before logging off or disconnecting.","Occasionally disconnects happen. This will let me know what happened!"
"GRM_Debug.lua","53","Debug.AddDebugMessage ( string )","Addes messages of recent events to debug log...","Debugging tracking"
"GRM_Debug.lua","73","Debug.DebugMessages()","Enables debugging messages","Get rid of need of 2 sets of programs... just enable and disable."
"GRM_Export.lua","10","Export.ExportMemberDetailsHeaders()","Creates a Headers Export","So player can easily build export headers for the data."
"GRM_Export.lua","66","Export.BuildExportMemberDetails( int , string , string )","Exports the player details as a text stirng with a delimitter","Allow the player to easily export the information."
"GRM_Export.lua","444","Export.DelimiterFix ( string , bool )","Replaces any commas with a semicolon","To allow comma delimiter in the export details"
"GRM_Export.lua","459","Export.BuildExportAnyText ( string )","Opens the export window and pastes whatever text this function is fed into there","Allow easy copying of various data."
"GRM_Export.lua","484","Export.BuildExportLogFrame()","Exactly as named... adds the entire guild log from the given guild, parses out the coloring, and makes it easy to copy and paste it","To allow players the ability to export their logs to a file somewhere to keep their system from getting too clutters."
"GRM_Export.lua","616","Export.BuildExportDelimiterDropdownMenu()","Builds the dropdown menu values for the delimiters on the export window","Allow Delimiter Selection"
"GRM_Export.lua","683","Export.ExportScrollSliderConfigure ( int , float )","Used in the building of the xport frame for the log. This sets the slider values.","Kept seperate so it can run recrusively on re-checking if necessary."
"GRM_Export.lua","720","Export.ResetExportLogSettingsOnChange()","If a filter has been changed on the log settings, and the export window is open, this clears it.","Keep the export consistent."
"GRM_Export.lua","759","Export.SetExportTabHighlights()","Locks the selected tab highlighted","UX feature"
"GRM_Export.lua","947","Export.CheckButtonsAllChecked()","Returns true if all the export member list details check buttons are checked.","For the check all or uncheck all button"
"GRM_Export.lua","969","Export.ProcessExportLevelRange ( buttonFrame , int )","Configures the levle range properly based on user input","Ensure clean frame building and quality user experience"
"GRM_Export.lua","1070","Export.ResetExportLevelRange()","Sets the level range to the edit boxes","UX"
"GRM_Export.lua","1086","Export.LoadExportMembertab()","Sets the values of the member tab for export","UX"
"GRM_Export.lua","1141","Export.LoadExportFormerMembertab()","Loads the export details for the mmeber data tab","UX"
"GRM_Export.lua","1193","Export.LoadExportDeathsTab ( bool )","Builds the Deaths tab frames properly based on settings.","UX"
"GRM_Export.lua","1248","Export.GetHardcoreDeaths( bool )","Reports back the integer count number of deaths","Useful for counting the number dead"
"GRM_Export.lua","1276","Export.BuildExportDeaths()","Builds the list of names to be exported to the Export Log window","Export the hardcore mode death lists..."
"GRM_Export.lua","1354","Export.ExportButtonLogic()","Clears focus on the eidt boxes, if any, then builds the export frame","UX"
"GRM_Export.lua","1371","Export.CountTotalMembersThatMatch()","Returns the number of people that match for export","Great controls for export."
"GRM_Export.lua","1445","Export.ExportRangeEditBox1 ( frame )","Configures the Export values of the edit boxes","UX"
"GRM_Export.lua","1487","Export.ExportRangeEditBox2 ( frame )","Configures the Export values of the edit boxes","UX"
"GRM_Export.lua","1537","Export.SetExportButtonText()","Builds dynamic text explanations for the export buttons on the fly","UX"
"GRM_Export.lua","1593","Export.LoadExportUI( bool )","Controls load of Export frames","Load only on-demand."
"GRM_Export.lua","2479","Export.ExportHardcoreOptions( bool )","Controls logic of showing this 4th tab or not, based on if in HC mode","UX but exclusively for Classic HC"
"GRM_Export.lua","2848","Export.BuildExportStrings()","Builds the string and the sets font details","Allows for player to adjust font/text/localization on the fly so keeping wrapped in its own function allows it to be processed without the blaot of the other UI details."
"GRM_G_Util.lua","6","G_Util.GetNumGuildies()","Returns the int number of total toons within the guild, including main/alts","For book-keeping and tracking total guild membership."
"GRM_G_Util.lua","13","G_Util.GetNumGuildiesInGuild ( table )","Returns the number of current guildies there are","For accurate reporting on most recent current snapshot of a guild in the database"
"GRM_G_Util.lua","28","G_Util.CheckGuildRanks()","Checks for any changes in the guild rank structure of the guild and reports on them","Just extra info, especially to help make it more clear to the player why they might get spammed in their log for mass demote/promotions"
"GRM_G_Util.lua","88","G_Util.GetListOfGuildRanks( bool , bool , bool)","Gets a list of all rank names for dropdown menu","For building the macro dropdown menu for destination rank"
"GRM_G_Util.lua","148","G_Util.ParseGuildRanks()","Parses the string with al the guild ranks and returns it as an array","Due to some tables scanning logic I want to keep this stored as a string and then converted to a table during your session or re-converted if the ranks are updated."
"GRM_G_Util.lua","160","G_Util.GetGuildMemberRankID ( string )","Returns the rank index of the given player's name, or 0 if unable to find player","Rank needs to be known in certain circumstances, like knowing if something was a promotion or a demotion."
"GRM_G_Util.lua","172","G_Util.GetNumGuildiesOnline()","Returns the int number of players currently online, with option to include those only on mobile, but not physically in the game, or not.","So on mouseover, the index on the roster call can be determined properly as online people are indexed first."
"GRM_G_Util.lua","179","G_Util.GetListOfOnlinePlayers()","Returns a string array of names, sorted in order, of players that are currently online","Easy use to know who is online currently in case you are checking something relevant."
"GRM_G_Util.lua","195","G_Util.IsGuildieOnline( string , playerTable )","Lets you know if a guildie is currently online by returning true","It is useful to save resources and for knowledge to know if a player is currently online or not. No need to scan certain things wastefully if they are offline."
"GRM_G_Util.lua","208","G_Util.GetSortedPlayerNames()","Gets the full list of guild members full sorted in order","Necessary for asynchronous scan through the guild since you can't use the pairs dictionary scan"
"GRM_GuildSync.lua","269","GRMsync.MessageThrottleUpdate ( frame , float )","Changes the throttle cap to the much lower default cap after the player has entered the world for 15 seconds.","This is due to a cap of there being a tiny 4Kb/s otherwise a player disconnect, and also an interesting discovery of an enhanced throttle eveen"
"GRM_GuildSync.lua","307","GRMsync.ResetDefaultValuesOnSyncReEnable()","Sets values to default, as if just logging back in.","For sync to properly work, default startup values need to be reset."
"GRM_GuildSync.lua","439","GRMsync.ResetSyncTracker)_","Resets all the sync status/tracker values","Quality of life feature to keep track of syncing information."
"GRM_GuildSync.lua","484","GRMsyncGlobals.ProgressControl ( string )","In the sync progress, it sets all points to TRUE that happened prior","Because the sync attempts to be efficient, it only syncs data that needs to be sync, thus some points will be skipped. For the tracking purpose, it is useful to just identify those prior sync points as ""true"" and completed if it skips."
"GRM_GuildSync.lua","660","GRMsync.InitializeTrackerData()","Initializes the tables","Compartmentalize this reusable reset."
"GRM_GuildSync.lua","672","GRMsync.ParseComMsg ( msg )","Returns the matches to the given pattern","More easily manage comm messages cleaner."
"GRM_GuildSync.lua","699","GRMsync.SyncTimeEstimation ( string , int )","Calculates the time per block to sync","For relatively accurate sync tracker reporting."
"GRM_GuildSync.lua","721","GRMsync.SyncProgressPoint();","All of the points of the sync are tracked and this reveals the point of where the sync status currently is.","Quality of Life feature for tracking progress as sync is going."
"GRM_GuildSync.lua","770","GRMsync.LiveTracking();","Checks status of the window and updates the info.","Quality of life feature."
"GRM_GuildSync.lua","800","GRMsync.TimeDelayResetTracker()","Upon sync completion, it just refreshes it back to start","No need for it to say sync successful indefinitely."
"GRM_GuildSync.lua","819","GRMsync.ProgressCompleteReport()0","Reports Sync Completion and cleans up frames for it","Reusable code."
"GRM_GuildSync.lua","896","GRMsync.LoadSyncUI()","Loads the sync progress tracker's UI","To keep these as on-demand load only."
"GRM_GuildSync.lua","1012","GRMsync.WaitTilDatabaseLoads ( bool )","Sets the player's guild ranking by index of rank","This is important for addon talk to not get info from ranks too low."
"GRM_GuildSync.lua","1027","GRMsync.EndSync ( boolean )","Forces the error check to kill the sync immediately","If something happens and sync needs to fail, this is how it happens."
"GRM_GuildSync.lua","1051","GRMsync.InquireLeader()","On logon, or activation of sync alg, it requests in the guild channel if a leader is online.","Step 1 of sync algorithm in determining leader."
"GRM_GuildSync.lua","1064","GRMsync.LeaderRespond ( string )","The new leader will respond out ""I AM LEADER"" and everyone set him as leader.","Sync leadership controls. Election should happen each time for optimal sync leader this is why it is ONLY default if the person is already syncing and you are just adding them to sync que."
"GRM_GuildSync.lua","1095","GRMsync.ReviewElectResponses ()","Reviews timestamps of all online people with addon, and if there is no leader, it elects a new leader.","Leadership needs to be established to ensure clean syncing."
"GRM_GuildSync.lua","1157","GRMsync.RequestElection()","To person who just logged in or reactivated syncing, it sends out a request to elect a leader if no leader identified.","Need to get time responses from all players to determine who has been online the longest, which will likely have the best data."
"GRM_GuildSync.lua","1169","GRMsync.SendElectionInfo()","Sends the time logged in or addon sync was enabled","For voting, to determine who was online the longest."
"GRM_GuildSync.lua","1181","GRMsync.RegisterTimeStamps( string )","Adds the player's name and timestamp for election","Need to aggregate all the player data for voting!"
"GRM_GuildSync.lua","1192","GRMsync.ElectedLeader ( string )","Established the elected leader based on message received.","Final step in designating a leader!"
"GRM_GuildSync.lua","1213","GRMsync.EstablishLeader()","Controls the algorithm flow for syncing data between players by establishing leader.","To have a healthy, lightweight, efficient syncing addon."
"GRM_GuildSync.lua","1246","GRMsync.SetLeader ( string , bool , string )","If message received, designates the sender as the leader","Need to designate a leader!"
"GRM_GuildSync.lua","1307","GRMsync.TriggerChatThrottleDelay()","If it detects that the ChatThrottleLib Ace library ques up messages, GRM will delay its own message sending for a minimum of 1 second","Since syncing data on guild member info is not high priority over most other addons, this ensures that Ace library sync data always is --                  prioritized. Their own internal delay is 0.8 seconds, so by force a 1 second delay in GRM by putting my data at cap, it ensures their"
"GRM_GuildSync.lua","1315","GRMsync.HookComms()","Hooks the SendAddonMessage function so if any other addon uses it I can see","Global outgoing data cap is shared among all addons. To prevent disconnects it is important to know how much overhead other addons are using."
"GRM_GuildSync.lua","1348","GRMsync.SyncTriggerMessage( string )","Triggers just the message","Easy reporting start of sync process after leader election."
"GRM_GuildSync.lua","1368","GRMsync.SendMessage ( string , string , string , int )","Sends an invisible message over a specified channel that a player cannot see, but an addon can read.","Necessary function for cross-talk between players using addon."
"GRM_GuildSync.lua","1394","GRMsync.CheckJoinDateChange ( string/table , string , string  )","Parses the details of the message to be usable, and then uses that info to see if it is different than current info, and if it is, then enacts changes.","To sync player join dates properly."
"GRM_GuildSync.lua","1544","GRMsync.EventAddedToCalendarCheck ( string , string )","Checks to see if player has the event already in que. If it is, then remove it.","Cleanliness. If it is removed from one person's list, it is removed from all!"
"GRM_GuildSync.lua","1573","GRMsync.CheckFinalAltMainAndNotGroupChanges ( string or table , string , bool )","Sets the alt data properly.","Properly configure alt and main status."
"GRM_GuildSync.lua","1609","GRMsync.CheckFinalAltFullGroupChanges ( string/table , string , int , bool )","Collects the final alt data","Sync data integrity"
"GRM_GuildSync.lua","1677","GRMsync.CheckAddAltChange ( string , string )","Adds the alt as well to your list, if it is not already added","Additional chcecks required to avoid message spamminess, but basically to sync alt lists on adding."
"GRM_GuildSync.lua","1755","GRMsync.IsAltGroupSameExceptToonToAdd ( altTable )","Checks if an alt group is the same. IF an alt group is the same, then it just adds the player to that alt group","The other method of rebuilding a new alt group from scratch, if the alt groups are very dividied is much more work than just adding 1 toon."
"GRM_GuildSync.lua","1787","GRMsync.ProcessFullAltGroupChange ( string , table )","Determines exactly the details of the alt group and sets them properly","Ensure accuracy of sync'd alt groups."
"GRM_GuildSync.lua","1836","GRMsync.CheckRemoveAltChange ( string , string , string )","Syncs the removal of an alt between all ONLINE players","Sync data between online players."
"GRM_GuildSync.lua","1883","GRMsync.CheckSetMainChange ( string , string )","Syncs Main selection control between players","Sync data between players LIVE"
"GRM_GuildSync.lua","1907","GRMsync.CheckDemoteFromMainChange ( string , string )","If a player is demoted from main to alt, it syncs that change with everyone","Sync data between players LIVE"
"GRM_GuildSync.lua","1925","GRMsync.CheckCustomNoteSyncChange ( string , string , bool )","For use in the Retroactive non-live sync, it checks and compares custom notes and applies the most current one","For updating and syncing the custom notes!!!"
"GRM_GuildSync.lua","2039","GRMsync.CheckCustomNoteChange ( string , string , string )","It updates the Custom Note as needed, live","Sync the information between guildies live, as well as obey the filtering rules between clients."
"GRM_GuildSync.lua","2129","GRMsync.CheckBirthdayChange ( string , string , boolean )","Checks the live received change on the Birthday details","All birthday info to be shared."
"GRM_GuildSync.lua","2140","GRMsync.CheckBirthdayForSync (string or table)","Takes the birthday received info and updates the database","Updating and syncing birthday data"
"GRM_GuildSync.lua","2177","GRMsync.CheckBirthdayRemoveChange ( string , string )","Coordinates birthdate removal when signalled from another player","Keep birthdates aligned and live sync'd when removing as well"
"GRM_GuildSync.lua","2188","GRMsync.CheckBanListChange ( string , string )","If a player is banned, then it broadcasts the bane to the rest of the players, so they can update their info.","It is far more useful if more than one person maintains a BAN list..."
"GRM_GuildSync.lua","2327","GRMsync.CheckUnbanListChangeLive()","Removes the given player from the ban list","to sync ban information live. Of note, I NEED to build all the for loops here because the timestamps must be compared."
"GRM_GuildSync.lua","2357","GRMsync.BanManagement ( string or table , string )","Updates the ban data while syncing.","Syncing bans and unbans between players..."
"GRM_GuildSync.lua","2586","GRMsync.RegisterPrefix( string )","To do an addon info send over a channel, the prefix first needs to be registered.","For player to player addon talk."
"GRM_GuildSync.lua","2598","GRMsync.RegisterPrefixes()","Registers the tages for all of the messages, so the addon recognizes and knows to pick them up","Prefixes need to be registered to the server to be usable for addon to addon talk."
"GRM_GuildSync.lua","2607","GRMsync.IsPrefixVerified ( string )","Returns true if received prefix is listed in this addon's","Control the spam in case of other prefixes received from other addons in guild channel."
"GRM_GuildSync.lua","2634","GRMsync.IsCompatibleToShareData ( bool , bool , bool , bool , bool , bool )","Returns true if player meets sync requirements","Critical gate check to control the flow of information. The normal data share might diverge as ALL might be outgoing, but the final"
"GRM_GuildSync.lua","2673","GRMsync.GetCustomPseudoHash( bool )","Checks the database and creates an array of values representing sections of the database...","Player A creates their values, player B creates theirs, they are compared, the sections not equal are the portions that need to be sync'd."
"GRM_GuildSync.lua","2830","GRMsync.RefreshPlayerRankIDs()","Refreshes the rank IDs","Useful for preliminary check when checking the ban restrictions, or other restrictions that might apply."
"GRM_GuildSync.lua","2843","GRMsync.GetListOfPlayersWithVerifiedJoinDates ( table , bool )","Returns the list of all players who have verified join dates.","Ensure the proper syncing of join dates by providing an accurate list."
"GRM_GuildSync.lua","2862","GRMsync.GetListOfPlayersWIthVerifiedPromoteDates ( table , bool )","Returns the list of all players who have verified promotion dates.","Ensure the proper syncing of join dates by providing an accurate list."
"GRM_GuildSync.lua","2881","GRMsync.GetListPlayersWithAltTimeStamp();","Returns the names of all players in the guild who are in an alt group or removed from one, and adds timestamp","Much slimmer data to send on a precheck."
"GRM_GuildSync.lua","2921","GRMsync.GetListOfPlayersWithCustomNotesModified ( table , bool )","Returns the names of all players in the guild with modified customNotes","Control the flow of sync data."
"GRM_GuildSync.lua","2940","GRMsync.GetListOfPlayersWithModifiedBdays ( table , bool )","Returns the names of all players in the guild with modified bdays","Control the flow of sync data."
"GRM_GuildSync.lua","2962","GRMsync.GetListBannedAndUnbannedPlayers ( guildData , bool )","Pulls the list of all players banned and unbanned.","For sync use - only need to compare timestamp. If not the same, then will tag it as needed to be shown."
"GRM_GuildSync.lua","3052","GRMsync.ConvertGUIDToVal ( string )","Converts the string into a byteValue sum","To create a unique identifier in smaller form. It should also be noted that this only handles the Blizzard format of a GUID as if it uses"
"GRM_GuildSync.lua","3068","GRMsync.ConvertStringToVal ( string )","Creates a Unique Identifier with the player","For purposes of creating a unique ID hash."
"GRM_GuildSync.lua","3081","GRMsync.SendOverallDataHashes()","Sends the message of all your hashes, to determine which data boxes are aligned","Sync speed and efficiency. It doesn't make sense to do a massive compare when you can do minimal at first."
"GRM_GuildSync.lua","3095","GRMsync.BoolToInt ( bool )","Returns either a 1 or zero, representing true/false, but in a char","Make the message slimmer."
"GRM_GuildSync.lua","3105","GRMsync.CompareOverallHashes ( string )","Collects the overall hashes for all database points","Do an initial check to keep sync process lean."
"GRM_GuildSync.lua","3137","GRMsync.SetSyncPathway ( string )","Sets the sync pathway to determine which blocks of code are necssary, separated by join dates, promotion, alt, custom note, etc... If no data sync is needed, then finishes the sync","Determine if sync is necessasry EARLY in the process, and if so, which portions need to be sync'd so not all needs to be compared."
"GRM_GuildSync.lua","3158","GRMsync.UpdateSyncPathway ( string )","Updates the sync pathway if there were changes made after the precheck","Sync efficiency. Smart to modify the path as more information from the precheck of hash data is received."
"GRM_GuildSync.lua","3167","GRMsync.ReviewAndSendPrecheckData ( table )","Sends the PreCheckData over to compare databases","Smaller amount of code to determine who needs data updated."
"GRM_GuildSync.lua","3211","GRMsync.SendPrecheckData ( table , int )","Sends all the precheck info for qualifying for sync","More efficient syncing."
"GRM_GuildSync.lua","3291","GRMsync.CollectPreCheckData ( string , string )","Collects the precheck ALT data","Syncing and improved efficiency"
"GRM_GuildSync.lua","3311","GRMsync.Convert2DArrayToDictionary ( table )","Converts a simple 2D array into a dictionary, where the first index becomes dictionary reference and 2nd index is the data","Useful to simplify the code a bit when just checking if something exists in a table rather than cycling through in a for loop."
"GRM_GuildSync.lua","3322","GRMsync.ContinueSyncInCategory ( int )","Determines if there is a reason sync should be continued in this category. Reutrns true if compatible","In some cases, let's say a player who is too low rank makes their own changes so you cannot sync with them. This will now"
"GRM_GuildSync.lua","3373","GRMsync.CompareListDBMarkers( int )","Checks the list, compares names and timestamps for syncing and determines by tagging who is more recent result.","To do a precheck of the players syncing's list for efficiency"
"GRM_GuildSync.lua","3404","GRMsync.CompareBdayDataMarkers()","Compares the hash received to my own to make a determination where the bday lists may differ","Recheck bday hashes only."
"GRM_GuildSync.lua","3429","GRMsync.ProcessBdayDataAndContinue()","Determines if sync of bday data is good to continue after processing Precheck hashes","Sync efficiency. Give sync an early escape to end after analyzing precheck bday data"
"GRM_GuildSync.lua","3470","GRMsync.ProcessPreCheckDataAndBeginSync()","Processes the precheck data and sets the database markers or the actual data that is latest","Part of the sync process and efficiency."
"GRM_GuildSync.lua","3516","GRMsync.BeginSyncSteps()","Controls the flow of sync starting","Ensure data integrity."
"GRM_GuildSync.lua","3533","GRMsync.NextSyncStep( table )","Activates the appropriate sync data packet dump collection, for time saving.","Cleanly execute sharing and syncing data in a minimalistic way, in specified order. DO NOT ADJUST ORDER as some things require review prior to next step."
"GRM_GuildSync.lua","3573","GRMsync.SendCompletionMsg ()","Builds a message to be sent to the sync Leader which states the player is done sending data, and it sends which types it sent over, thus keeping the analysis lean","Speed speed SPEED!!!"
"GRM_GuildSync.lua","3586","GRMsync.SendBDAYCompletion()","Sends the sync leader a confirmation that all bday info has been sent and all data will now be stopped","Control flow of sync process"
"GRM_GuildSync.lua","3606","GRMsync.GetNumDigits ( int )","Returns the num of integers in a given string","Useful for sync purposes to ensure the the length of the count is considered."
"GRM_GuildSync.lua","3614","GRMsync.SendJDPacketsNotMine ( table , int , int )","Sends the names of the players with join data who are more current than mine, but I have no exact details on them","Efficiency in syncing"
"GRM_GuildSync.lua","3700","GRMsync.SendJDPackets( table , int , int , table )","Sends the full JD data over of players I have","Control the flow of data to prevent player disconnect on sending sync data"
"GRM_GuildSync.lua","3773","GRMsync.BuildJoinDatesForSync()","Creates a specialized alt table for sync purposes","Breaking them into categories makes it easier syncing/parsing"
"GRM_GuildSync.lua","3803","GRMsync.SendPDPacketsNotMine ( table , int , int )","Sends the names of the players with promotion data who are more current than mine, but I have no exact details on them","Efficiency in syncing"
"GRM_GuildSync.lua","3889","GRMsync.SendPDPackets( table , int , int , table )","Sends the full PD data over of players I have","Control the flow of data to prevent player disconnect on sending sync data"
"GRM_GuildSync.lua","3962","GRMsync.BuildPromoteDatesForSync()","Creates a specialized alt table for sync purposes","Breaking them into categories makes it easier syncing/parsing"
"GRM_GuildSync.lua","3992","GRMsync.ValidatePromoteDataForSync ( list , string )","Fixes the standard date if not properly formatted and returns if validated","Data sync integrity"
"GRM_GuildSync.lua","4021","GRMsync.SendAltNamesNotMine ( table , int , int )","Sends the names of the players who are more current than mine, but I have no exact details on them","Efficiency in syncing"
"GRM_GuildSync.lua","4108","GRMsync.SendAltPacketsFullDetails( table , int , int , int , string )","Compartmentalizes the Add Alt logorithm to send the data controlled, fills the packets to max characters, and sends and if it hits throttle cap, resets.","Control the flow of data to prevent player disconnect on sending sync data"
"GRM_GuildSync.lua","4249","GRMsync.SendAltGroupsFullDetails ( table , table , int , int , int , int )","Sends the full details of these alt groups to the other player as these are the most current according to timestamp comparison","Efficient syncing."
"GRM_GuildSync.lua","4400","GRMsync.BuildAltGroupsForSync()","Creates a specialized alt table for sync purposes","Breaking them into categories makes it easier syncing/parsing"
"GRM_GuildSync.lua","4470","GRMsync.SendCUSTPacketsNotMine ( table , int , int )","Sends the names of the players with promotion data who are more current than mine, but I have no exact details on them","Efficiency in syncing"
"GRM_GuildSync.lua","4556","GRMsync.SendCustomNotePackets( table , int , int , table )","Sends the full Custom Note data over of players I have","Control the flow of data to prevent player disconnect on sending sync data"
"GRM_GuildSync.lua","4634","GRMsync.BuildCustomNotesForSync()","Creates a specialized alt table for sync purposes","Breaking them into categories makes it easier syncing/parsing"
"GRM_GuildSync.lua","4665","GRMsync.SendBdayPacketsNotMine ( table , int , int )","Sends the names of the players with Bday data who are more current than mine, but I have no exact details on them","Efficiency in syncing"
"GRM_GuildSync.lua","4751","GRMsync.SendBDayPackets( table , int , int , table )","Sends the full PD data over of players I have","Control the flow of data to prevent player disconnect on sending sync data"
"GRM_GuildSync.lua","4823","GRMsync.BuildBdayDatesForSync()","Creates a specialized alt table for sync purposes","Breaking them into categories makes it easier syncing/parsing"
"GRM_GuildSync.lua","4855","GRMsync.SendBanNamesNotMine ( table , int , int )","Broadcasts to the leader all Ban information","Data sync"
"GRM_GuildSync.lua","4933","GRMsync.SendBanPacketsFullDetails( table , int , int )","Sends the full PD data over of players I have","Control the flow of data to prevent player disconnect on sending sync data"
"GRM_GuildSync.lua","5032","GRMsync.BuildBanNamesForSync()","Builds the full names DB to send the ban packets - only sending my data for names that don't match up","Sync efficiency."
"GRM_GuildSync.lua","5156","GRMsync.ErrorCheck( boolean , boolean )","On the giver ErrorCD interval, determines if sync has failed by time since last sync action has occcurred. 0","To exit out the sync attempt and retry in an efficiennt non, time-wasting way."
"GRM_GuildSync.lua","5321","GRMsync.SendQueUpdate()","Sends an update on to each person sync'd with but is an queue","For people to keep tabs on syncing progress"
"GRM_GuildSync.lua","5338","GRMsync.IsPlayerDataSyncCompatible ( string )","Returns true if the given player is ""Ok!"" to sync with","Useful in certain occasions to know whether to convey information to user or not."
"GRM_GuildSync.lua","5355","GRMsync.IsPlayerDataSyncCompatibleWithAnyOnline ()","Returns true if any user with the addon installed, not specific, is greenlit ""Ok!"" to sync with","Useful in certain occasions to know whether to convey information. Example: Behind the scenes there is a sync leader, if the sync leader is not set"
"GRM_GuildSync.lua","5372","GRMsync.ReportAuditMessage()","Reports a Message to chat indicating how much of the GRM profile data is complete on members of the whole guild","Useful report to act as a reminder after sync completes."
"GRM_GuildSync.lua","5395","GRMsync.InitializeRankRestrictionCheck()","Sets the rank filter level to either be the sync rank, or for all outgoing data, the full number of ranks from the guild, depending on setting","Allow player to control their data sharing."
"GRM_GuildSync.lua","5407","GRMsync.InitiateDataSync()","Begins the sync process going through the sync que","To Sync data!"
"GRM_GuildSync.lua","5509","GRMsync.SubmitFinalJoinDateData ( int , int )","Sends the final Join Date data","Sync Data"
"GRM_GuildSync.lua","5568","GRMsync.SubmitFinalPromoDateData ( int , int )","Sends the final Promote Date data","Sync Data"
"GRM_GuildSync.lua","5630","GRMsync.SubmitFinalAltNoGroupAndMainOnly ( int , int , int )","Sends the final alt details, just the ones not in a group and the ones only as main","Syncing alt data."
"GRM_GuildSync.lua","5735","GRMsync.SubmitFinalAltFullGroups ( int , int , int , int )","Submits the full alt group details","Properly send data"
"GRM_GuildSync.lua","5871","GRMsync.ProcessFinalAltChanges()","Processing the final sync changes","Finalyzing sync changes"
"GRM_GuildSync.lua","5948","GRMsync.UnifyBirthdaysAmongAltGroups()","Unifies the birthdates of the alt groups","Ensures the latest bday data is updated"
"GRM_GuildSync.lua","6021","GRMsync.SubmitFinalCustNoteData( int , int );","Processes the final result of the sync details","Sync data"
"GRM_GuildSync.lua","6108","GRMsync.SubmitFinalBansData ( int , int )","Sends the final ban data","Sync Data"
"GRM_GuildSync.lua","6262","GRMsync.SendDataCompletionMsg()","Sendds the details of how many messages sent","Sync integrity so messages can be resent"
"GRM_GuildSync.lua","6271","GRMsync.SubmitFinalSyncData()","Sends out the mandatory updates to all online (they won't if the change is already there)","So leader can send out current, updated sync info."
"GRM_GuildSync.lua","6288","GRMsync.SubmitFinalBdayData( int , int )","Sends out all of the current birthday info as determined by sync process","Sync birthdate info"
"GRM_GuildSync.lua","6345","GRMsync.SendDataCompletionMsg()","Sendds the details of how many messages sent","Sync integrity so messages can be resent"
"GRM_GuildSync.lua","6354","GRMsync.FinalBdayMessagesVerifiedSendComplete()","It sends the verification back to the Sync leader to confirm end of the sync process","The sync leader is the one who initiates sync completion."
"GRM_GuildSync.lua","6362","GRMsync.FinalSyncComplete()","Completes the sync and moves on to the next player requesting sync who maybe just logged on","Control sync properly."
"GRM_GuildSync.lua","6407","GRMsync.UpdateLeftPlayerInfo ( table )","If a player needs to ban or unban a player, it cannot do so if they are not on their list, as maybe it was a person that left the guild before they had addon installed or before they joined> this fixes the gap","To maintain a ban list properly, even for those who installed the addon later, or joined the guild later. The ""Left Players"" would not have them stored. This syncs that, but ONLY as needed, not all left players"
"GRM_GuildSync.lua","6494","GRMsync.CollectBanData ( string , string )","Collects all of the ban sync data before analysis.","Need to aggregate the data so one only needs to parse through the tables once, rather than on each new piece of info added. Far more efficient."
"GRM_GuildSync.lua","6603","GRMsync.CollectDataPacketsF ( string , string )","Collects the names of all the players sent who the player has no details on and adds to received array","When comparing data this helps determine whose data to accept."
"GRM_GuildSync.lua","6631","GRMsync.CollectData ( string , string )","Collects all of the sync data before analysis.","Need to aggregate the data so one only needs to parse through the tables once, rather than on each new piece of info added. Far more efficient."
"GRM_GuildSync.lua","6665","GRMsync.CollectAltAddData ( string , string )","Compiles the alt ADD data into a temp file","For use of syncing. Need to compile all data from a single player before analyzing it."
"GRM_GuildSync.lua","6758","GRMsync.CollectCustomNoteData ( string , string )","Collects the custom note sync date from currentsyncplayer","To be able to collect for easy parsing the custom note changes on a retroactive sync."
"GRM_GuildSync.lua","6823","GRMsync.CollectBirthdayData ( string )","Collects the Birthday data during a sync","For controlling the flow of sync'd data"
"GRM_GuildSync.lua","6850","GRMsync.CheckingJDChanges()","After receiving ALL of the Join Date info, it parses through and checks for new updates/changes","For syncing the data properly to people if update is needed!"
"GRM_GuildSync.lua","6882","GRMsync.CheckingPDChanges()","After receiving ALL of the Join Date info, it parses through and checks for new updates/changes","For syncing the data properly to people if update is needed!"
"GRM_GuildSync.lua","6914","GRMsync.CheckingALTChanges()","Compares the Leader's data to the received's data","Let's analyze the alt lists to setup for final sync"
"GRM_GuildSync.lua","7087","GRMsync.CheckingCustomNoteChanges()","After receiving ALL of the Join Date info, it parses through and checks for new updates/changes","For syncing the data properly to people if update is needed!"
"GRM_GuildSync.lua","7119","GRMsync.CheckingBANChanges()","After receiving ALL of the Ban info, it parses through and checks for new updates/changes","For syncing the data properly to people if update is needed!"
"GRM_GuildSync.lua","7153","GRMsync.BuildValidatedJoinDatesForSync()","Builds validated join dates after doing prechecks, for changes check","Proper syncing of data."
"GRM_GuildSync.lua","7179","GRMsync.BuildValidatedPromoteDatesForSync()","Builds validated Promote dates after doing prechecks, for changes check","Proper syncing of data."
"GRM_GuildSync.lua","7205","GRMsync.BuildValidatedCustomNotesForSync()","Builds validated Custom Notes after doing prechecks, for changes check","Proper syncing of data."
"GRM_GuildSync.lua","7231","GRMsync.BuildValidatedBdayDatesForSync()","Builds validated Bday dates after doing prechecks, for changes check","Proper syncing of data."
"GRM_GuildSync.lua","7257","GRMsync.BuildValidatedBanProfilesForSync()","Builds validated Ban Profiles after doing prechecks, for changes check","Proper syncing of data."
"GRM_GuildSync.lua","7283","GRMsync.BuildValidatedAltGroupsForSync()","Creates a specialized alt table for sync purposes","Breaking them into categories makes it easier syncing/parsing"
"GRM_GuildSync.lua","7344","GRMsync.CheckingBdayChanges()","Establishes what needs to be kept and what needs to be removed","Controlling the flow of the sync info!"
"GRM_GuildSync.lua","7440","GRMsync.ConvertIntStringToArray ( string )","Converts a long string of ints separated by ? into an array of ints","Parse a string of any size all the ints."
"GRM_GuildSync.lua","7451","GRMsync.ParseAllSeparatedItems ( string , string/char )","Returns a string array of all the items parsed",""
"GRM_GuildSync.lua","7465","CollectMissingMsgRequest ( string )","Collects the request for missing messages",""
"GRM_GuildSync.lua","7482","GRMsync.SendRequestsForMissingMessages ( table , int , bool )","Converts the missing messages list to a string to be able to send.","Sync data integrity... don't need to repeate sync data."
"GRM_GuildSync.lua","7562","GRMsync.SendMissingMessages ( bool , bool , int , int )","Seeds the missing messages in a controlled manner","Sync integrity"
"GRM_GuildSync.lua","7626","GRMsync.SortReceivedMessageIndexes()","Sorts all the indexes received so if therer were missing, it now properly resorts them back","In case I decide it is worth it to cycle back and do a recheck."
"GRM_GuildSync.lua","7635","GRMsync.ValidateReSentMessages()","Validates that all missing messages have been received.","Sync integrity before moving forward."
"GRM_GuildSync.lua","7652","GRMsync.ValidateReSentMessagesFinal()","Validates the messages requested have been received","Data integrity."
"GRM_GuildSync.lua","7668","GRMsync.ValidateReSentMessagesBday ( bool )","Validates messages have arrived after a re-request","Data integrity. Lowers chance of losing data."
"GRM_GuildSync.lua","7694","GRMsync.MessageDeliveryCheck ( string )","Integrity check on received messages and determines if any are lost to request them again","Sync integrity. Critical to know if missing alt groups."
"GRM_GuildSync.lua","7723","GRMsync.MessageDeliveryCheckFINAL ( string )","Integrity check on received messages and determines if any are lost to request them again","Sync integrity. Critical to know if missing alt groups."
"GRM_GuildSync.lua","7747","GRMsync.MessageDeliveryCheckBDAY ( string )","Integrity check on received messages and determines if any are lost to request them again","Sync integrity. Critical to know if missing alt groups."
"GRM_GuildSync.lua","7787","GRMsync.DetermineMissingMessages ( int , table )","Determins which messages are missing...","To ensure all missing messages are received."
"GRM_GuildSync.lua","7831","GRMsync.AnyMessagesMissing ( int , int , int , int , int , int )","Builds the table of all the missing message","Sync integrity. Any lost messages can be sync'd"
"GRM_GuildSync.lua","7903","GRMsync.AnyMessagesMissingFinal ( int , int , int , int )","Builds the table of all the missing message","Sync integrity. Any lost messages can be sync'd"
"GRM_GuildSync.lua","7944","GRMsync.AnyMessagesMissingBDAY ( bool , int , int )","Returns an array for the missing messages of each group as well as total count","To help determine if data was lost in sync and can re-request the data."
"GRM_GuildSync.lua","7983","GRMsync.PreCheckChanges()","Controls the flow of changes. No need to checkForChanges if player has only sent minimal data","A leaner sync algorithm!"
"GRM_GuildSync.lua","8006","GRMsync.CheckChanges ( string )","Checks to see if the received data and the leader's data is different and then adds the most recent changes to update que","Retroactive Sync Procedure fully defined here in this method. MUCH WORK!"
"GRM_GuildSync.lua","8104","GRMsync.ReportSyncCompletion ( string , boolean )","Reports to the chat that the sync is complete a more custom sync message, with the player's name, or more specifically, of all guildies.","Cleaner reporting."
"GRM_GuildSync.lua","8156","GRM.AuditRefreshTracker( bool )","Every 100 updates it sends the audit an update request. Due to sync speed limitations, this is just an internal throttle on updating the audit","Quality of life audit update when syncing."
"GRM_GuildSync.lua","8180","GRMsync.RemoveAltErrorFix( string )","Sends a remove main exception, in case player sends info telling them to add an alt, yet the alt does not exist.","Information control from corrupted, bad, or nefarious data, jarbled old verison. This is to keep me from asking players to reset their data in case it happens."
"GRM_GuildSync.lua","8224","GRMsync.RegisterCommunicationProtocols()","Establishes the channel communication rules for sending and receiving","Need to make rules to get this to behave properly!"
"GRM_GuildSync.lua","8651","GRMsync.BusyMessage ( int )","Reports on the current position in the que","It is important to know why the person's sync is not triggering immediately."
"GRM_GuildSync.lua","8666","GRMsync.DataRequestStart()","Initializes eveyrthing necessary for error check controls","Compartmentalizes the main prefix message function for comms."
"GRM_GuildSync.lua","8702","GRMsync.BuildSyncNetwork()","Step by step of my in-house sync algorithm custom built for this addon. Step by step it goes!","Control the work-flow of establishing the sync infrastructure. This will not maintain it, just builds the initial rules and the server-side channel of communication between players using the addon. Furthermore, by compartmentalizing it, it controls the flow of actions allowing a recursive check over the algorithm for flawless timing, and not moving ahead until the proper parameters are first met."
"GRM_GuildSync.lua","8748","GRMsync.Initialize()","Houses the initial configuration of the sync process","Act as gatekeeper for sync"
"GRM_HC.lua","46","GRM.GetParsedJoinPlayerName ( string )","Parses out the player name from the death report all 11 clients","To live determine the name of the player that died"
"GRM_HC.lua","53","HC.LogDeath ( string )","Logs the death of the player","Ensure accurate time reporting of a player's death."
"GRM_HC.lua","81","HC.SetPlayerAsDeadByGUID ( string , int , string , string )","Finds a player in the roster by GUID, then updates their note and sets them to being dead.","Handling the situation of double copies of players still in the guild because of name copies"
"GRM_HC.lua","99","HC.ConvertLastOnlineHoursToTimestamp ( int )","It converts the last online hours into an actual standard date formatted timestamp.","Useful for tagging dead players in HC mode when it is determined the toon is dead/deleted."
"GRM_HC.lua","112","HC.ExportDeathTag ( string , table )","Exports the death tag to the player note","Report on when a player dies... Useful since there is not UI Interface"
"GRM_HC.lua","196","HC.ReportDeathToLog ( string , string , int , table )","Adds to the log when a player days","Death reporting feature."
"GRM_HC.lua","216","HC.GatherAllDeaths ( [ int , int ] )","Returns table of every player death","For player reporting and tracking."
"GRM_HC.lua","259","GRM_UI.GetAllDeathsSorted()","Collects all of the hardcore deaths and then sorts them","For export reasons..."
"GRM_HC.lua","279","GRM_UI.VerifyIfHCChannelsEnabled()","Verifies the hardcore death channel is enabled, due to the event listening change in 1.15.2, and if not, an option to enable it.","This entire feature can only work if this is enabled."
"GRM_Hyperlinks.lua","8","HL.InitializeHyperlinks()","Iniitializes the chat window to support hyperlinks","Create a way to set hyperlinks so players can easily access some GRM features by clicking the chat window on occasion."
"GRM_Hyperlinks.lua","28","HL.GenerateHyperlink ( string , string , [string] , string , [string] )","Returns a hyperlink of text built with your parameters.","Useful for custom actions through hyperlinks in chat."
"GRM_Hyperlinks.lua","51","HL.HyperlinkClick ( ... )","Activates the action of the hyperlink clicked for all GRM hyperlinks.","Quality of life for GRM"
"GRM_Localization.lua","84","GRML.GetFontNameFromLocation ( string )","Parses out the name of the font from the file","To be able to identify any font..."
"GRM_Localization.lua","153","GRM.ConfigureAlternativeSlashCommands()","Allows the creation of custom slash command.","Localization reasons."
"GRM_Localization.lua","168","GRML.SetNewLanguage ( int , boolean , boolean )","It establishes both the appropriate region font, and a modifier for the Mandarin text","To be able to have an in-game UI option to change the player language."
"GRM_Localization.lua","195","GRML.SetFontModifier()","Since different custom fonts represent font height differently, this normalizes the fonts, relatively close","Consistency, as some fonts would be super tiny otherwise."
"GRM_Localization.lua","227","GRML.SetNewFont( int )","Establishes a new font","More player customization controls!!!"
"GRM_Localization.lua","239","GRML.GetFontChoice() -- Not necessary for the most part as I can use ""STANDARD_TEXT_FONT"" - but, just in case...","Selects the proper font for the given locale of the addon user.","To ensure no ???? are in place and all characters are accounted for."
"GRM_Localization.lua","272","GRML.GetNumberUntranslatedLines ( int )","It returns the number of language lines that need to be translated","To help reach out to the community to build an effort for crowdsupport for translation efforts."
"GRM_Localization.lua","288","LOC.ReprocessStrings()","Reprocesses On Demand loaded strings","Assist in localization on the fly. Houses all string reprocess functions."
"GRM_Log.lua","9","Log.AddPromotionDateTempLogEntry ( bool , string , string , string , string , array )","","By adding all the metadata the string can be re-processed if the player changes their preferred date format or language."
"GRM_Log.lua","18","Log.AddDemotionDateTempLogEntry ( bool , string , string , string , string , array )","","By adding all the metadata the string can be re-processed if the player changes their preferred date format or language."
"GRM_Log.lua","27","Log.AddLeveledTempLogEntry ( string , int , int , int , array , bool )","","By adding all the metadata the string can be re-processed if the player changes their preferred date format or language."
"GRM_Log.lua","36","Log.AddNoteTempLogEntry ( string , string , string , array )","","By adding all the metadata the string can be re-processed if the player changes their preferred date format or language."
"GRM_Log.lua","44","Log.AddOfficerNoteTempLogEntry ( string , string , string , array )","","By adding all the metadata the string can be re-processed if the player changes their preferred date format or language."
"GRM_Log.lua","52","Log.AddInactiveReturnTempLogEntry ( string , string , string , array )","","By adding all the metadata the string can be re-processed if the player changes their preferred date format or language."
"GRM_Log.lua","60","Log.AddNameChangeTempLogEntry ( string , string , string , array )","","By adding all the metadata the string can be re-processed if the player changes their preferred date format or language."
"GRM_Log.lua","68","Log.AddBanRejoinEntry ( ... )","","By adding all the metadata the string can be re-processed if the player changes their preferred date format or language."
"GRM_Log.lua","82","Log.AddNormalRejoinEntry ( ... )","","By adding all the metadata the string can be re-processed if the player changes their preferred date format or language."
"GRM_Log.lua","97","Log.AddJoinEntry ( bool , string , string , array , bool , int )","","By adding all the metadata the string can be re-processed if the player changes their preferred date format or language."
"GRM_Log.lua","106","Log.AddEventEntry ( int , string , string , int , bool , string , array , int )","","By adding all the metadata the string can be re-processed if the player changes their preferred date format or language."
"GRM_Log.lua","117","Log.AddHardcoreDeathEntry ( int , string , string , int , int , int , int )","Adds an entry for reporting to the log on Hardcore Mode deaths","Enable reporting to the log"
"GRM_Log.lua","125","Log.AddRankRenameEntry ( int , string , string , array )","","By adding all the metadata the string can be re-processed if the player changes their preferred date format or language."
"GRM_Log.lua","133","Log.AddEventRecommendKickTempLogEntry ( string , int , array , array )","","By adding all the metadata the string can be re-processed if the player changes their preferred date format or language."
"GRM_Log.lua","141","Log.AddEventRecommendPromotionLogEntry ( string , int , array , array )","","By adding all the metadata the string can be re-processed if the player changes their preferred date format or language."
"GRM_Log.lua","150","Log.AddEventRecommendDemotionLogEntry ( string , int , array , array )","","By adding all the metadata the string can be re-processed if the player changes their preferred date format or language."
"GRM_Log.lua","158","Log.AddEventRecommendSpecialLogEntry ( int , array )","","By adding all the metadata the string can be re-processed if the player changes their preferred date format or language."
"GRM_Log.lua","166","Log.AddLeftOrKickEntry ( string , bool , string , array , array , string , string , string , array , bool )","","By adding all the metadata the string can be re-processed if the player changes their preferred date format or language."
"GRM_Log.lua","178","Log.AddLog( list , string )","Adds a simple list to the Logreport that includes the indexcode for color, and the included changes as a string","For ease in adding to the core log."
"GRM_Macro_Tool.lua","199","GRM_UI.SetRankNamesToCustomRuleCheckButtons( int , bool )","Sets all the custom rules checkbox to the rank names","Keep rank names set properly."
"GRM_Macro_Tool.lua","1137","GRM_R.SelectAllRuleLogic ( buttonLogic )","Activates and Deactivates all the rules in that category","Quality of life convenience to enable or disable all rules."
"GRM_Macro_Tool.lua","1234","GRM_UI.LoadToolFrames ( boolean )","Holds the load of all frames unless ""OnShow"" of the GRM_ToolCoreFrame for compartmentalized rebuilding.","More efficient resource use, also, a need to recall and reload the frames if on a language or font/font size change."
"GRM_Macro_Tool.lua","1309","GRM_Macro.CustomMessageToPlayerNote()","Checks if any custom messages need to be add to player notes","Demote rule fulfillment"
"GRM_Macro_Tool.lua","2276","GRM_UI.ConfigureToolTab()","Locks the selected tab highlighted","UX feature"
"GRM_Macro_Tool.lua","2519","GRM_R.SetRuleCheckedStatus()","Returns a numeric indication of the rule status for checkbox quality logic","I need to know how to set the Enable all or Disable all checkbox"
"GRM_Macro_Tool.lua","3103","GRM_UI.SetRankCustomRuleFilters()","Applies the custom rules selected ranks","Set the rules properly as they are used."
"GRM_Macro_Tool.lua","3134","GRM_UI.SetDefaultRankFilters()","Sets all the default rules to true and puts all the buttons as checked, even though they are disabled",""
"GRM_Macro_Tool.lua","3186","GRM_UI.EnableCustomSelectionOfRanks()","Activates the checkboxes so individual ranks can be selected.","Allow custom rank filtering."
"GRM_Macro_Tool.lua","3212","GRM_UI.DisableLevelSelectionEditBoxes()","Disables editing of this feature in the controls","Easier UX controls"
"GRM_Macro_Tool.lua","3224","GRM_UI.EnableLevelSelectionEditBoxes()","Enables editing of this feature in the controls","Easier UX controls"
"GRM_Macro_Tool.lua","3236","GRM_UI.EnableRankActivityFrames()","Activates the rule frames as needed","UI quality of life"
"GRM_Macro_Tool.lua","3256","GRM_UI.DisableRankActivityFrames()","Disabled certain rule frame UI features as needed","UI quality of life"
"GRM_Macro_Tool.lua","3275","GRM_UI.ConfigureRankCheckBoxesPromoteAndDemote()","Configures the checkboxes UX experience to adapt over for promotions/demotions","UX"
"GRM_Macro_Tool.lua","3337","GRM_UI.ConfigureCustomRuleKickFrame ( bool , string , bool  )","Configures the values of all the buttons on the custom rules creation window","Keep rules settings displayed properly."
"GRM_Macro_Tool.lua","3777","GRM_UI.ConfigureCustomRulePromoteAndDemoteFrame ( bool , string , bool )","Configures the values of all the buttons on the custom rules creation window","Keep rules settings displayed properly."
"GRM_Macro_Tool.lua","4414","GRM_UI.ConfigureCustomRulePromoteFrame ( bool , string )","Configures the values of all the buttons on the custom rules creation window","Keep rules settings displayed properly."
"GRM_Macro_Tool.lua","4930","GRM_UI.PopulateScaleSelectionDropDown()","Creates a dropdown window for the GRM tool to allow player to select whether to choose months or days in terms of time passed.","Greater flexibility and control to the player"
"GRM_Macro_Tool.lua","4999","GRM_UI.PopularGuildOrRankDropDown()","Creates a dropdown window for the GRM tool rule for promotions on since last rank or since join","Greater flexibility and control to the player"
"GRM_Macro_Tool.lua","5200","GRM_UI.PopulateActivityScaleSelectionDropDown()","Creates a dropdown window for the GRM tool to allow player to select whether to choose months or days in terms of time passed.","Greater flexibility and control to the player filter rules"
"GRM_Macro_Tool.lua","5314","ConfigureMythicDropDownSymbols()","Configures the dropdown menu to accomadate some operators that don't make sense at the edges","Quality of Life settings control"
"GRM_Macro_Tool.lua","5433","ConfigureDropDownSymbols()","Configures the dropdown menu to accomadate some operators that don't make sense at the edges","Quality of Life settings control"
"GRM_Macro_Tool.lua","6348","GRM_UI.ModifyRuleUI()","Adjusts the positioning of the main rules selection filters window and various frames to adjust for kick, promote, and demote filters",""
"GRM_Macro_Tool.lua","6625","GRM_UI.RefreshToolPermissionReport()","Rebuilds the permissions text","UX"
"GRM_Macro_Tool.lua","6654",":         GRM.BuildCustomKickEntries(table)","Creates a list of players to be fed kicked - You can feed it ANY names and it will build the list","Custom use of the macro tool."
"GRM_Macro_Tool.lua","6700",":         GRM.BuildCustomPromoteEntries(table , bool , tableButton)","Creates a list of players to be fed to be promoted - You can feed it ANY names and it will build the list","Custom use of the macro tool."
"GRM_Macro_Tool.lua","6755",":         GRM.BuildCustomDemoteEntries ( table , bool , tableButton)","Creates a list of players to be fed to be Demoted - You can feed it ANY names and it will build the list","Custom use of the macro tool."
"GRM_Macro_Tool.lua","6809","GRM.StartQueuedEntriesScan()","Initiates an async scan for the currently selected rule tab.","To populate GRM_UI.GRM_ToolCoreFrame.QueuedEntries asynchronously."
"GRM_Macro_Tool.lua","6914","GRM.GetListOfQueuedNames()","Returns the list of names in the qued list.","So the player can easily export the names as needed."
"GRM_Macro_Tool.lua","6927","GRM.SetKickQueuedValues ( int , int )","Builds the values of the given line in the window","Quality of life feature."
"GRM_Macro_Tool.lua","6966","GRM.KickQueuedHybridShiftDown()","Shifts all the values DOWN one line to give the illusion of scrolling when in reality this is just a hybrid scrollframe","Clean scrolling"
"GRM_Macro_Tool.lua","6995","GRM.KickQueuedHybridShiftUp()","Shifts all the values up one line to give the illusion of scrolling when in reality this is just a hybrid scrollframe","Clean scrolling"
"GRM_Macro_Tool.lua","7022","GRM.KickQueuedSetLastValue()","Sets the last value of the hybridscrollframe backups at position 16","Clean scrolling"
"GRM_Macro_Tool.lua","7029","GRM.KickQueuedSetFirstValue()","Sets the first value of the hybridscrollframe backups at position 1","Clean scrolling"
"GRM_Macro_Tool.lua","7036","GRM.GetToolTipLine ( table )","Constructs a string based on the rule info, for a tooltip","UX"
"GRM_Macro_Tool.lua","7085","GRM.UpdateQueuedTooltip ( int )","Sets the tooltip for the Queued scrollframe in the GRM kick tool","Make it clear the QoL controls."
"GRM_Macro_Tool.lua","7177","GRM.TriggerKickQueuedWindowRefresh()","Refreshes the GRM Kick Tool's Queued window after hiding the tooltip","Prevent code bloat for something with repeated use."
"GRM_Macro_Tool.lua","7189","GRM.ClearQuedAndMacroFrames()","Quickly clears the existing frames so that they can be reloaded","Useful for async calls so people don't press any buttons whilst brief async function runs"
"GRM_Macro_Tool.lua","7299","GRM.InitializeQuedScrollFrame( bool , bool , table )","Updates the Queued scrollframe as needed. Handles async data fetching.","UX of the GRM mass kick tool"
"GRM_Macro_Tool.lua","7325","GRM.BuildKickQueuedScrollButtons ( int , boolean )","Initiates the buttons and their values for each line of the Queued window of the GRM kick tool's hybridscrollframe","Create a smooth scrolling experience in the GRM kick window"
"GRM_Macro_Tool.lua","7395","GRM.IsMouseStillOverAnyButton ( array )","Returns true if the mouse is still over anothe button in the hybridscrollframe",""
"GRM_Macro_Tool.lua","7415","GRM.IsAnyMacroHighlighted()","It scans t hrough the macros and reports true if any are selected and the number of selected","To adjust the text statement of the button."
"GRM_Macro_Tool.lua","7432","GRM.SetMacroButtonText()","Determines which text messages needs to be set to the button text.","UX quality of life."
"GRM_Macro_Tool.lua","7452","GRM.IsNameBlacklisted ( string )","Returns true if name is on the temp blacklisted list as it has been removed from the macro build.","Keep the purge macro names from being rebuilt into the macro, for this session of the window being open."
"GRM_Macro_Tool.lua","7468","GRM.GetMacroEntries ()","Determines which grouping to import","Proper sorting of players in the guild to be added to the mass kick tool"
"GRM_Macro_Tool.lua","7539","GRM.GetMacroCountForPromoteAndDemote()","Returns the count of the number of times a macro needs to be hit","To inform the player how many times macro must be hit."
"GRM_Macro_Tool.lua","7631","GRM.IsMacroActionComplete()","Checks if any names on the qued list are not blacklist and if so, they are still going to be built into the macro list, thus we know it is not complete","Useful to know when all macro actions have compelted to do a verification they reached destination ranks"
"GRM_Macro_Tool.lua","7645","GRM.PurgeMacrodNames()","Removes the names just macro'd from the list","Rebuild the macros ASAP!"
"GRM_Macro_Tool.lua","7670","GRM.ValidateMacroRecordingSuccess ( bool )","Checks if all of the rank changes matched their destination rank, if not, rescans the roster for changes","To ensure integrity of the roster"
"GRM_Macro_Tool.lua","7713","GRM.SetMacroValues ( int , int )","Builds the values of the given line in the window","Quality of life feature."
"GRM_Macro_Tool.lua","7737","GRM.KickMacrodHybridShiftDown()","Shifts all the values DOWN one line to give the illusion of scrolling when in reality this is just a hybrid scrollframe","Clean scrolling"
"GRM_Macro_Tool.lua","7778","GRM.KickMacrodHybridShiftUp()","Shifts all the values up one line to give the illusion of scrolling when in reality this is just a hybrid scrollframe","Clean scrolling"
"GRM_Macro_Tool.lua","7818","GRM.KickMacrodSetLastValue()","Sets the last value of the hybridscrollframe backups at position 16","Clean scrolling"
"GRM_Macro_Tool.lua","7825","GRM.KickMacrodSetFirstValue()","Sets the first value of the hybridscrollframe backups at position 1","Clean scrolling"
"GRM_Macro_Tool.lua","7832","GRM.UpdateMacrodTooltip()","Sets the tooltip for the Macrod scrollframe in the GRM kick tool","Make it clear the QoL controls."
"GRM_Macro_Tool.lua","7849","GRM.RemoveNamesFromMacroEntries()","Cleans up the macro as needed","UX features for easier use."
"GRM_Macro_Tool.lua","7864","GRM.RMM()","Resets Macro","Clear the macro after each use so it can be rebuilt - prevents double use of macro by spam clicking."
"GRM_Macro_Tool.lua","7872","GRM.BuildMacrodScrollFrame( bool , bool )","Updates the Macrod scrollframe as needed","UX of the GRM mass kick tool"
"GRM_Macro_Tool.lua","7989","GRM.GetHotKeyRecommendationScript ( int )","Gets the proper hotkey message to the player based on the type of macro action, and if plural or singular form","Quality of life and properly grammatic messaging."
"GRM_Macro_Tool.lua","8005","GRM.ResetToolMacrodHighlights()","Unlocks all the highlights","GRM special tool UX"
"GRM_Macro_Tool.lua","8020","GRM.BuildKickMacrodScrollButtons ( int , boolean )","Initiates the buttons and their values for each line of the Macrod window of the GRM kick tool's hybridscrollframe","Create a smooth scrolling experience in the GRM kick window"
"GRM_Macro_Tool.lua","8117","GRM.HowManySafeListsIsPlayerOn ( player )","Returns true of the player is on the safe list of","UI control on the mouseover button tooltip"
"GRM_Macro_Tool.lua","8132","GRM.IsAnyIgnoredHighlighted()","It scans through the Ignored List and reports true if any are selected and the number of selected","To adjust the text statement of the button."
"GRM_Macro_Tool.lua","8149","GRM.SetIgnoredButtonText()","Determines which text messages needs to be set to the Clear Ignored Text","UX quality of life."
"GRM_Macro_Tool.lua","8182","GRM.ResetIgnoredHighlights()","Unlocks all the highlights","GRM special tool UX"
"GRM_Macro_Tool.lua","8197","GRM.GetIgnoredEntries ()","Determines which grouping to import","Proper sorting of players in the guild to be added to the GRM Tool"
"GRM_Macro_Tool.lua","8221","GRM.RemoveHighlightedPlayersFromIgnoredList()","Removes the highlights from the selected names, and sets them to no longer be ignored, and then rebuilds teh frames with that data.","Ability to manage ignore list in mass."
"GRM_Macro_Tool.lua","8262","GRM.ClearAllPlayersFromIgnoreList()","Removes all players from the ignore list","Ease of allowing the player to easily remove all from the ignore list."
"GRM_Macro_Tool.lua","8302","GRM.GetNumIgnored()","Returns the count of total ignored people","To determine the number ignored for UI purposes."
"GRM_Macro_Tool.lua","8321","GRM.IsAnyIgnored()","Returns true if at least one can be ignored - easy check rather than relying on a full count","UX"
"GRM_Macro_Tool.lua","8341","GRM.GetOnlySafePlayersWithIgnoredAction()","Returns the list of players in a proper format for compatibility","Transition these useful lists to the ignored window frames, more for programming ease."
"GRM_Macro_Tool.lua","8359","GRM.SetIgnoredValues ( int , int )","Builds the values of the given line in the window","Quality of life feature."
"GRM_Macro_Tool.lua","8388","GRM.IgnoredHybridShiftDown()","Shifts all the values DOWN one line to give the illusion of scrolling when in reality this is just a hybrid scrollframe","Clean scrolling"
"GRM_Macro_Tool.lua","8430","GRM.IgnoredHybridShiftUp()","Shifts all the values up one line to give the illusion of scrolling when in reality this is just a hybrid scrollframe","Clean scrolling"
"GRM_Macro_Tool.lua","8470","GRM.IgnoredSetLastValue()","Sets the last value of the hybridscrollframe","Clean scrolling"
"GRM_Macro_Tool.lua","8477","GRM.IgnoredSetFirstValue()","Sets the first value of the hybridscrollframe","Clean scrolling"
"GRM_Macro_Tool.lua","8484","GRM.UpdateQueuedTooltip()","Sets the tooltip for the Queued scrollframe in the GRM kick tool","Make it clear the QoL controls."
"GRM_Macro_Tool.lua","8545","GRM.TriggerIgnoredQueuedWindowRefresh()","Refreshes the GRM Tool's Ignored window after hiding the tooltip","Prevent code bloat for something with repeated use."
"GRM_Macro_Tool.lua","8563","GRM.BuildIgnoredScrollFrame( bool , bool )","Updates the Ignored scrollframe as needed","UX of the GRM mass kick tool"
"GRM_Macro_Tool.lua","8641","GRM.BuildIgnoredScrollButtons ( int , boolean )","Initiates the buttons and their values for each line of the Ignored List window","Create a smooth scrolling experience in the GRM Ignored window"
"GRM_Macro_Tool.lua","8727","GRM.GetRulesCount( integer )","Returns the number of rules that already exist","So it can be determined with rule number is being added"
"GRM_Macro_Tool.lua","8744","GRM.RemoveRuleButtonLogic ( string , string )","Removes the given rule","Control over adding and removing rules."
"GRM_Macro_Tool.lua","8759","GRM.AdjustRuleNumbers ( string , string , int )","Adjusts the given rule number","Auto-adjust the rule numbers when deleting to keep them properly sorted"
"GRM_Macro_Tool.lua","8784","GRM.GetKickRule()","Returns the given rule by name","To easily be able to edit the existing rule"
"GRM_Macro_Tool.lua","8791","GRM.GetPromoteRule()","Returns the given rule by name","To easily be able to edit the existing rule"
"GRM_Macro_Tool.lua","8798","GRM.GetDemoteRule()","Returns the given rule by name","To easily be able to edit the existing rule"
"GRM_Macro_Tool.lua","8805","GRM_Macro.GetSpecialRule()","Returns the given rule by name","To easily be able to edit the existing rule"
"GRM_Macro_Tool.lua","8812","GRM.ChangeRuleName ( string , string , string )","Copies the old rule and sets the new one.","Allow the editing of the rule names"
"GRM_Macro_Tool.lua","8821","GRM_Macro.GetMacroRuleGUID ( table )","Builds an integer value for GUID, stores it as a string.","Building a unique GUID for the rule will allow easier syncing on the rule between players without needing to cross check all values"
"GRM_Macro_Tool.lua","8828","GRM.BuildNewKickRuleTemplate( string , int )","Creates a new rules template to be added on confirmation","To easily add new rules."
"GRM_Macro_Tool.lua","8901","GRM.BuildNewPromoteOrDemoteRuleTemplate( string , int )","Creates a new rules template to be added on confirmation","To easily add new rules."
"GRM_Macro_Tool.lua","8991","GRM_Macro.BuildNewSpecialRuleTemplate ( int , string , int )","Builds the special rule template based on the the rule type and returns it.","Easily call new copies of the rules"
"GRM_Macro_Tool.lua","9045","GRM.ValidateRule ( table )","Returns true of the rule contains all of the expected variables in their proper form.","To ensure integrity of the rules."
"GRM_Macro_Tool.lua","9075","GRM.RuleIntegrityCheck()","Scans through all the rules for the macro tool of a player and reports anything wrong, but updates the rule","Prevent lua errors and maintain integrity of the macro rules."
"GRM_Macro_Tool.lua","9086","GRM.IsAnyInTableEnabled ( table )","Takes a boolean 1D array and returns true as long as one value in the array is true","Universal use for multi table checks on the custom rules window"
"GRM_Macro_Tool.lua","9099","GRM.AreAllEnabled( table )","If any of the results are NOT enabled it returns false","UX controls for the custom rules"
"GRM_Macro_Tool.lua","9152","GRM_UI.IsSpecialRuleReady()","When a player hits confirm on the new special rule, it validates it and returns false with reason why if not valid.","Ensure consistency and integrity of data."
"GRM_Macro_Tool.lua","9179","GRM.RulesIntegrityCheck ( int )","Does a quick integrity check on the rule makes sure it is good for us. This will be expanded upon","Ensure integrity of data due to syncing."
"GRM_Macro_Tool.lua","9190","GRM.GetRuleEntries ( int )","Determines which rule grouping to import","Proper sorting of players in the guild to be added to the mass kick tool"
"GRM_Macro_Tool.lua","9225","GRM.ClearRuleHighlights()","Clears the highlights when loading and refreshing the rules each time it is edited.","Clean UX"
"GRM_Macro_Tool.lua","9235","GRM.ClearRuleHighlightsButGiven ( frame )","Clears the highlights of all the buttons that were NOT clicked","Clean UX"
"GRM_Macro_Tool.lua","9250","GRM.IsRuleHighlighted()","Returns true if any of the rules are highlighted","UX controls"
"GRM_Macro_Tool.lua","9269","GRM.ShiftRuleUp ( string )","As it says, shifts the rule up in the rule list","Custom organization of the rules list"
"GRM_Macro_Tool.lua","9295","GRM.ShiftRuleDown( string )","As it says, shifts the rule up in the rule list","Custom organization of the rules list"
"GRM_Macro_Tool.lua","9321","GRM_UI.GetRankRestrictionReport()","Creates Restriction Report for limits of your officer permissions at rank","Easier to report on the player and help them know why they can't do something."
"GRM_Macro_Tool.lua","9346","GRM.BuildRuleButtons ( int , boolean , int )","Initiates the buttons and their values for each line of the Rules window of the GRM macro tool's hybridscrollframe","Create a smooth scrolling experience in the GRM macro tool window"
"GRM_Macro_Tool.lua","9569","GRM.BuildRulesScrollFrame( bool , bool )","Updates the Rules scrollframe as needed","UX of the GRM mass kick tool"
"GRM_Macro_Tool.lua","9665","GRM.SetRuleValues ( int , int )","Builds the values of the given line in the window","Quality of life feature."
"GRM_Macro_Tool.lua","9704","GRM.KickRulesHybridShiftDown()","Shifts all the values DOWN one line to give the illusion of scrolling when in reality this is just a hybrid scrollframe","Clean scrolling"
"GRM_Macro_Tool.lua","9752","GRM.KickRulesHybridShiftUp()","Shifts all the values up one line to give the illusion of scrolling when in reality this is just a hybrid scrollframe","Clean scrolling"
"GRM_Macro_Tool.lua","9798","GRM.KickRulesSetLastValue()","Sets the last value of the hybridscrollframe backups at position 16","Clean scrolling"
"GRM_Macro_Tool.lua","9805","GRM.KickRulesSetFirstValue()","Sets the first value of the hybridscrollframe backups at position 1","Clean scrolling"
"GRM_Macro_Tool.lua","9812","GRM.GetRanksIncludedInFilter ( table )","Returns the name of all the ranks currently being filtered","Custom rule UX controls."
"GRM_Macro_Tool.lua","9830","GRM.UpdateRulesTooltip()","Sets the tooltip for the Queued scrollframe in the GRM kick tool","Make it clear the QoL controls."
"GRM_Macro_Tool.lua","10038","GRM.UpdateSpecialRulesTooltip( int )","Sets the tooltip for the Queued scrollframe in the GRM kick tool","Make it clear the QoL controls."
"GRM_Macro_Tool.lua","10120","GRM.HasTimeExceededDate ( string , int )","Returns true if the player is ready for a rank change based on time passed","Scanning for changes on promotions and demotions"
"GRM_Macro_Tool.lua","10132","GRM.GetSingularOrPluralFormattingForMacroToolMsg ( bool , int , bool )","Returns the proper string before it is translated.","To handle plural and singular formats as a quality of life feature."
"GRM_Macro_Tool.lua","10159","GRM.GetToolTipMessageForInGuildMessage ( bool , int , bool )","Returns the proper string before it is translated.","To handle plural and singular formats as a quality of life feature."
"GRM_Macro_Tool.lua","10550","GRM_UI.GetYourOwnAltHighestRank()","Gets your own toons highest rank","Parallel macro reporting for what your toon can do vs your highest ranked toon."
"GRM_Macro_Tool.lua","10601","GRM_UI.PlayerCanBeMoved ( int , int , int , bool , table )","Returns true if player can move more than 0 positions, and it is for promotion or demotion","Determine if they can be moved and then return how many ranks, as when promoting with the macro tol you can only move 1 rank at a time."
"GRM_Macro_Tool.lua","10627","GRM.GetKickNamesByFilterRulesChunk (table, number, number, boolean|nil, table|nil)","Gets the names that adhere to the given rules for a specific chunk of players,","To populate kick recommendations for ScanRecommendationsList_Async and provide counts for tools."
"GRM_Macro_Tool.lua","10878","GRM.GetPromoteAndDemoteNamesByFilterRulesChunk(ruleTypeIndex, allPlayerNamesSorted, startIndex, chunkSize, includeHigherAlt, highest)","Collects promote/demote recommendations for a chunk, optionally considering higher alts.","For ScanRecommendationsList_Async and tool counts."
"GRM_Macro_Tool.lua","11178","GRM_UI.GetNamesBySpecialRulesChunk(allPlayerNamesSorted, startIndex, chunkSize, includeHigherAlt, highest)","Returns special rule matches for a chunk, optionally considering higher alts.","For ScanRecommendationsList_Async and tool counts."
"GRM_Macro_Tool.lua","11351","GRM.GetKickNamesByFilterRules ( bool , table )","Gets the names that adhere to the given rules","To populate the macro tool"
"GRM_Macro_Tool.lua","11663","GRM.GetPromoteAndDemoteNamesByFilterRules( ind , bool , table )","Collects the names of all the players who match the given rule","Macro Tool use"
"GRM_Macro_Tool.lua","12015","GRM_UI.GetNamesBySpecialRules( bool , table )","Returns the list of players that match the ""special"" rules","Allow the creation of rather unique rules."
"GRM_Macro_Tool.lua","12163","GRM_Macro.GetJumpsMsg ( int , int )","Returns the string message based on number of ranks to move up or down","Special macro tool - clear messaging on tooltip"
"GRM_Macro_Tool.lua","12186","GRM_Macro.GetFullDatabaseAltsWithMain()","Returns a table with the names of all mains, with all their alts underneath","Useful when checking special rules for syncing alt to main rank or designated."
"GRM_Macro_Tool.lua","12221","GRM.SortAltsUnderMain ( table )","Sorts all of the people in the macro tool to be mains, with alts underneath them","Quality of life sorting when looking at the macro tool"
"GRM_Macro_Tool.lua","12320","GRM.RefreshAllMacroToolFrames()","Triggers a refresh of ALL the hybridscrollframes and features of the GRM Macro tool","UX"
"GRM_Macro_Tool.lua","12333","GRM.GetSafePlayers()","Returns the number of players that are set to be ignored on the recommendations macro","It is good to know the count for visual reasons"
"GRM_Macro_Tool.lua","12362","GRM.GetReasonIgnoredMsg ( int , int , int )","Returns the string reason an action cannot occur on the ignore list","To help the player understand why another player cannot be removed."
"GRM_Macro_Tool.lua","12380","GRM.GetHigherRankCountMessage()","Sets the text message if there are actions to do on an alt.","Extra information for player"
"GRM_Macro_Tool.lua","12414","GRM.RefreshMacroToolRuleCount()","Refreshes the UI text count on the macro tool","Update frames on the fly"
"GRM_Macro_Tool.lua","12482","GRM.GetCountOfNamesBeingFilteredScan(function)","Initiates an asynchronous scan to count rule matches.","To get counts for UI elements without blocking."
"GRM_Macro_Tool.lua","12682","GRM.RuleCountsFrameHandler()","Flag control handler for text refresh if using this function with the macro tool","Only refresh the frames IF using macro tool."
"GRM_Macro_Tool.lua","12695","GRM.GetCachedRuleCounts()","Returns the most recently calculated/cached counts.","For immediate UI needs if async update is too slow or not required."
"GRM_Macro_Tool.lua","12721","GRM_UI.UpdateToolButtonText(int,int,int,int,int,int,int,int)","This is the callback that updates the button text once counts are available.","To be called by GRM.GetCountOfNamesBeingFilteredScan upon completion."
"GRM_Macro_Tool.lua","12747","GRM_UI.RefreshToolButtonsOnUpdate_Async( bool , bool )","For the ""OnUpdate"" script handler or triggered manually.","To initiate count refresh for the tool button."
"GRM_Macro_Tool.lua","12787","GRM_UI.InitializeToolsUI()","Controls flow of initializing the frames so they can be used on demand","Keep UI on-demand."
"GRM_Macro_Tool.lua","12806","GRM_UI.RefreshManagementTool( table )","Refreshes the management tool","Compartmentalize the refresh details."
"GRM_Macro_Tool.lua","12825","GRM_UI.RefreshManagementToolDelay()","Holds functions to load AFTER async actions","Control load of frames efficiently."
"GRM_Macro_Tool.lua","12848","GRM_UI.NonAsyncRefresh()","Builds the macro automatically for custom group so it is ready to go","Quality of life for quick right-click actions on the roster"
"GRM_Macro_Tool.lua","12863","GRM_UI.LoadRulesUI()","Rebuilds the options settings... for kick rules","UX easily on call, can be recalled with a rank change too."
"GRM_Macro_Tool.lua","12871","GRM_UI.FullMacroToolRefresh()","Triggers a full refresh of ALL frames, like if the player creates and adds a new rule it will reprocess all","Quality of life, live updating of the UI as changes are made."
"GRM_Macro_Tool.lua","12879","GRM_UI.GRM_ToolCoreFrame()","Handles some on load property controls, if it is a rules load, or you are loading to use the tool for kicking alts or currently banned but still in guild players","UX ease of controls."
"GRM_Macro_Tool.lua","14173","GRM.BuildMacroSyncTooltip()","Builds the tooltip for the sync feature","Information over the macro sync button"
"GRM_Minimap.lua","14","MinimapGRM.MainWindowOpenLogic()","Logic to open GRM's main window from minimap button click","To handle the various conditions for opening GRM's main window, notably I don't want it opening"
"GRM_Minimap.lua","48","MinimapOnEnter( tooltip )","Handles the tooltip display when hovering over the minimap button","To provide users with information about GRM when they hover over the minimap button"
"GRM_Minimap.lua","86","MinimapButtonClick( _ , button )","Handles clicks on the minimap button","To open GRM's main window on left click"
"GRM_Minimap.lua","133","MinimapGRM.CreateCustomMinimapButton()","Creates GRM's custom minimap button without the use of any libraries.","To provide a minimap button for GRM that does not rely on any external libraries."
"GRM_Minimap.lua","188","MinimapGRM.ResetMinimapPositionToDefault()","Sets the minimap icon back to default position.","In case player drags the minimap off screen..."
"GRM_Minimap.lua","318","MinimapGRM.GRM_MinimapButtonInit()","Initializes the minimap button based on user settings and guild status","To set up the minimap button for GRM when the addon is loaded"
"GRM_Minimap.lua","355","MinimapGRM.Hide()","Hides the minimap button, whether custom or LibDBIcon","To provide a way to hide the minimap button when the user chooses to"
"GRM_Minimap.lua","364","MinimapGRM.Show()","Shows the minimap button, whether custom or LibDBIcon","To provide a way to show the minimap button when the user chooses to"
"GRM_Minimap.lua","373","MinimapGRM.SetSelectedMinimap( choice , bool )","Sets the minimap button type based on user choice","To allow users to choose between the custom minimap button or the LibDB"
"GRM_Nicknames.lua","10","NN.CreateNickObject( bool )","Returns a default nickname data object.","To ensure consistent data structures."
"GRM_Nicknames.lua","23","NN.GetNickname ( string )","Returns the nickname based on the global share settings and alt group status.","Centralized getter to handle the logic of individual vs shared nicknames."
"GRM_Nicknames.lua","47","NN.SetNickname ( string , string , string , int , bool )","Sets the nickname to either the player or the group based on settings.","To apply identity changes across the database."
"GRM_Nicknames.lua","119","NN.RemoveNickname ( string , string , array, int , bool )","Clears the nickname from the player and/or the alt group based on settings.","To provide a clean way to purge nicknames while maintaining history/sync integrity."
"GRM_Nicknames.lua","182","NN.IsNicknameFormatValid ( string )","Validates the nickname for length (UTF-8 aware) and ensures no forbidden special characters that might mess up regex parsing.","To prevent UI injection (via pipe character) and ensure compatibility across all localized clients."
"GRM_Patches.lua","16","GRM_Patch.SettingsCheck ( float )","Holds the patch logic for when people upgrade the addon","To keep the database healthy and corrected from dev design errors and unanticipated consequences of code."
"GRM_Patches.lua","1926","GRM_Patch.AddMemberSpecificData ( string , anyVar )","Goes through the entire account wide database and adds the player's metadata a new setting","Reusable function for error work and to avoid on code bloat spam."
"GRM_Patches.lua","1967","GRM_Patch.ModifyMemberSpecificData ( function , bool , bool , bool , object or var )","Goes through the entire account wide database and modifies a player's or guild's metadata based on the actions of the given function","Reusable function for error work and to avoid on code bloat spam."
"GRM_Patches.lua","2026","GRM_Patch.AddOrEditNewMacroSetting( string , string , Any )","Updates a setting as part of a macro rule category","Expanded filters need a rule set!"
"GRM_Patches.lua","2040","GRM_Patch.AddNewSetting ( string , value , function , string )","Creates a new settings value","Be able to add new tools and controls to player."
"GRM_Patches.lua","2058","GRM_Patch.EditSetting ( string , function )","Allows the player to modify an existing setting to a new value given the valueOrLogic function","To be able to retroactively adapt and make changes to the database."
"GRM_Patches.lua","2087","GRM_Patch.ModifyOrAddMacroRuleSetting ( string , string , function or type )","Allows the player to modify an existing setting to a new value given the valueOrLogic function","To be able to retroactively adapt and make changes to the database of macro rules"
"GRM_Patches.lua","2113","GRM_Patch.ManageOldSettingsDB()","Preps settings DB for conversion","Cleanup the ""LoadSettings"" function in GRM_Core as it had a lot of old legacy code. Let's shift it over to patches."
"GRM_Patches.lua","2230","GRM_Patch.ModifyPlayerSetting ( string , function )","Allows the player to modify an existing setting to a new value given the valueOrLogic function","To be able to retroactively adapt and make changes to the database."
"GRM_Patches.lua","2258","GRM_Patch.ModifyOrAddMacroRuleSetting ( string , string , function or type )","Allows the player to modify an existing setting to a new value given the valueOrLogic function","To be able to retroactively adapt and make changes to the database of macro rules"
"GRM_Patches.lua","2281","GRM_Patch.AddPlayerSetting ( string , object , function )","Allows the player to add a new setting to all settings profiles","To be able to retroactively adapt and make changes to the database."
"GRM_Patches.lua","2297","GRM_Patch.PlayerSettingsIntegrityCheck()","Checks for broken player addon settings in relation to some previous errors that could be introduced. Returns a boolean to determine if the player settings need to be rebuilt for that current player","To fix any issues in regards to previous bug."
"GRM_Patches.lua","2321","GRM_Patch.FixClassIncompatibilityBuild()","Activates the popup window to enable wiping and hard restting the addon data due to a previous incompatible load","Resolves issues from players who enabled an outdated version of the addon."
"GRM_Patches.lua","2335","GRM_Patch.RemoveMacroInClassic()","Checks if macro exists and then removes it if it does.",""
"GRM_Patches.lua","2346","GRM.TimeStampToEpoch (timestamp)","Converts a given timestamp: ""22 Mar '17"" into Epoch Seconds time (UTC timezone)","On adding notes, epoch time is considered when calculating how much time has passed, for exactness and custom dates need to include it."
"GRM_Patches.lua","2773","GRM_Patch.AddAutoBackupIndex()","Adds 2 indexes that will be permanently in place for autobackup indexes...","So that the autobackup has a place to be set..."
"GRM_Patches.lua","2787","GRM_Patch.ConfigureAutoBackupSettings()","Establishes Auto Backup settings","For a new feature, all player settings should be set default to 7 days, when the original setting placeholder was 1"
"GRM_Patches.lua","2799","GRM_Patch.ResetAllBackupsPatch()","Wipes all backup data, but then reinitializes an index for each guild","For managing the database of guild backups"
"GRM_Patches.lua","2816","GRM_Patch.CleanupPromoDates()","Parses through all of the guild promo and removes the ""12:01am"" after it...","Some patches previously an erroenous stamping was added, this fixes it."
"GRM_Patches.lua","2842","GRM_Patch.ExpandOptionsType(int,int,int,object)","Expands the number of options settings, and initializes the type","Reusuable for future flexibility on updates."
"GRM_Patches.lua","2882","GRM_Patch.ModifyNewDefaultSetting ( int , object )","Modifies the given setting based on the index point in the settings with the new given setting","To create a universally reusable patcher."
"GRM_Patches.lua","2915","GRM_Patch.FixBrokenLanguageIndex()","Checks if the index value is set to zero, which it should not, but if it is, defaults it to 1 for English","Due to an unforeseen circumstance, the placeholder value of zero, which represents no language, could be pulled before setting was established, thus breaking load."
"GRM_Patches.lua","2952","GRM_Patch.SetProperFontIndex();","Sets the defautl font index to their selected language.","On introduction of the fonts, this sets the font index in the saves properly..."
"GRM_Patches.lua","2967","GRM_Patch.ConfigureMiscForPlayer( string );","Builds a file for tracking active data that can be reference back to on a relog... so as to mark where to carry on from","In case a player logs out in the middle of critical things, both front and backend, it has a marker stored on where to restart from."
"GRM_Patches.lua","2983","GRM_Patch.SetMiscConfiguration()","Configures the new save file by making a uniqe index for each toon already saved","To be able to save a player the headache of incomplete tasks that need a marker on where to carryon from where it was left off."
"GRM_Patches.lua","3000","GRM_Patch.ModifyPlayerMetadata ( int , object , boolean , int )","Allows the player to modify the metadata for ALL profiles in every guild in the database with one method","One function to rule them all! Keep code bloat down."
"GRM_Patches.lua","3054","GRM_Patch.AddPlayerMetaDataSlot ( int , object )","Allows the player to insert into the metadata for ALL profiles in every guild in the database with one method","One function to rule them all! Keep code bloat down."
"GRM_Patches.lua","3115","GRM_Patch.AddNewDefaultSetting ( int , object , boolean )","Modifies the given setting based on the index point in the settings with the new given setting","To create a universally reusable patcher."
"GRM_Patches.lua","3131","GRM_Patch.SetProperRankRestrictions()","Sets the ban list rank and custom note rank to match overall sync filter rank, if necessary","Clarity for the addon user on rank filtering."
"GRM_Patches.lua","3151","GRM_Patch.FixAltData()","Goes to every saved player and changes a boolean to a today's timestamp","There was some sync code that erroneously added a boolean instead of the epoch time stamp for when a player's alt was modified. This fixes that problem"
"GRM_Patches.lua","3196","GRM_Patch.RemoveGuildBackup ( string , string , int , string , boolean )","Removes a Backup Point for the guild...","Database Backup Management"
"GRM_Patches.lua","3291","GRM_Patch.RemoveAllAutoBackups()","Removes all autobackups for all guilds both factions","Due to a flaw in the way auto-saved backups were added, this is now fixed."
"GRM_Patches.lua","3313","GRM_Patch.CleanupAnniversaryEvents()","Due to an error with syncing alt join date data, this cleanus up the string for proper format","So players are properly reported for anniversary reminders."
"GRM_Patches.lua","3345","GRM_Patch.RemoveTitlesEventDataAndUpdateBirthday()","Due to a change in the way the events (birthday, anniversary, custom) are handled, and for localization reasons, this ""title"" can be removed","Updating the database to prevent old errors from old databases."
"GRM_Patches.lua","3380","GRM_Patch.UpdateCalendarEventsDatabase()","Checks the oldEventsDatabase and adds an eventTypeIndex identifier at the end. In this case, a 1 because ONLY anniversaries have ever been documented","To enable all new features to be implemented with the events log and the elimination of errors that will occur with new database changes."
"GRM_Patches.lua","3395","GRM_Patch.MatchLanguageTo24HrFormat()","Checks the selected language then defaults to 24hr scale or 12hr scale","Auto-configure what is the popular hour/min format for the day based on the language preference."
"GRM_Patches.lua","3410","GRM_Patch.FixBanListNameGrammar()","Corrects any ill added names through the manual ban system and corrects their format","Human error protection retroactive that is now implemented live."
"GRM_Patches.lua","3428","GRM_Patch.RemoveDouble ( table )","Iterates through the roster and finds all copies and removes them","Fixing a coding flaw"
"GRM_Patches.lua","3467","GRM_Patch.FixDoubleCopiesInLeftPLayers()","Cleans up the left players for double copies which could have happened with the ban list.","Fix an error in the code from patch 1.1530 in the ban list modification updates."
"GRM_Patches.lua","3474","GRM_Patch.FixDoubleCopiesInCurrentGuilds()","Cleans up the current players for double copies which could have happened with a previous flaw in a recent update.","Fix database error."
"GRM_Patches.lua","3481","GRM_Patch.FixDoubleCopiesInBackup()","Fixes the lingering issue in the backups as well","Fixes coding flaw that allowed a double entry"
"GRM_Patches.lua","3518","GRM_Patch.RemoveAltCopies()","Removes any instance or copy of a player due to the merging of the database","To cleanup the mistake of a coding error in an earlier build..."
"GRM_Patches.lua","3537","GRM_Patch.DoAltListIntegrityCheckAndCleanup()","Checks for nil entries, removes them","Cleanup the database in case of errors."
"GRM_Patches.lua","3556","GRM_Patch.FixPlayerListOfAltsDatabase()","Fixes the double guild references left over from a database conversion in the alts list","when trying to sync settings between alts, the list tree of alts was split between multiple references of the guild. This clears that up."
"GRM_Patches.lua","3689","GRM_Patch.ModifyNoteSavedSettings()","Converts the boolean saved variable to an int, so I can have a 1,2, or 3 for public, officer, custom note options","To adapt the old database to new UI configuration options without creating a new index or needlessly complicating the code."
"GRM_Patches.lua","3705","GRM_Patch.LogDatabaseRepair()","Looks for a code when searching in a string that can cause WOW to freeze and removes the string","Mature language filter cause some weird censored strings to build on save, which messaged up when trying to parse through em that could freeze WOW. This cleans that up"
"GRM_Patches.lua","3721","GRM_Patch.FixCustomMinimapPosition()","","There was an error in the R1.30 release that sync'd settings erroneously that needed to be resolved"
"GRM_Patches.lua","3722","If custom position was set in 1.30, it now removes it and resets position...","","There was an error in the R1.30 release that sync'd settings erroneously that needed to be resolved"
"GRM_Patches.lua","3738","GRM_Patch.ConvertLeaderNoteControlFormatToGuildInfo()","It looks for the 2 codes, removes them from the public or officer note, and then adds them to guild info.","Cleanup for new feature!"
"GRM_Patches.lua","3833","GRM_Patch.ConvertGenericTimestampToIntValues(string)","Returns an array with the day , month , year values set","To be used in converting old method of parsing string timestamps to int values for easier conversion and less processing"
"GRM_Patches.lua","3849","GRM_Patch.ConvertAndModifyAnniversaryStorageFormat()","Converts the old string format to the new better storage format for anniversary dates","Better, cleaner scanning of events. Less parsing text"
"GRM_Patches.lua","3923","GRM_Patch.EventDatabaseIntegrityCheckAndRebuild()","Checks if the anniversary date formatting has been properly reset, and if so, rebuilds it.","Patch 1.33 had some unexpected bugs and some people's databases did not convert. This resolves that."
"GRM_Patches.lua","3936","GRM_Patch.AltListRepeatAndSelfCleanup()","Removes all alt list copies and instances where main is listed as own alt.","Clean up the alt lists!"
"GRM_Patches.lua","4027","GRM_Patch.FixEventCalendarAdvanceScanTimeFrame()","If the time to announce events in advance is greater than 28 it defaults it to 28","Issue where a setting was set to between 1 and 99 and should have been between 1 and 28, so some people had setting more in advance."
"GRM_Patches.lua","4043","GRM_Patch.CleanupErroneousSlashesInBanNames()","Due to a previous erroneous method where custom names with forward slash could be added, it removes any bad names like that.","Cleanup Left players lists"
"GRM_Patches.lua","4059","GRM_Patch.AddBanSlotIndex ()","Allows the player to modify the metadata for ALL profiles in every guild in the database with one method","One function to rule them all! Keep code bloat down."
"GRM_Patches.lua","4104","GRM_Patch.FixUnknownPromoShowing()","If the promo date has been configured, it will ensure the Unknown flag is off","Previously, if a player was set to ""unknown"", it would only overwrite their promotion date on a sync, but if they detected it on their own in the log scan, it would still say unknown."
"GRM_Patches.lua","4154","GRM_Patch.ConvertEmptyGUID()","In case of when players had been added to ban list, if they were lacking the GUID, this converts it to an empty string prepping for update","guid discovery for pre-patch 8.0 players that are on the left player list."
"GRM_Patches.lua","4202","GRM_Patch.FixLeftPlayersClassToUppercase()","If it finds a string, it makes it upper case... in current form it is not properly formated for localization free class formatting.","Prevent downstream bugs"
"GRM_Patches.lua","4241","GRM_Patch.BuildGUIDProfilesForAllNoLongerInGuild()","Does an initial trigger check to identify all the GUIDs of players no longer in the guild and adds them, as well as fixes their classes","GUID was not readily available pre-8.0. This brings up all old info up to parity properly."
"GRM_Patches.lua","4255","GRM_Patch.FixLogOfNilEntries()","Removes entries that are nil that should be text","Cleans up the log of errors."
"GRM_Patches.lua","4286","GRM_Patch.FixBanData()","For some reason some people previously didn't update properly","To prevent Lua errors."
"GRM_Patches.lua","4333","GRM_Patch.FixAltCopies ( 2D Array )","Removes all copies of alts on a list","Cleans up alt lists a bit from a previous flaw."
"GRM_Patches.lua","4351","GRM_Patch.FixAltListsDatabaseWide()","Cleans up the alt lists","There was a flaw that might have caused some alt lists to represent incorrectly."
"GRM_Patches.lua","4397","GRM_Patch.IntegrityCheckAndFixBdayAndAnniversaryEvents()","Rechecks database conversion integrity due to previous issue where in the process of converting, the database did not convert properly, and then rebuilds it properly if issue found","In a prior update it has been discovered that a select few people while they were updating, the whole thing came to a crashing fault due to a lua error elsewhere in the addon that caused the process"
"GRM_Patches.lua","4452","GRM_Patch.SortDeepArrayInOrder ( multi-dArray )","sorts a deep array with the first index sorted together. It also removes the first index which is the guild identifier before continuing...","To be able to organize the given array."
"GRM_Patches.lua","4464","GRM_Patch.SortGuildRosterDeepArray()","Sorts all character data stored arrays","To keep the databases alphabetized and the same between databases."
"GRM_Patches.lua","4498","GRM_Patch.PlayerMetaDataDatabaseWideEdit ( function , bool , bool , bool )","Implements the function logic argument on all metadata profiles of all character profiles database wide: in-guild, previously in-guild, and all backup data indexes","Patch code bloat getting large. Streamline the process of writing patches a bit and allow me to condense previous changes as well without risk of inconsistent"
"GRM_Patches.lua","4555","GRM_Patch.CleanUpAltLists( MDarray , MDarray )","Removes alts that are listed still but yet are not actually in the guild.","Previous error discovered in edge case scenario that could cause an alt to not be fully removed from the database even if their toon is removed from the guild."
"GRM_Patches.lua","4577","GRM_Patch.RemoveUnnecessaryHours ( array )","Removes the hour/min stamps on the join date timestamps","Due to previous error when syncing join dates, the unnecesary hour stamp was included and is just wasted space and no need to force addon to parse everytime."
"GRM_Patches.lua","4588","GRM_Patch.CleanupPromoDateSyncErrorForRejoins ( array )","if the player has a promotion date stored, yet has empty sync data, this cleans it up.","Due to a previous erro whose source has been squashed, the template placeholder date was included and sync'd around, overwriting as legit."
"GRM_Patches.lua","4599","GRM_Patch.CleanupPromoJoinDateOriginalTemplateDates ( array )","Removes the placeholder template that has existed on error and spread around thanks to sync","Cleanup the database"
"GRM_Patches.lua","4631","GRM_Patch.CleanupBirthdayRepeats ( array , array )","Checks for birthday repeats due to previous bug...","Remove previous database error"
"GRM_Patches.lua","4657","GRM_Patch.SlimBanReason( array );","Cleans up Ban list reasons to fit properly as there was some override allowed previously due to erro","Prevent failure to sync bans because of this issue"
"GRM_Patches.lua","4672","GRM_Patch.CleanupBanFormat ( array )","Checks proper formatting of the ban table and fixes it.","Fix previous error in the ban system."
"GRM_Patches.lua","4685","GRM_Patch.CleanupRemovedAlts ( string )","Cleans up all the ""Remove Alt"" data in a guild in resets it.","Due to a discovery in a flaw in how this data was stored when a player is removed from the guild, it has been fixed at the source in code, but"
"GRM_Patches.lua","4711","GRM_Patch.FinalAltListCleanup()","Fixes some previous flaws to align the database properly","To enable quick syncing pre-check comparisons the compare strings need to be exactl"
"GRM_Patches.lua","4788","GRM_Patch.CleanupCustomNoteError()","Checks the end of the custom note for a '?' sendAddonMessage comms divider. If found, it checks if next is an index number, if so, it clears the last 2 markers at end, example, like ""9?""","This is due to incorrect parsing previously on sync that in some cases added an X number with divider at end of the new custom note, so like ""Arkaan's Discord Name is Arkaan?"""
"GRM_Patches.lua","4802","GRM_Patch.SlimDate ( string )","Returns the string with the hour/min taken off the end.","For SYNCing, the only important piece of info on the timestamp is the date, and comparing it is the same. I don't want sync to trigger over and over"
"GRM_Patches.lua","4814","GRM_Patch.CleanupJoinAndPromosSetUnknownError ( array )","Rebuilds the database properly for a previous ""Set as Unknown"" bug that existed.","To cleanup previous errors"
"GRM_Patches.lua","4838","GRM_Patch.CleanupPromoDateSituation ( array )","Fixes an old issue with the database","Prevent Lua errors when reporting times are off when looking at their dates."
"GRM_Patches.lua","4853","GRM_Patch.CleanupJoinDateError ( array , array )","Checks for repeats of join date, and if it finds > 40 (threshold I find reasonable for cleaning up > so small guilds may not receive benefit)","Error in the massive 1.50 overhaul that affects *some* people."
"GRM_Patches.lua","4881","GRM_Patch.CleanupJoinDateRepeats ( array , string )","Removes all instances of the same given date and either resets the data, or moves back one index to previous setting","Error in updating the databases for"
"GRM_Patches.lua","4912","GRM_Patch.GuildDataDatabaseWideEdit ( function )","Implements function logic on the guild as a whole","Rather than focusing on the metadata, it focuses on the guild."
"GRM_Patches.lua","4944","GRM_Patch.RemoveOneAutoAndOneManualBackup)_","Removes 1 of the auto-backup positions and one of the manual","Free up resources, prevent overflow issues that can occur on load by having too deep of these nested backups"
"GRM_Patches.lua","4965","GRM_Patch.ConvertRecommendedKickDateToRule ( int )","It converts the old setting to the new format.","Integration into the GRM tool."
"GRM_Patches.lua","4999","GRM_Patch.CleanupPromotionDateMouseOverError ( array )","Due to an error on setting the promotion date when a new player joins incompletely, this resolves that mouseover bug of promotion date history","If a player joins guild AND changes rank since the last you logged, it was reporting they joined and they changed rank. However, the rank history was getting set as nil"
"GRM_Patches.lua","5014","GRM_Patch.FixMonthDateRecommendationError()","Previous error on the macro tool changed the default reporting to 75 months. This changes it to 12 months","Reset just the settings of this one erroneously, but if they don't match, it means the player has already adjusted this setting and it will be left alone."
"GRM_Patches.lua","5028","GRM_Patch.ClearExtraBackups()","Scans through the backups and remove duplicates","The /grm ClearGuild was failing to remove the backs, so it was rebuilding it every time the guild was remade."
"GRM_Patches.lua","5045","GRM_Patch.FixOptionsSetting ( int , var , function )","Determines if the setting exists. If it does not, is sets the correctSetting. If it does, then it modifies the setting based on the function logic","It is possible in some cases when updating the addon the system crashes before a system updated takes, maybe in the middle of it. This verifies and fixes issues with the settings."
"GRM_Patches.lua","5070","GRM_Patch.FixScalingOption ( var , table )","Checks if the format of the setting is correct and fixes each part of it properly to defauly correct setting, or keeps previous settings if ok.","Integrity check of this due to a potential issue that caused crash when creating the setting."
"GRM_Patches.lua","5089","GRM_Patch.ExpandExportFilters ( var , table )","Addes 2 extra booleans to the table for export filter controls for sex/race","So that the sex and race filters can be added to the settings."
"GRM_Patches.lua","5104","GRM_Patch.UpdateMinimumScanTime ( int , int )","Checks if the minimum scan setting is below 20 seconds, and if it is, sets it to 20","To set the minimum to only be at 20 seconds instead of the previous 10."
"GRM_Patches.lua","5115","GRM_Patch.RealignDatabaseDueToMisSort()","Takes all guild saves and sorts them properly, including backups","Fix a dump insert issue I created in 1.82"
"GRM_Patches.lua","5166","GRM_Patch.FixAltGroupings()","Lingering bug needs to be fixed before applying DB changes - clears copies of alts or fixes broken incomplete lists","To clear an old bug"
"GRM_Patches.lua","5239","GRM_Patch.IsAnySettingsTooLow()","Returns true if the number of settings options is below 79","Due to a previous bug some people might not have configured their setttings properly. This resolves it"
"GRM_Patches.lua","5255","GRM_Patch.GetDefaultAddonSettings()","Establishes the default addon setttings for all of the options and some other misc. stored variables, like minimap position","Easy access to settings on a default reset."
"GRM_Patches.lua","5356","GRM_Patch.ConvertAddonSettings()","Converts the old array database into a dictionary lookup, which is faster","Speed and easier to read settings!"
"GRM_Patches.lua","5539","GRM_Patch.ConvertListOfAddonAlts()","Converts the old database array into a keyed dictionary","Faster efficiency in accessing player info."
"GRM_Patches.lua","5582","GRM_Patch.ConvertBackupDB()","Converts the old database array into a keyed dictionary","Faster efficiency in accessing player info."
"GRM_Patches.lua","5678","adaptLogDB ( table , table , string , string )","Adapts the old DB to the new","Resolve a lingering issue that could occur if the log ever grows > 30,000 lines."
"GRM_Patches.lua","5715","GRM_Patch.ConvertLogDB()","Converts the old database array into a keyed dictionary","Faster efficiency in accessing player info."
"GRM_Patches.lua","5768","GRM_Patch.ConvertMiscToNewDB()","Converts the old array format of the database of looking up players to the new","Overhaul of database to take advantage of Lua key hashmapping that is built-in."
"GRM_Patches.lua","5790","GRM_Patch.ConvertCalenderDB()","Converts the old database array into a keyed dictionary","Faster efficiency in accessing player info."
"GRM_Patches.lua","5839","GRM_Patch.ConvertPlayerMetaDataDB( table )","Converts the old database array into a keyed dictionary","Faster efficiency in accessing player info."
"GRM_Patches.lua","5991","GRM_Patch.ConvertBackupPlayerDataPreCheck ( string , string )","Pre-checks if needs to do a DB update if backup exists, and if it does, runs it through","Can't just update the normal data. You need to update the backup Data as well"
"GRM_Patches.lua","6006","GRM_Patch.ConvertBackupPlayerData ( table )","Takes the backup data and converts it to the new DB format","Conversion of the DB"
"GRM_Patches.lua","6093","GRM_Patch.FixNameChangePreReleaseBug()","Removes a double copy in the DB that occurs by changing the name","Fix a beta error"
"GRM_Patches.lua","6126","GRM_Patch.LegacyPurge ( string , string )","Removes the database of this guild compeltely","Deal with old errors from legacy data."
"GRM_Patches.lua","6140","GRM_Patch.ModifyMemberData ( function , bool , bool , bool )","Goes through the entire account wide database and modifies a player's or guild's metadata based on the actions of the given function","Reusable function for error work and to avoid on code bloat spam."
"GRM_Patches.lua","6229","GRM_Patch.ModifyGuildValue ( function )","Goes through the entire account wide database and modifies a guild's metadata based on the actions of the given function","Reusable function for error work and to avoid on code bloat spam."
"GRM_Patches.lua","6267","GRM_Patch.AddMemberMetaData ( string , variable )","Goes through the entire account wide database and adds the player's metadata a new setting","Reusable function for error work and to avoid on code bloat spam."
"GRM_Patches.lua","6319","GRM_Patch.AddVerifiedPromotionDatesToHistory ( player )","Checks if the rank has been verified but not added to the player history and if so, adds it to player history","Correct a flaw of failed promotion date DB placement from previous update"
"GRM_Patches.lua","6342","GRM_Patch.updateKickRules ( table )","Converts the old kickRules format to the new one.","Setup the kickRules properly"
"GRM_Patches.lua","6389","GRM_Patch.fixAltGroups ( table , table )","Checks for inconsistent alt groups and de-associates them as necessary","To fix alt groupings."
"GRM_Patches.lua","6445","GRM_Patch.VerifyMacroRuleIntegrity()","Establishes the rule if it doesn't exist","Someone with a very old version of the addon could not load it with this error and it was just reported."
"GRM_Patches.lua","6466","GRM_Patch.FixManualBackupsFromDBLoad","CleansUpDatabases that need to be cleaned up","Apparently there is a bug where if the previous one crashed on load, the auto got updated but not manual. This resolves that by just removing it."
"GRM_Patches.lua","6489","GRM_Patch.AddGroupInfoModuleSettings()","Adds the module settings for the Group Info optional plugin/module","Allow user to control the module from within the core grm page"
"GRM_Patches.lua","6504","GRM_Patch.AddTextColoringValues()","Adds a new control for message coloring","Bring log coloring controls to player UX customization options."
"GRM_Patches.lua","6529","GRM_Patch.ModifyPlayerChannelToMulti ( string )","Takes the reportChannel and converts the formatting to an array for multiple channels","To allow message output to multiple channels."
"GRM_Patches.lua","6543","GRM_Patch.RemoveInvalidIndex ( table )","An old error from sync which still had the old database integer index of 40, is redundant, is now removed","Properly cleaned up database."
"GRM_Patches.lua","6557","GRM_Patch.AddExportOptions ( table )","Adds 3 options to the xport rules for members/non members","More control of the export data."
"GRM_Patches.lua","6588","GRM_Patch.FixUnremovedData()","Sees if there is an old index of a guild that was never purged from the core DB, though it was removed from everywhere else, and purges it","Unable to do DB conversion for some people without first resolving this old bug."
"GRM_Patches.lua","6622","GRM_Patch.FixMainTimestampError ( table )","Checks to see if incorrect information is in this data slot during sync","Fix an error that breaks sync for some people."
"GRM_Patches.lua","6635","GRM_Patch.AddKickRule()","Adds a new kickRuleOption","AddMoreFilters"
"GRM_Patches.lua","6679","GRM_Patch.AdjustLevelCapDueToSquish()","Adjusts the level filtering to below 60 to remove potential errors","Adapt to 9.0 launch"
"GRM_Patches.lua","6690","GRM_Patch.AddKickRuleOperator()","Adds a new kickRuleOption","AddMoreFilters"
"GRM_Patches.lua","6703","GRM_Patch.AddRulesValue()","Add a way to sort the rules by index","Player rule customization"
"GRM_Patches.lua","6727","GRM_Patch.ModifyKickRuleMaxLevel()","Add a way to sort the rules by index","Player rule customization"
"GRM_Patches.lua","6741","GRM_Patch.ModifyKickRuleLogic ( table )","If the player is looking for activity, this adjusts the rules to account for that so that the kick recommendations aren't overriden by secondary settings","Correction to a logic flow flaw in the settings."
"GRM_Patches.lua","6755","GRM_Patch.FixLogChangeRankEntries()","Goes into every log entry for ""rank changes"" and checks if the ""old rank"" is nil or empty, implying it never saved right and then removes it  from the log.","A bug was found where this could occur, so the bug has been fixed, but we need to now cleanup the log from bad entries, especially if they ever reprocess the strings."
"GRM_Patches.lua","6771","GRM_Patch.FixMemberRemovePlayerData ( playerObject )","Sets the removed Alts table to nil to remove the errors now that that bug no longer exists.","To fix issue with mismatching alt groupings."
"GRM_Patches.lua","6779","GRM_Patch.ValidateUnverifiedDate ( playerTable, string  )","Checks if formatting is valid, then if not it fixes it","Cleanup some old formatting bugs with old data. Added redundency as well."
"GRM_Patches.lua","6839","GRM_Patch.FixRankHistoryEpochDates ( playerObject )","fixes any issues with the rankHistory","With the release of the macro tool for promotions and demotions it was necessary to check these to ensure they were valid and there was some logic flaws found in how the epoch stamps were saved. That was fixed, but now they need to be retroactively fixed."
"GRM_Patches.lua","6859","GRM_Patch.FixRankHistory ( player )","Purges bad dates that could not be fixed as they are showing empty still","Eliminate the remnants of an old bug from the cloanup of the epoch stamps on the rank history. Subsequent rank changes in the history are not needed to be kept if they are empty from the previous fix."
"GRM_Patches.lua","6873","GRM_Patch.UpdateSafeListValue ( player )","Changes the safeList from a strictly boolean value, for kicks, and adds an array so individual settings can be made for each of the macro tool types","Expand customizability and flexibility for players with the macro tool settings and use"
"GRM_Patches.lua","6898","GRM_Patch.FixVerifiedDatesForRejoins ( player )","Checks if the rank and join histories match up with the verified date. If they don't, it wipes the verified.","Found a flaw with rejoins - if a player rejoined but date was NOT verified, it kept the original verified join date from their previous membership time, which was wrong"
"GRM_Patches.lua","6949","GRM_Patch.PurgeGuildRankNamesOldFormat ( guild )","Takes the old ""rankNames"" variable in the guild table and purges it by setting it to nil","Due to an error in separating the names by commas, given you can name ranks with commas, the regex parsing was separating them by commas which breaks things. Instead of parsing and trying to decipher and replace, it just purges the old data and rebuilds it under a new variable name. Quick and easy fix."
"GRM_Patches.lua","6958","GRM_Patch.CleanupSafeLists ( table )","Due to a previous error if the addon crashed when patching you could end up with tons of nested variables. This cleans them up","Fix a previous patching flaw"
"GRM_Patches.lua","6981","GRM_Patch.ConfigureNewAltGroups()","It configures the new SavedVariable by establishing the guild names.","Rebuilding the structure of alt groups for ease."
"GRM_Patches.lua","6993","GRM_Patch.BuildNewAltLists()","Modifies the guild into the new format.","adapt the guild lists to the new system."
"GRM_Patches.lua","7083","GRM_Patch.AddAltForPatch ( string , string , string , playerTable )","Repeatable function to use for patching the player into the new data table","Cleaaner code to strip this out."
"GRM_Patches.lua","7103","GRM_Patch.RemoveOldAltLists ( playerTable )","Removes the alt information in the old format from the player","Deprecated data point."
"GRM_Patches.lua","7112","GRM_Patch.FixUnknownBirthdayBug ( playerTable , guildTable )","Checks to see if there is an alt grouping where one is set to unknown and another isn't. This shouldn't happen. If you set one in an alt grouping to unknown, they should all become unknown, or vice versa","Fix a bug where bday is synced among the alt grouping but the unknown bday status was not."
"GRM_Patches.lua","7161","GRM_Patch.ConvertRankHistoryToRanks ( playerObject , bool )","Converts the player rank history to the new format and purges the old","Simplifying multiple player variables into one."
"GRM_Patches.lua","7258","GRM_Patch.UpdateUnknownRankFormat ( playerTable )","Changes an old format that I found was unnecessary","Just cleanup."
"GRM_Patches.lua","7271","GRM_Patch.ConvertJoinHistory ( playerObject )","Converts the player join date history to the new format and purges the old","Simplifying multiple player variables into one."
"GRM_Patches.lua","7335","GRM_Patch.ConfigureRuleIndexAndEditTime ( string )","Reconfigures the rule indexes so they can be sorted later","For creating sortable macro rules"
"GRM_Patches.lua","7357","GRM_Patch.AddRemovedRules ( table )","Adds a new settings rule category","So removed rules can be tracked so if you remove them, the next sync you don't just re-receive it again."
"GRM_Patches.lua","7373","GRM_Patch.FixTimestamps ( table )","Due to an old legacy issue, there are some instances where incorrect dates exist in the system, like Feb 30th, due to some faulty logic. This cleans all of those up and with new logic, should not re-occur","Cleanup Timestamps from legacy bugs"
"GRM_Patches.lua","7432","GRM.PlayerNameFixFormerMembers ( playerObject )","Checks for missing name variable and then adds the name using GUID, or purges if GUID and name are missing","Due to a previous lua error, the name on former members maye have been lost and overwritten when they were trying to rejoin"
"GRM_Patches.lua","7466","GRM_Patch.CreateMacroGUID ( string )","Creates a unique GUID for macros","To make the macro sync process easier.]"
"GRM_Patches.lua","7477","GRM_Patch.ConfigureNewGlobalDateFormat()","","Adding a new timestamp setting so the global can be differentiated."
"GRM_Patches.lua","7495","GRM_Patch.FixIfGuildChange()","Fixes an error where if a guild namechange was detected, it updated all but hte new alt groups.","Fix Lua errors that would occur downstream of this issue"
"GRM_Patches.lua","7552","GRM_Patch.FixMissingClass ( playerTable )","Populates the class back due to a previous sync error","Issue with sync due to a previous error caused class to be nil, so this is fixing a downstream issue"
"GRM_Patches.lua","7575","GRM_Patch.UpdateYearFormatting ( playerTable )","Updates any 2-digit year formats to proper 4","Normalization of some timestamp logic requires the timestamp data to have the years in proper format, not abbreviated."
"GRM_Patches.lua","7595","GRM_Patch.AltModifiedFix()","Verifies the integrity of certain data","Due to the possibility of sync failing in the middle, like if someone goes offline or the other hits a loading screen in the middle of a sync, it is possible that this data can end up nil, in certain cases. This resolves that bug by rebuilding the variable."
"GRM_Patches.lua","7634","GRM_Patch.PreviousAltGroupRejoinFix( playerTable )","Adds the member data variable if it doesn't exist as an empty table","This was not properly added to all members previously, prior to feature being implemented."
"GRM_Patches.lua","7647","GRM_Patch.JoinAndRankDataFix ( playerTable )","Fixes a storage formatting problem of empty tables that should never have been added during ban data sync","Prevent downstream errors by fixing previous error."
"GRM_Patches.lua","7724","GRM_Patch.ConvertSettings()","Converts the addonSettings DB","Patch 10.1 compatibility"
"GRM_Patches.lua","7746","GRM_Patch.ConvertDatabase()","Due to the 10.1 changes, faction being removed, this now converts DB to not matter about factions...","Convert DB"
"GRM_Patches.lua","7847","GRM_Patch.FixPersonWhoBanned ( playerObject )","Fixes banned Info discrepancy due to a sync bug error previously.","The ""reason banned"" was erroneously added to the ""person who banned"" name, which complicates some things. As such, the reason is removed from the index and the bannedPlayer info is reset."
"GRM_Patches.lua","7864","GRM_Patch.GuildDataIntegrityCheck()","Performs a check to see if the same guild name is on Horde and Alliance. If so, it purges the guild data from the database that is the most outdated.","An unexpected error occurred when transferring from one classic expansion to the next, like Vanilla to TBC. The SavedVariables would be transferred by the client, but then a person could go and create a new guild on opposite faction with the same name, and GRM would then detect it as a new guild. As of Oct 24, 2022, I have only ever gotten 1 report of this ever happening, but it is possible others just never report it. This is just some logic to check against this, clean it up, and future proof against this happening in the future. Thanks @Kreun on Discord for the report!"
"GRM_Patches.lua","7933","GRM_Patch.PurgeGuildFromDatabase( string , string , bool )","Completely purges a guild from the player database... that it is not currently logged into","Cleanup old guild data from a guild the player is no longer a part of."
"GRM_Patches.lua","7999","GRM_Patch.ResetUIScaling ( table )","Converts the UI SCaling variables to the new format that allows frame scaling with corner","Quality of Life UI feature."
"GRM_Patches.lua","8036","GRM_Patch.CleanUpAltGroupsFromError()","Cleans up old dead alt groups","Realized an issue where if a person left/kicked from the guild whilst having no alts, but they were a main, they would leave but their dead alt group stayed there."
"GRM_Patches.lua","8078","GRM_Patch.FixJoinNameError()","Due to a lua error crashing the on-load of a player, this removes it if their name was not stored properly.","Cleans up previous error."
"GRM_Patches.lua","8139","GRM_Patch.AddExportEntry( settingsTable , int )","Addes the 22nd entry to the export options","Enable a new setting for Mythic+ exporting."
"GRM_Patches.lua","8162","GRM_Patch.AddFaction( playerTable )","Adds the faction index as 0 for Horde and 1 for Alliance","Update the faction designation."
"GRM_Patches.lua","8175","GRM_Patch.FixMissingNames ( playerTable )","Looks for an empty string for player name and updates it","Restore players' name"
"GRM_Patches.lua","8237","GRM_Patch.FixSettingsNames()","Fixes an edge case issue where some of these values were ghost added","Fix an old edge case bug that was found."
"GRM_Patches.lua","8254","GRM_Patch.ConvertSettingsToNewFormat()","Converts the settings to be a more lean and useful DB","To build a more lean settings system that will not accidentally overwrite save settings."
"GRM_Patches.lua","8362","GRM_Patch.DeleteLegacyMacro()","Deletes this old macro that doesn't need to exist anymore","After removal of the old roster, this macro no longer needs to exist."
"GRM_Patches.lua","8373","GRM_Patch.ConvertExportFilters ( table )","Converts a keyed table insteasd","Much cleaner and easier to read..."
"GRM_Patches.lua","8454","GRM_Patch.UpdateUIScaling ( table )","Adds aanother scaling save value","Ability to scale the new roster frame."
"GRM_Patches.lua","8469","GRM_Patch.FixAltGroupModified ( table )","Rebuilds a missing variable, if missing","Due to an old bug, some people may have lost this variable and it needs ot be restored."
"GRM_Patches.lua","8482","GRM_Patch.ModifyJoinAndPromoteDates ( table )","Modifies the joinDateHist of the player","Standard format change."
"GRM_Patches.lua","8524","GRM_Patch.UpdateRemovedMacro ( table )","Adds a new array for the specialRules that have been removed","All the control and syncing of the macro rules."
"GRM_Patches.lua","8537","GRM_Patch.FormatFixVerifiedTime ( playerTable )","Checks if the wrong info was saved as a string and the overwrites it correctly.","This ensures the proper formatting of a date."
"GRM_Patches.lua","8566","GRM_Patch.AddHardcoreVariables ( playerTable )","Adds Variables for hardcore mode","Tracking data for hardcore mode"
"GRM_Patches.lua","8588","GRM_Patch.CleanupIfPlayerRolledBack()","Removes these non relevant data indexes","This can occur if a player rolls back too far of an addon. One player rolled back a VERY early version re-adding this old DB. This will add to protect against it."
"GRM_Patches.lua","8609","GRM_Patch.FixStandardFormat ( table )","Modifies the joinDateHist of the player","Standard format change."
"GRM_Patches.lua","8647","GRM_Patch.AltGroupIntegrityCheck()","Does a deep dive on every angle of the alt groups and ensures they are functional, or it cleans them out","Resolve some older edge case bugs"
"GRM_Patches.lua","8820","GRM_Patch.ClearAllAltGroupsAndMainStatus ( string )","Cleans up broken alt groups for guilds and clears it all with a reset","Only wipe certain data, not all of it."
"GRM_Patches.lua","8873","GRM_Patch.FixStandardStamp( playerTable )","Fixes some formatting issues that existed from a previous bug","Clean up DB."
"GRM_Patches.lua","8907","GRM_Patch.FixHCModeData( playerTable )","Adds the 6th index of the timeOfDeath array. The default was only 5, but when death occurred a new entry was added","Consistency of the DB so it is easier to parse with external tools"
"GRM_Patches.lua","8922","GRM_Patch.UpdateLevelFilterSOD ( table )","Adds a new level filter option at index 9, which is for SOD","All the control and syncing of the macro rules."
"GRM_Patches.lua","8935","GRM_Patch.CleanUpGroupInfo ( table )","Purges redundant settings","Cleanup player settings from features due to Blizz restricting interact distance API"
"GRM_Patches.lua","8951","GRM_Patch.FixWrathClassicEvokerBug ( playerTable )","Checks if a player class is inccorect from some weird bug in classic and wrath that the GUID",""
"GRM_Patches.lua","8964","GRM_Patch.MarcoRuleDataConsistencyFix( ruleTable )","Removes a rule that doesn't apply in the macro","Cleanup rule for data consistency."
"GRM_Patches.lua","8980","GRM_Patch.FixMainTagColor ( rule )","Checks if there is data consistency","Due to a UI error, some data was being stored as nil and wrecking things."
"GRM_Patches.lua","8999","GRM_Patch.JoinDateErrorFix ( table )","Checks for the error, and if there is one, resets the metadata table.","Cleanup DB from old errors."
"GRM_Patches.lua","9012","GRM_Patch.FixAltGroupData()","Fixes the alt group from an existing error where an index was missing.","Prevents addon from being able to complete scan for changes until error is fixed."
"GRM_Patches.lua","9041","GRM_Patch.AddNewLevelFilters ( table )","Adds 2 new boolean points in the levelFilters table, to account for Cata, and also the MOP classic changes in 10.2.7","Ensure one build compatibility."
"GRM_Patches.lua","9073","GRM_Patch.PlayerPromotedToOfficerNoteUpdate( playerTable )","Sets any nil officer notes to an empty string","Fixes an old reference issue for players who were not officers or were promoted to officer"
"GRM_Patches.lua","9085","GRM_Patch.BuildNewMainAltDB()","Adds the mains to the new database","Building a custom relational DB with the groupID as the foreign key in the new Mains table -- easier lookup"
"GRM_Patches.lua","9253","GRM_Patch.ModifyCustomNote ( playerTable )","Removes the 4th rank restriction index from the custom Note.","This is deprecated and only left in to not have to deal with rewriting a lot. The overall custom note sync rank restriction handles this now."
"GRM_Patches.lua","9271","GRM_Patch.AltGroupUpdateTweak()","","Ensure DB has a good starting point."
"GRM_Patches.lua","9459","GRM_Patch.ConvertHours ( playerTable )","Converts the total number of hours into a table representing count of each day","Added a new table, this fixes that."
"GRM_Patches.lua","9485","GRM_Patch.StandardDateFix ( playerTable )","Some epoch numbers got saved from the epoch timestamp into the place of the standard date in error This overwrites them","Fix previous error"
"GRM_Patches.lua","9577","GRM_Patch.ConvertBackupDate()","Changes the formatting of the backup date timestamp so it can be adjusted to player preferred formating when displayed","Timestamp format is being updated"
"GRM_Patches.lua","9594","GRM_Patch.UpdateBdaySaveFormat( playerTable )","Removes the useless year index since year doesn't matter with bdays, and the string timestamp","There is no need for the year in the DB, and ther eis no need for the pre-made unformatted string timestamp"
"GRM_Patches.lua","9612","GRM_Patch.UpdateAnnivAndBdayFormat()","We are going to eliminate the .events method to make bday it's own variable","Easier to read code in quicker notation without nested loops - Also, only need to use the join date for anniversary date."
"GRM_Patches.lua","9716","GRM_Patch.FixMissingBday ( playerTable )","Fixes some missing player data due to update failure previously","A few people encountered failure in previous update fully and a couple of roster members had missing birthday info."
"GRM_Patches.lua","9733","Patch.AddNickNames ( playerTable )","Adds the new nickname feature as player datapoint","Nicknames!"
"GRM_Patches.lua","9749","Patch.FixBirthdayUnknown()","Rebuilds and updates the birthday data structure ensuring consistent data integrity",""
"GRM_Patches.lua","9848","GRM_Patch.FixLeaveRejoinDateError ( playerTable )","Cleans up some erroneous dates since it errored in reporting a player left then rejoined","So players can see their dates again."
"GRM_Patches.lua","9874","GRM_Patch.FixLastOnline ( playerTable )","Fixes the missing lastOnline data","Critical as an error set it to nil."
"GRM_Patches.lua","9890","GRM_Patch.FixMissingMythicRating ( playerTable )","Fixes Mythic Rating missing variable","Critical as an error set it to nil."
"GRM_Patches.lua","9903","GRM_Patch.RestructureBackupDB()","Updates the backup system to be more robust by dividing the save variable tables","Prevent stack overflow situations"
"GRM_Patches.lua","9930","GRM_Patch.FixMissingRankName ( playerTable )","Checks player tables for missing rankName and re-adds htem","A flaw purged the rankName for some players. This restores it."
"GRM_Patches.lua","9942","GRM_Patch.FixEventLog()","There was an old log entry error where the monthIndex didn't save properly, This removes","Fix the DB"
"GRM_Patches.lua","9972","GRM_Patch.FixLocalizationTimestampBug()","Eliminates the broken birthdate","Localization error that filled to index the month properly and erroneously saved date"
"GRM_Patches.lua","10040","GRM_Patch.FixBirthdayPostAnniversary()","Fixes birthday data that got corrupted during the anniversary update","Some data didn't get configured properly from the update"
"GRM_Patches.lua","10107","GRM_Patch.AltGroupUpdateTweakNewDB()","","This is specifically to account for the DB changes to the backup system."
"GRM_Patches.lua","10265","GRM_Patch.AddNickNamesToPlayer ( playerTable )","Removes the old placeholder structure and replaces with updated","New nickname system"
"GRM_Patches.lua","10275","GRM_Patch.AddNickNamesToAltGroups()","Adds the nicknameDetails to all the alt groups","New nickname feature"
"GRM_Patches.lua","10300","GRM_Patch.FixPotentialAltIssue()","Fixes potential alt group issues from prior updates that may have left","Aggressive fix for a latent bug post 12.0 updates."
"GRM_Patches.lua","10397","GRM_Patch.FixMaxLevelMacroSetting ( rules )","Fixes any kick/demote/promote level range rules to set lower level to 999 if at level cap","Prior to level cap increase, max level was hardcoded. This fixes that to be dynamic no matter the expansion"
"GRM_Patches.lua","10412","GRM_Patch.AdjustMinimapRad(int)","Adjusts the minimapRadius to be where it should be","Fix an issue with the minimap icon custom note access change."
"GRM_Patches.lua","10427","GRM_Patch.FixLegacyAltGroupData()","Fixes an issue where the alt group reference was not created when importing a guild and transferring to a new server","DB fix from guild data transfer bug"
"GRM_Professions.lua","7","Prof.GetProfessionTag ( int )","Returns the profession tag to be used when showing player professions","Quality of life information"
"GRM_Professions.lua","14","Prof.GetProfessionNameByID ( int )","Returns the localized name of the profession","Information for player on members in the guild and their professions"
"GRM_Professions.lua","21","Prof.GetProfessionIcon ( int )","Returns the profession icon file to be set as texture","Easily call the profession texture icons"
"GRM_Professions.lua","28","Prof.GetProfessionsNote ( string )","Returns the string formatted representation of player's professions and rank","Build a clean and concise format for the player's notes"
"GRM_Professions.lua","74","Prof.RemoveAllProfessionNotes()","Removes all of the profession notes in the public, officer, or custom note location","Cleanup if feature is no longer wanted/needed"
"GRM_Professions.lua","91","Prof.RemoveProfessionNote ( playerTable , int )","Removes profession note from the given player","Cleanup"
"GRM_Professions.lua","143","Prof.AppendProfessionReportToNote ( string , int )","Updates the note of the player with the profession details, and overwrites old if necessary","Add professions to Classic usefulness"
"GRM_Professions.lua","257","GRM.SetCustomNoteDirectly ( string , string )","Sets the Custom Note, but a slimmed down version so it is not syncing anything","Useful for the profession Update"
"GRM_Professions.lua","272","Prof.InitiateProfessionUpdate( bool , table , table , int )","Sets all of the destination notes with the profession report or updates them if they already exist","Useful feature in Classic to give access to professions."
"GRM_Professions.lua","316","Prof.ReportProfChanges ( bool )","Initiates the profession exporting to the notes, or updating, and reports if requested the players unable to be updated","Useful information in Classic."
"GRM_Professions.lua","344","Prof.ReportPlayersNotUpdated()","Reports the players that need notes updated to the chat window as hyperlinks","Make life easier for leader to update player note and make room."
"GRM_Professions.lua","373","Prof.AutoStartProfessionUpdate()","Acts as the gate for auto-starting the note update","To only run this when designated to do so."
"GRM_Roster.lua","5","GRM_R.BuildRosterFrames()","Initiates building of all o the Custom GRM Guild Roster window","Provide players more controls than default communities offers."
"GRM_Roster.lua","295","GRM_R.ResetColumnTextColors()","It changes the columm header text to emphasize where the sorting is happening.","Quality of life feature so you can know what is being sorted."
"GRM_Roster.lua","344","GRM_R.IsOverAnyRankSelectionButtons()","Returns true if over any mouseover button, for hide/show purposes/","Quality of life UI controls."
"GRM_Roster.lua","375","GRM_R.BuildPromotionRankSelectionDropDown ( buttonObject )","Builds the rankPromotionWindow","Easily give people ability to bump ranks with menus."
"GRM_Roster.lua","407","GRM_R.BuildDemotionRankSelectionDropDown ( buttonObject )","Builds the rankDemotionWindow","Easily give people ability to bump ranks with menus."
"GRM_Roster.lua","440","GRM_R.RankSelection ( buttonObject )","Determines to use the demote or promote logic","Quality of life feature"
"GRM_Roster.lua","451","GRM_R.ConfigureMacroForRightClick ( int , table )","Due to Async loading of various features in the macro tool, this will","Fix the issue with right-clicking a name on the roster to kick or demote"
"GRM_Roster.lua","493","GRM_R.PromotePlayer ( button )","Takes the player to be promoted and builds macr otool","Quality of life feature for the custom guild roster"
"GRM_Roster.lua","508","GRM_R.DemotePlayer ( button )","Takes the player to be Demoted and builds macro otool","Quality of life feature for the custom guild roster"
"GRM_Roster.lua","524","GRM_R.KickPlayer()","Takes the player to be kicked, builds it for the macro tool, and builds the macro","Quality of Life ease of taking advantage of the macro tool"
"GRM_Roster.lua","541","GRM_R.RefreshOnlineStatus();","Refreshes the online status of all the players in the guild for the DB","To ensure the GRM custom roster is accurate always."
"GRM_Roster.lua","571","GRM_R.GetAllMembersAsArray( string , string )","Returns an unsorted list of all guild members as an array, as well as some accompanying details.","A sorted list is useful for columns"
"GRM_Roster.lua","703","GRM_R.SortNames( buttonObject , bool , bool )","Sorts all of the names ascending or descending in the guild","For the Guild roster"
"GRM_Roster.lua","768","GRM_R.SortLastOnline( buttonObject , bool , bool )","Sorts all of the players by last online, longest or shortes","For the Guild roster"
"GRM_Roster.lua","831","GRM_R.SortMythicScore ( buttonObject, bool , bool )","Sorts the players by M+ Score","For the GRM Guild Roster"
"GRM_Roster.lua","896","GRM_R.SortNote ( buttonObject , bool , bool )","Sorts all of the names ascending or descending in the guild","For the Guild roster"
"GRM_Roster.lua","961","GRM_R.SortOfficerNote ( buttonObject , bool , bool )","Sorts all of the names ascending or descending in the guild","For the Guild roster"
"GRM_Roster.lua","1026","GRM_R.SortCustomNote ( buttonObject , bool , bool )","Sorts all of the names ascending or descending in the guild","For the Guild roster"
"GRM_Roster.lua","1093","GRM_R.SortRank( buttonObject , bool , bool )","Sorts all of the names by guild rank, highest to lowest.","For the Guild roster"
"GRM_Roster.lua","1200","GRM_R.SortAlphabeticallyWithinRank ( table, int )","Takes the already sorted table, then sub-sorts the ranks alphabetically ascending or descending","Greater control of sorting on the roster."
"GRM_Roster.lua","1234","GRM_R.SortLastOnlineWithinRank ( table, int )","Takes the already sorted table, then sub-sorts the ranks by last online ascending or descending","Greater control of sorting on the roster."
"GRM_Roster.lua","1268","GRM_R.SortByLevelWithinRank ( table, int )","Takes the already sorted table, then sub-sorts the ranks by level ascending or descending","Greater control of sorting on the roster."
"GRM_Roster.lua","1302","GRM_R.SortByMythicWithinRank ( table, int )","Takes the already sorted table, then sub-sorts the ranks by Mythic Score ascending or descending","Greater control of sorting on the roster."
"GRM_Roster.lua","1336","GRM_R.SortByNoteWithinRank ( table, int )","Takes the already sorted table, then sub-sorts the ranks by playerNote ascending or descending","Greater control of sorting on the roster."
"GRM_Roster.lua","1370","GRM_R.SortByOfficerNoteWithinRank ( table, int )","Takes the already sorted table, then sub-sorts the ranks by officerNote ascending or descending","Greater control of sorting on the roster."
"GRM_Roster.lua","1404","GRM_R.SortByCustomNoteWithinRank ( table, int )","Takes the already sorted table, then sub-sorts the ranks by customNote ascending or descending","Greater control of sorting on the roster."
"GRM_Roster.lua","1438","GRM_R.SortLevel( buttonObject , bool , bool )","Sorts all of the names by player level, highest to lowest or reverse","For the Guild roster"
"GRM_Roster.lua","1496","GRM_R.RosterRightClickCancel()","Hides the right click context menu in the custom GRM Guild Roster","Passthrough function for the button build tool"
"GRM_Roster.lua","1503","GRM_R.RosterRightClickWhisper()","Initializes a whisper to the given player","To give the player the ability to easily right click-whisper someone."
"GRM_Roster.lua","1514","GRM_R.RefreshRosterName( bool )","Refreshes the guild custom roster","Refresh the frame without resorting..."
"GRM_Roster.lua","1539","GRM_R.BuildGuildRoster ( bool , bool , table )","Updates the Queued scrollframe as needed","UX of the GRM mass kick tool"
"GRM_Roster.lua","1665","GRM_R.BuildGuildRosterButtons ( int , boolean )","Initiates the buttons and their values for each line of custom roster","Create a smooth scrolling experience in the GRM kick window"
"GRM_Roster.lua","1952","GRM_R.UpdateGuildRosterTooltip ( int )","Sets the tooltip for the Custom GRM scrollframe in the GRM kick tool","Make it clear the QoL controls."
"GRM_Roster.lua","1982","GRM_R.UpdateNoteText ( int , int )","Updates the tooltip on the GRM Roster","As you scroll the tooltip should update."
"GRM_Roster.lua","1996","GRM_UI.NameSearchTT( frameObject )","Builds tooltip for search box","To be re-used, so adding to a function"
"GRM_Roster.lua","2006","GRM_UI.NoteSearchTT( frameObject )","Builds tooltip for search box","To be re-used, so adding to a function"
"GRM_Roster.lua","2016","GRM_UI.RestoreTooltip()","Closes tooltip","To be re-used, so adding to a function"
"GRM_Roster.lua","2023","GRM_R.SetGuildRosterValues ( int , int )","Builds the values of the given line in the window","Hybrid ScrollFrame tool"
"GRM_Roster.lua","2097","GRM_R.RosterShiftDown()","Shifts all the values DOWN one line to give the illusion of scrolling when in reality this is just a hybrid scrollframe","Clean scrolling"
"GRM_Roster.lua","2154","GRM_R.RosterShiftUp()","Shifts all the values up one line to give the illusion of scrolling when in reality this is just a hybrid scrollframe","Clean scrolling"
"GRM_Roster.lua","2210","GRM_R.RosterSetLastValue()","Sets the last value of the hybridscrollframe backups at position 16","Clean scrolling"
"GRM_Roster.lua","2223","GRM_R.RosterSetFirstValue()","Sets the first value of the hybridscrollframe backups at position 1","Clean scrolling"
"GRM_Roster.lua","2235","GRM_R.LoadRosterFrame()","Initializes load of the RosterFrame first time, and opens/closes it on subsequent uses.","Control load and use of Roster Frame."
"GRM_Roster.lua","2278","GRM_R.InitializeRosterLoadButton ( frame , table , table , table )","Initializes the frames to load the roster button","So I can build this button for all versions of WOW and their various guild frameworks without repeating the code."
"GRM_Roster.lua","2326","GRM_R.ShowOfflineLogic ( buttonObject )","Updates the save setting","Control to update the GRM Roster"
"GRM_Roster.lua","2342","GRM_R.OpenRosterOptions()","Enables the opening and closing of the Options panel for custom GRM Roster","Clean look to hide options"
"GRM_Roster.lua","2359","GRM_R.OpenRosterOptionsButtonTT( frame )","Logic for tooltip for the button when mouseover enter","UX"
"GRM_Roster.lua","2375","GRM_R.ShowMainsLogic ( buttonObject )","Controls the save setting for showing mains","UX"
"GRM_Roster.lua","2396","GRM_R.ShowAltsLogic ( buttonObject )","Controls the save setting for showing alts","UX"
"GRM_Roster.lua","2412","GRM_R.ShowMainTag ( buttonObject )","Controls the save setting for showing main tags","UX"
"GRM_Roster.lua","2424","GRM_R.ShowAltTag ( buttonObject )","Controls the save setting for showing alt tags","UX"
"GRM_Roster.lua","2436","GRM_R.GroupByMainLogic ( buttonObject )","Controls the save setting for grouping alts with main on roster","UX"
"GRM_Roster.lua","2454","GRM_R.GroupByMainTT( frame )","Logic for tooltip for the button when mouseover enter","UX"
"GRM_Roster.lua","2464","GRM_R.NumRowsSliderLogic ( int )","Adjusts the numbers of rows to the guild roster and adjusts them","Great customization for leaders to view the roster."
"GRM_Roster.lua","2482","GRM_R.NumRowsSliderTT( frameTable )","Logic for tooltip for the button when mouseover enter","UX"
"GRM_Roster.lua","2492","GRM_R.SliderMouseUpLogic()","Reprocesses just the scroll slider logic to ensure slider remains consistent after button resize","UX"
"GRM_Roster.lua","2504","GRM_R.ConfigureRosterOptions()","It configures the checkboxes and various UI elements to match the settings for the GRM Roster","Ensure clean load routine when opening the roster."
"GRM_SaveVar_API.lua","37","GRM.S( string )","Returns the player's settings. ""S"" is for settings.","The entire purpose of this is to streamline the code a bit and clean it up."
"GRM_SaveVar_API.lua","77","GRM.GetPlayer ( string [, bool] [, string] )","Returns the playerTable","Easier to pull player data."
"GRM_SaveVar_API.lua","94","GRM.GetFormerPlayer ( string [, bool] [, string])","Returns the playerTable","Easier to pull player data.j"
"GRM_SaveVar_API.lua","111","GRM.GetGuild ( [,string] )","Returns the guild database of all players with the selected, or default current guild.","Compartmentalize the data queries."
"GRM_SaveVar_API.lua","124","GRM.GetFormerMembers ( [,string] )","Returns the guild database of all players with the selected, or default current guild.","Compartmentalize the data queries."
"GRM_SaveVar_API.lua","137","GRM.GetLog ( [,string] )","Returns the log report of the given guild, or the default guild you are in","Call the data easily."
"GRM_SaveVar_API.lua","150","GRM.GetEvents ( [,string] )","Returns items in queue to be added to the calendar.","Call the data easily."
"GRM_SaveVar_API.lua","163","GRM.GetAddOnUserGuildAlts ( [,string] )","Returns list of addon users' alts that have been auto-found and registered for given guild.","Call the data easily."
"GRM_SaveVar_API.lua","176","GRM.GetGuildAlts ( string )","Returns the database of alts for the given guild or current guild","Call the data easily."
"GRM_SaveVar_API.lua","187","GRM.GetClubMemberInfo ( string , int )","Returns the info provided by the Club API on a member","The GetGuildRosterInfo provides some info that Club API does not, and the club API provides some info the guild API does not. This is an easy lookup by name."
"GRM_SaveVar_API.lua","216","GRM.GetGuildRosterInfo_ClassicMethod ( string , bool , [string] )","Returns the player details using the GetGuildRosterInfo, using playerName and GUID","To Accomodate pulling player data when the club API is not working properly"
"GRM_SaveVar_API.lua","235","GRM.GetMemberInfoWithFullName ( int , int )","Returns the Club member info, as well as their full name-serverName","It is necessary to have the full player-serverName, but the Club API only returns the slim non-server name. This ensures you have their full name as well by utilizing the guid."
"GRM_SaveVar_API.lua","251","GRM.GetListOfGuildies( bool )","Returns a list of all current members of the guild in alphabetical order","Occasionally you want a list of guild members."
"GRM_SaveVar_API.lua","274","GRM.GetIndexOfPlayerOnList ( table , string )","Returns index of player in a list, or nil if not found.","Faster searching using binary search algorithm."
"GRM_ScanRoster.lua","12","Scan.NoLivecheck()","It compares the live Check event table if a live scan is going, and it ignores checking roster","To prevent overlap reporting erroneously to the log."
"GRM_ScanRoster.lua","29","Scan.NoLiveReset()","Resets the live registered table just in case of any errors","If a mass stream of joins and quits happens, it can trigger an inconsistent result in the scanning, so this just"
"GRM_ScanRoster.lua","39","Scan.LogPrecheck()","Controls when to give the go ahead to scan the roster if an event triggers","It can be a bit spammy in pulling data from the server if it calls too frequently. This controls that."
"GRM_ScanRoster.lua","66","GRM.RosterPreCheck()","Controls when to give the go ahead to scan the roster if an event triggers","It can be a bit spammy in pulling data from the server if it calls too frequently. This controls that."
"GRM_ScanRoster.lua","99","Scan.HeartbeatCheck( [int] )","Adds a scan protection to clear the scan process if it hangs.","Prevent odd anomalies or lag from killing scan that session by refreshing it."
"GRM_ScanRoster.lua","198","Scan.BuildNewRoster( bool )","Rebuilds the roster to check against for any changes.","To track for guild changes of course!"
"GRM_ScanRoster.lua","227","Scan.CleanUpNameRepeatedServer ( string )","Detects if the server has given it the name-server error bug by repeating the server name and returns","Bandaid Blizz's bug til they fix it."
"GRM_ScanRoster.lua","242","Scan.RosterDiscrepancyPassed( table )","Checks the live roster snapshot against the current guild roster size to see if possible major deviancy.","Protect against possible data retrieval error from server that can occur shortly after logging in."
"GRM_ScanRoster.lua","260","Scan.BuildRosterClassicMethod([int], [table], [table], [int] , table)","Builds the roster using GetGuildRosterInfo, throttled.","Avoid script timeouts during the initial roster build phase, particularly for large guilds"
"GRM_ScanRoster.lua","422","Scan.GetClubMemberTable()","Returns the full club member data","Easy access using Club Communities API"
"GRM_ScanRoster.lua","440","Scan.GetGuildMemberIndexTable()","Quickly builds a member reference table by GUID of the roster index location","Avoid big O n^2 notation by building the table in one loop for reference rather than looping check each player."
"GRM_ScanRoster.lua","454","Scan.UpdateRosterWithCommunitiesAPI ( table , table, int , table , int )","Throttles the querying of the data by the Communities C_Club API. This server call seems much slower and can overload if too fast.","Avoid stutter."
"GRM_ScanRoster.lua","544","Scan.FinalizeRosterBuild( table, table, int )","Performs the final checks and processing after roster data is gathered.","To complete the scan cycle after operations."
"GRM_ScanRoster.lua","590","Scan.BaseScanningComplete_MoveToChanges( table , table )","Allows the scanning for recommendations to be completely asynchronously and thne only to move on to here when done","Prevent overload and stuttering in game when processing large guilds with many macro rules."
"GRM_ScanRoster.lua","618","Scan.BuildNewGuildOrNameChange ( table )","Guild namechange detection","Determine if it is a guild nameChange and if so, to convert DB to new name without losing everything."
"GRM_ScanRoster.lua","709","Scan.ProcessGuildNameChange ( string , string )","Changes the guildName","Allows use of compartmentalizing the guildNameChange so a popupWindow can confirm"
"GRM_ScanRoster.lua","765","Scan.GuildNameChanged( string )","Returns true if the player's guild is the same, it just changed its name","Good to know... what a pain it would be if you had to reset all of your settings"
"GRM_ScanRoster.lua","784","Scan.GUID_EdgeCaseMatch ( string , string )","Ensures GUID comparison is only on the end value","If a guild transferred to a new server, it might change the server identifier middle value, but GUID is same. This resolves it"
"GRM_ScanRoster.lua","795","Scan.processNewGUIDFormerMembers()","Updates the GUID","On a server change, there can be a time where the GUID is modified but not fully changed, like during classic"
"GRM_ScanRoster.lua","834","Scan.CheckPlayerChanges ( array , array , ind , guildTable )","Scans through guild roster and re-checks for any  (Will only fire if guild is found!)","Keep whoever uses the addon in the know instantly of what is going and changing in the guild."
"GRM_ScanRoster.lua","932","Scan.FinishedScan()","Wraps up the scan of the roster","Communication"
"GRM_ScanRoster.lua","953","Scan.CheckLogChanges ( table , table )","Checks the player changes that can be cross-referenced from the log","Compartmentalize the scan"
"GRM_ScanRoster.lua","1080","Scan.CheckRosterChanges ( table , table , string )","Checks the player changes that are found by scanning roster, that are not in Guild Event Log","Compartmentalize the scanning for efficiency."
"GRM_ScanRoster.lua","1360","Scan.CheckLogJoinOrLeave ( table )","Registers if a player as joined or left the guild and builds the string after making changes","Control flow of log information in updating GRM."
"GRM_ScanRoster.lua","1455","Scan.RecordKickChanges ( string , boolean , array , string , bool )","Records and logs the changes for when a guildie either is KICKED or leaves the guild","Having its own function saves on repeating a lot of code here."
"GRM_ScanRoster.lua","1802","Scan.RecordJoinChanges ( array , string , boolean , array , boolean )","Checks and records the new player changes... are they a returning player or completely new. Were they previously banned?","Keep the methods clean by compartmentalizing this rather lengthy function. It is also useful to not double the code as this will be called to on a live tracked event."
"GRM_ScanRoster.lua","2110","Scan.IsRejoinAndSetDetails ( table , string , table , bool , array )","Checks the left player meta data, to the new player joining, and determins if they are rejoining, and if so, if they were banned","Special feature, scanning for changes, live tracking updates as player joins as well... and compartmentalizing this long function."
"GRM_ScanRoster.lua","2478","Scan.CheckPlayerEvents ( bool )","Scans through all players'' ""events"" of the given guild and updates if any are pending","Event Management for Anniversaries, Birthdays, and Custom Events"
"GRM_ScanRoster.lua","2526","Scan.CheckPlayerAnniversary ( playerTable , int , int , int , int )","Checks the player if their anniversary is coming up","To inform the player when someone's anniversary is up"
"GRM_ScanRoster.lua","2620","Scan.CheckPlayerBirthday ( playerTable , int , int , int , bool , int )","Checks if the birthday of a player is up and coming","Reporting to log and to event calendar."
"GRM_ScanRoster.lua","2711","Scan.FinalReport()","Organizes flow of final report and send it to chat frame and to the logReport.","Clean organization for presentation."
"GRM_ScanRoster.lua","2752","Scan.FinalLeftPlayersReport()","Adds reporting extra info to end of the log string","Compartmentalize the log reporting code to be cleaner."
"GRM_ScanRoster.lua","2853","Scan.FinalReportInformation( bool )","Cleans up the scan from all the remaining info and reports","Compartmentalize the wrap up part of the scan"
"GRM_ScanRoster.lua","2902","Scan.AnnounceIfBirthday ( string )","Announces to chat that it is the player's bday when they login or when first logging on.","So you will have the knowledge to say happy birthday when someone logs in!"
"GRM_ScanRoster.lua","2951","Scan.CheckForDeadAccounts( bool )","Scans the roster for dead account names and then gives you the option to kick them","Quality of life feature for maintenance reasons of a roster."
"GRM_ScanRoster.lua","3031","Scan.FullReportCheck()","Reports to the chat and log the changes","By keeping this in a separate function it can be used in the final report, and be forced in a forced kill of the scan if necessary."
"GRM_ScanRoster.lua","3325","Scan.ResetTempLogs()","Empties the arrays of the reporting logs","Logs are used to build changes in the guild and then to cleanly report them in order."
"GRM_ScanRoster.lua","3350","Scan.AnyReportsRemaining()","Returns true if there is any report that has not been given","Quick way to bypass a lot of code checks, as well as to know if a report needs to be re-checked if it was ended prematurely for some various reason. Basically, prevents lost reports in the event of killscan being activated"
"GRM_ScanRoster.lua","3374","Scan.ScanKillSwitch()","In case you quit a guild in the middle of a scan, this will purge it.",""
"GRM_ScanRoster.lua","3397","Scan.AddonPlayerRankChange ( index )","If the player's rank is changed, it does a re-check on permissions and sets up sync again.","Need to update personal details immediately so sync can be processed."
"GRM_ScanRoster.lua","3447","Scan.GetNewerAccountByGUID ( string , string","Returns the GUID that is created more recently by comparing the values of the player","For double copies of players, it is easy to quickly determine which account is most current."
"GRM_ScanRoster.lua","3472","Scan.GetRuleNameMatches ( table )","Returns an array of strings of the given player's matching ruels","Log reporting"
"GRM_ScanRoster.lua","3489","Scan.ScanRecommendationsList_Async( bool )","Scans through all of the macro rules for matches against the guild players","Efficient, Async similated behavior to break the process into chunks to ensure"
"GRM_ScanRoster.lua","3554","Scan.ProcessNextMacroRuleChunk( bool )","Used to handle the asynchronous scanning of all of the macro rule matches","Since Lua is all run in the ""main thread"" and is not multi-threaded, this could cause"
"GRM_ScanRoster.lua","3996","Scan.RefreshNumberOfHoursTilRecommend()","Rebuilds the time on the recommends for the macro tool and the log.","Resource saving. No need to process over and over everytime it is looked at unless a change is made."
"GRM_ScanRoster.lua","4109","Scan.GetGuildEventString ( int , string , string )","Gets more exact info from the actual Guild Event Log ( can only be queried once per 10 seconds) as a string","This parses more exact info, like ""who"" did the kicking, or ""who"" invited who, and so on."
"GRM_ScanRoster.lua","4228","Scan.SilenceOfficerNoteReport ( int , int )","Returns true if officer rank change needs to be reported, if a player has been promoted to officer or demoted.","The officerNote is hidden from non-officers, so on changing to an officer, it now appears as if officer notes have been added, but they are only now just visible"
"GRM_ScanRoster.lua","4241","Scan.GetMatureFilterNormalizedString ( int )","Returns a string with the number of special characters for mature language filter normalization","Blizz seems to have a rolling string of special characters that can be inconsistent on how it censors the curse/mature words, and so string compare"
"GRM_ScanRoster.lua","4262","Scan.NormalizeMatureWords ( string )","Searches a string for Blizz's implementation of various curse word censoring and then overwrites it with a normalized curseword string","For comparing strings properly as the curse word censoring with the ""Mature Langue Filter"" is inconsistent from the server..."
"GRM_Stats.lua","7","GRM_API.CreateNewProgressBar ( frame , string , int , int , {R , G , B} )","Initializes and creates a new progress bar","Tool to be able to make new progress bars as needed."
"GRM_Stats.lua","41","GRM_API.TriggerProgressBar ( frame , int , int , {r,g,b} , bool )","Enable the progress bar to actual display progress","Useful quality of life feature."
"GRM_Stats.lua","140","GRM_API.CheckPoint ( progressBarObject , in , int [,int] )","Adds a checkpoint to tweak the progressBar with updates as it goes.","Tighter controls of progress bar. Let's say you want it to reach 100% after 20 seconds. Well, you know X task must be completed at about half way through. Let's say you complete X task, so you trigger a 50% checkpoint -- it turns out that only 5 seconds have passed and you are already at the 50% mark. Well, you quickly go from 25% to 50% over the next second, then you recalculate the remaining time from 15 seconds down to 10 seconds. It is just a quality of life improvement. You need to know exectedCheckpoint time though for this to work. The final number can be modified but that may break things... be warned. It is recommended to keep at 100% as standard."
"GRM_Stats.lua","160","GRM_API.SetProgressBarColor ( frame , RGBTable )","Sets the color of the progress bar texture as needed","Dynamic control of the progress colors."
"GRM_Stats.lua","173","GRM_API.ResetProgressBar ( object , table {r,g,b} , bool )","Resets the progress bar to 0% and adjusts the color how you want","Reusable control to reset bar quickly."
"GRM_TimeUtil.lua","88","Time.IsLeapYear(int)","Returns true if the given year is a leapYear","For this addon, the calendar date selection, allows it to know to produce 29 days on leap year."
"GRM_TimeUtil.lua","98","Time.CalculateTotalHours ( list )","Returns the numbers of hours of time passed given the lastOnline x years,months,days,hours","Accuracy in determine how long someone has been offline."
"GRM_TimeUtil.lua","150","Time.DaysInMonth ( int , int )","Returns the int number of days in a given month.","Useful for getting EXACT time, not estimates."
"GRM_TimeUtil.lua","160","Time.ConvertToStandardFormatDate ( int , int , int )","Converts the date into ISO 8601 international standard.","It's easy to parse this date."
"GRM_TimeUtil.lua","188","Time.ParseStandardFormatDate ( string )","Converts the string formated date into integers, separated by YYYY,MM,DD","Easily store the dates of people for sync purposes in easily formatted use"
"GRM_TimeUtil.lua","203","Time.ConvertToEpoch ( int , int , int )","Converts a time to epochTime","Useful in comparing amounts."
"GRM_TimeUtil.lua","214","Time.ValidateHist ( playerTable )","It verifies that the data is stored properly","Prevents some edge case errors that have not been properly sourced where the verified bool has been flipped but no date added."
"GRM_TimeUtil.lua","230","Time.GetTimestamp()","Returns the exact time, as per the server, to the minute. Does not return seconds.","Just for cleaner presentation of the results. Also, need to report based on server time. In-game API only returns hour/min, not month and day. This resolves that."
"GRM_TimeUtil.lua","242","Time.GetTimePassedInZone ( oldTimestamp , int , bool )","Reports back how many days, hours, minutes, or seconds has passed since player has been in a zone (days is unrealistic I know but some people might put in a 24hr+ session, so you never know.)","Time tracking to keep track of elapsed time in a zone."
"GRM_TimeUtil.lua","314","Time.ConvertTimetableToServer ( table )","Returns the day, month, year in integer format based on the given timetable, adjusted to match server time based on the given offset.","Adapt OS time to match the Blizzard server time"
"GRM_TimeUtil.lua","371","Time.EpochToDateFormat( int , int )","It takes an epoch timestamp and converts it into a string format as desired.","Epoch is very exact, to the second. It is nice to store that info than hard to interpret, non-mathematical text, for a computer."
"GRM_TimeUtil.lua","390","Time.GetHoursSinceTimestamp( int )","Returns the number of hours that has passed since as a flat integer. Anything less than 1hr returns zero","To be able to return the number of hours since the given time."
"GRM_TimeUtil.lua","398","Time.DayOfYear ( dateArray { d,m,y })","Returns the number of days of the year you are at. For example, Dec. 31, 2024 would return 366 since it's a leap year","Easier way to do comparisons on days if we convert them to current day of the year vs futureday of the year."
"GRM_TimeUtil.lua","412","Time.GetDaysBetweenDates ( table , table )","Returns the number of days until the next event","Useful for calculating future dates."
"GRM_TimeUtil.lua","443","Time.GetTimePassedUsingTableOrString()","Returns the Years, hours, and days that have passed since the given timestamp ( In format ""day mon 'year"")","Honestly, simpler solution than build a solution to parse through epoch time, since I don't need hours, minutes, seconds."
"GRM_TimeUtil.lua","556","Time.GetTimePassedUsingEpochTime ( int )","Returns a table with the time that has passed","Easily know how much time has passed since a given event based on the epochstamp"
"GRM_TimeUtil.lua","572","Time.GetTimePlayerHasBeenMember ( string )","Parses the string of the player date they joined the guild the most recent, and then obtains how long they have been a member.","To display useful info on how long the player has been a member of the guild."
"GRM_TimeUtil.lua","588","Time.ComplexHoursReport(int)","Reports as a string the time passed since player last logged on. The logic is rather complex because this works backward and has to assume that information may not be available as it is used for log reporting even on players that may not be in the guild anymore thus do not have access to current last login information.","Cleaner reporting to the log, and it just reports the lesser info, no seconds and so on."
"GRM_TimeUtil.lua","794","Time.HoursReport( table )","Reports as a string the time passed since player last logged on.","Convert the information provide by the communities API to turn into useful info for player"
"GRM_TimeUtil.lua","924","Time.GetNumHoursTilRecommend( int )","Returns the number of hours need to match the given numMonths time passed","Useful for checking if the player has been, for example, offline X number of months, if the time has passed, since the server gives time in hours since last online."
"GRM_TimeUtil.lua","940","Time.GetTimestampBasedOnTimePassed ( array )","Returns an array that contains a string timestamp of the date based on the timepassed, as well as the epochstamp corresponding to that date","Incredibly necessary for join date and promo date tagging with proper dates for display and for sync."
"GRM_TimeUtil.lua","1021","Time.GetCleanTimestamp ( string )","Returns the timestamp formatted properly","Clean the timestamp for proper parsing and formatting."
"GRM_TimeUtil.lua","1029","Time.FormatTimeStamp( string or table , bool , bool , int ) -- last 3 arguments are optional","Returns the timestamp in a format designated by the player","Give player proper timestamp format options."
"GRM_TimeUtil.lua","1204","Time.GetFormatTime ( string , string )","Returns the time of day in the proper 24hr or 12hr format","To give players the option for time display formatting, but also to ensure 24hr/12hr standards are there as typically in the EU people often use the 24hr clock, whilst in the US it is the 12hr clock."
"GRM_TimeUtil.lua","1245","Time.GetTimestampOfLastRankChange ( playerObject )","Returns the string timestamp based on the array values of the table","Quick conversion of time format."
"GRM_TimeUtil.lua","1258","Time.IsValidSubmitDate ( int , int , boolean )","Returns true if the submission date is valid (not an untrue day or in the future)","Check to ensure the wrong date is not submitted on accident."
"GRM_TimeUtil.lua","1306","Time.GetLogFormattedTimestamp ( list , string )","Attaches the timestamp properly to the log string at start and in converted format","Reusable function for cleaner code for repeat reporting."
"GRM_UI.lua","1166","GRM_UI.SetCloseButtonTooltip ( buttonObject )","Creates a generic tooltip for the given button, with both OnEnter and OnLeave behavior, pinning tooltip to cursor","Code efficiency. Time saving. Clean"
"GRM_UI.lua","1205","GRM_UI.ReloadAllFrames()","Reloads all of the frames in case there have been modifications to them, in one big batch, like if the language was changed.","Management of UI text and font formatting and localization controls."
"GRM_UI.lua","1322","GRM_UI.SetTooltipScale()","Stores the current gametooltip scale, changes it to the save value. Default value is 0.9","So the addon can have customizable tooltip sizing, without overriding default values. It restores when finished."
"GRM_UI.lua","1335","GRM_UI.RestoreTooltipScale()","Restores the tooltip","Maintain UI scaling to just be a feature of this addon."
"GRM_UI.lua","1343","GRM_UI.NewTooltipScale","It resets the scale to the new value of all the custom tooltips","Tooltip scaling functionality"
"GRM_UI.lua","1425","GRM_UI.Unpause()","Checks if the member Details Windows is open, and if not, it will unlock the freeze.","To prevent mouseover from working whilst the side details window is still open"
"GRM_UI.lua","1445","GRM_UI.GR_MetaDataInitializeUIFirst( boolean )","Initializes ""some of the frames"" for an on-demand use... preserves heavy loading on login and only loads as necessary.","Should only initialize as needed. Kept as local for speed"
"GRM_UI.lua","2787","GRM_UI.PlayerPublicNoteEditBox()","Performs the exit note logic where it does not save the public note","Repeat use, clean logic use"
"GRM_UI.lua","2904","GRM_UI.EscapeOfficerNoteEditBox ()","Holds the logic for the editbox","For repeat use..."
"GRM_UI.lua","3975","GRM_UI.CustomNoteEditBoxOnFocusLost( bool )","It resets to original value stored when player gained editbox focus","Reusuable tool for many locations... avoid code bloat."
"GRM_UI.lua","4006","GR_MetaDataInitializeUISecond( boolean )","Initializes ""More of the frames values/scripts""","Just more contorls to control certain loads. The firist initialization was the core frame, this is 2ndary frames."
"GRM_UI.lua","4575","GR_MetaDataInitializeUIThird( boolean )","Initializes ""More of the frames values/scripts""","Can only have 60 ""up-values"" in one function. This splits it up."
"GRM_UI.lua","4751","GRM_UI.SetAddAltSliderValue()","Controls the points at which the slider is stationed when tab OR shift-tabbing","Quality of Life controls for UI"
"GRM_UI.lua","4813","GRM_UI.SendFullAltGroup ( string , string , int , int , playerTable , altsTable )","Sends the full player alt group","When updating an alt group, you cannot just send only the 1 alt, as the alt groups are a whole. You send the full group"
"GRM_UI.lua","4963","GRM_UI.ConfirmPromoDate()","Confirms the current date and adds it.","Easier UX for confirming dates, especially in Classic"
"GRM_UI.lua","4993","GRM_UI.ConfirmJoinDate()","Confirms the current date and adds it.","Easier UX for confirming dates, especially in Classic"
"GRM_UI.lua","5119","GRM_UI.PreAddonLoadUI()","Saves the current position of the core GRM window","Due to changes in patch 8.2, clearing all points is necessary on reloading an addon so the points now need to be saved and ""SetUserPlaced"" is useless."
"GRM_UI.lua","5124","GRM_UI.SaveCorePosition()","Saves the current position of the core GRM window","Due to changes in patch 8.2, clearing all points is necessary on reloading an addon so the points now need to be saved and ""SetUserPlaced"" is useless."
"GRM_UI.lua","5135","GRM_UI.SaveToolPosition()","Saves the current position of the core GRM Mass Kick window","Due to changes in patch 8.2, clearing all points is necessary on reloading an addon so the points now need to be saved and ""SetUserPlaced"" is useless."
"GRM_UI.lua","5146","GRM_UI.SaveSyncTrackerPosition()","Saves the current position of the sync tracker window","Due to changes in patch 8.2, clearing all points is necessary on reloading an addon so the points now need to be saved and ""SetUserPlaced"" is useless."
"GRM_UI.lua","5157","GRM_UI.CorePositionInit()","Sets the position of the stored datapoints","Save and store the core addon GRM log window position between sessions."
"GRM_UI.lua","5169","GRM_UI.CoreToolPositionInit()","Sets the position of the stored datapoints","Save and store the core addon GRM Mass Kick window position between sessions"
"GRM_UI.lua","5181","GRM_UI.CoreSyncTrackerInit()","Sets the position of the stored datapoints","Save and store the position of the SyncTracker Frame"
"GRM_UI.lua","5366","GRM_UI.UpdateBanTabCurrentlyInGuild()","Updates the text on the ban list tab","A good reminder to check if there are people in the guild still but are banned."
"GRM_UI.lua","5427","GRM_UI.RefreshAuditTab ( frame )","Refreshes the tab for the audit window and the tooltip","Quality of life improvenent"
"GRM_UI.lua","5704","GRM_UI.LogEditBoxTimingControl()","Slows the repeat asks to rebuild the log","to prevent spammy disconnect and needless resource wastage"
"GRM_UI.lua","5880","GRM_UI.RefreshLogColorOptions()","Refreshes the colors","UX controls for the player."
"GRM_UI.lua","5894","GRM_UI.UpdateLogFilterTextColor()","Updates the log filter text coloring as well, along with the color boxes","UX"
"GRM_UI.lua","6497","GRM_UI.ChannelEnabled ( string )","Returns true if player has joined this channel","Useful to know, particularly for HC mode deaths tracking."
"GRM_UI.lua","7448","GRM_UI.ShowCustomColorPicker ( float , float , float , float , int , function )","Established some default values for the colorpicker frame, and then shows it","One, to configure the color picker frames, and /grmtwo, to create a universally recyclable function for all potential future colorpicker options as well."
"GRM_UI.lua","7637","GRM_UI.ColorSelectFrameTextureUpdate()","When on the ColorPickerWindow from the Options, this is the logic that updates on the fly and saves the colors as you go.","To establish the proper RGB coloring of the text in the General options tab"
"GRM_UI.lua","10755","GRM_UI.ConfigureLevelFilterButton ( buttonObject, fontstring, int , int )","Helps configure the level filter boxes and is able to be dynamic for cross WOW classic versions","Lean the code a little bit."
"GRM_UI.lua","11910","GRM_UI.DefaultTabSelectLogic()","Opens the corresponding tab everytime the core GRM window is opened","Quality of life customization controls"
"GRM_UI.lua","12100","GRM_UI.NameSearchTT( frameObject )","Builds tooltip for search box","To be re-used, so adding to a function"
"GRM_UI.lua","12157","GRM_UI.TriggerRefreshAuditReset()","Refreshes the audit frames after hiding the tooltip","Prevent code bloat for something with repeated use."
"GRM_UI.lua","13711","GRM_UI.TabNextDropDown ( ArrayOfButtons , boolean )","To control the tab-through on any dropdown list, for for tab and shit-tab backwards.","Provide UI flexibility and code time-saving opportunities."
"GRM_UI.lua","15108","GRM_UI.ConfigureSelectAllCheckButtons()","Checks if they are all true, and if so, auto checks the selectAll button","UX"
"GRM_UI.lua","15136","GRM_UI.BuildLogFilterSideFrame()","Builds the side roster checkboxes properly","Front end UI log filtering."
"GRM_UI.lua","15236","GRM_UI.ConfigureJoinDateLocation()","Configures the front-end UI in the options, including enabling/disabling if you have officer permissions, and basing the selection properly","UI Configuration on load."
"GRM_UI.lua","15276","GRM_UI.BuildLogFrames()","Rebuilds the frames that hold the guild event log...","Easy access. Useful to rebuild frames on the fly at times, particularly if a player rank changes, just in case he receives/loses various permissions."
"GRM_UI.lua","16060","GRM_UI.MainRoster_OnShow()","Hooks the built-in roster frame to pin something better and configures this checkbox for enabling the mouseover window to appear on the old roster or not","Flexibility for the member."
"GRM_UI.lua","16157","GRM_UI.OnlineUsersTextUpdate()","Updates the fontstring to the number of online players on the main member roster tab","Blizz default UI only shows roster online count on the chat window, not the member list window."
"GRM_UI.lua","16175","GRM_UI.BlizzardFramePinHookInitializations ( bool )","Initializes all the chooks and attachements and logic integrated into Blizz default frames","Warcraft is smart in how it handles loading frames and it only loads them *as needed* and as a result, they will appear as ""nil"" until you"
"GRM_UI.lua","16198","GRM.FrameUpdateCommunities ( self , int )","On_Update handler for the frames when Communities is open.","For mouseover to function properly"
"GRM_UI.lua","16376","GRM_UI.DefaultFramesRecursiveInit ( false )","Re-checks over and over until the frames are properly loaded.",""
"GRM_UI.lua","16402","GRM_UI.EstablishAsyncFrameRefreshFlag ( string [, table] )","Set a frame refresh state for a specific category (tagName) and begins await","To simulate an await asynchronous process since Lua 5.1 cannot, to only load frames when tagged"
"GRM_UI.lua","16431","GRM_UI.ActivateRefreshFlagSearch ( bool )","Loops through all of the states of frames to see if the async functions have been completed","Support for async controls to only refresh frames upon completion"
"GRM_UI.lua","16457","GRM_UI.FrameRefreshFlagReady ( string )","Sets the Frame refresh flag to true so that it can exit the recursive loop","Easily set flags ready to complete"
"GRM_UI.lua","16466","GRM_UI.RefreshSelectFrames ( bool , bool , bool , bool , bool , bool , bool )","Checks if these frames are visible and if so, refreshes their details","If a value changes in the roster, like a player leaves or joins the guild, or even is promoted, demoted, you want these values to be instantly visible and reset"
"GRM_UI.lua","16509","GRM_UI.GetDefaultFrameSize ( string )","Returns the default size of each of these frames",""
"GRM_UI.lua","16534","GRM_UI.ResetScalingForAll()","With the scaling logic already in place for ""OnSizeChanged"", player only needs to reset to default size to rescale","Ease of resetting back to default values as needed"
"GRM_UI.lua","16548","GRM_UI.SaveScale ( frameTable , int , int , float )","Holds the Width, Height, and Scale of the frames that are resizable and rescalable for GRM.","So that sizing is maintained between sessions."
"GRM_UI.lua","16568","GRM_UI.RescaleFrame ( frameObject [, bool] [,table] [,table] )","Takes the frame and initializes it to be rescalable by dragging","Quality of life sizing controls."
"GRM_UI.lua","16679","GRM_UI.SetAllWindowScales( bool , string )","Sets the scale to the saved values of the interface.","Allow flexibility in how the windows look for GRM."
"GRM_UI_API.lua","27","GRM_UI.CreateCoreFrame ( string , frame , frame , int , int , bool , string , table , bool , string )","Builds a frame for use in the GRM addon.","Reusable tool to build frames easily, and initialize them."
"GRM_UI_API.lua","94","GRM_UI.CreateString ( string , frame , string , string , int , { R,G,B} , text , int , bool )","Creates a font string with given parameters","Reusable font string creation tool."
"GRM_UI_API.lua","136","GRM_UI.CreateButton ( string , frame , string , string , int , int , table , function , string , int , string , int , int , function or table , function )","Creates a button using whatever template you wish, as well as the added string","Reusable CreateButton tool"
"GRM_UI_API.lua","217","GRM_UI.CreateRadialButtons ( string , string , string , table , table , bool , bool , int , table )","Builds a table of linked radial buttons","Ease of creating radial buttons for options."
"GRM_UI_API.lua","302","GRM_UI.CreateCheckBox ( string , frame , string , array , array , function , string , string , int , function , function )","Builds out the frames for a Hybrid Scroll Frame","Cleanup code with reusable tool."
"GRM_UI_API.lua","355","GRM_UI.CreateHybridScrollFrame ( string , frame , int , int , string , int )","Builds out the frames for a Hybrid Scroll Frame","Cleanup code with reusable tool."
"GRM_UI_API.lua","413","GRM_UI.CreateEditBox ( string , frameObject, string , int , int , table , string , table , int , bool , function , function , function )","","Reusable tool to build editBoxes"
"GRM_UI_API.lua","551","GRM_UI.CreateOptionsSlider ( string , frameObject, string , table , int , int , int , int , string , int , string , function , function , function )","","Reusable tool to build options sliders"
"GRM_UI_API.lua","622","GRM_UI.CreateDropDownMenu ( string , frame , string , array , intArray , stringArray , int , floatArray , function , function , function , function , bool )","It creates a unique, new, dropDownMenu given the variables","To create a generic, reusable dropdown menus"
"GRM_UI_API.lua","734","BuildDropDownOptions ( stringArray , frame , frame , fontstring , RGBArray , int , function , function , function )","Builds the logic and text of the actual popout dropdown menu.",""
"GRM_UI_API.lua","804","GRM_UI.SaveFramePosition ( frameObject )","Stores the frame save position","Reusable code for saving frame positions and storing them between sessions."
"GRM_UI_API.lua","821","GRM_UI.GetBackdrop ( int )","Returns from a list of backdrops","Reusable backdrops for cleaner UI code."
"GRM_UI_API.lua","876","GRM_UI.CreateTooltipFromTable ( table )","Creates a tooltip either single or double line","Ease of creating tooltips"
"GRM_UI_API.lua","925","GRM_UI.CreateToolTipScript ( int (1 or 2) , bool , stringInputs(unlimited) )","Builds the tooltip script for the given frame based on the input","Make it even easier to use the UI API - just build frames"
"GRM_UI_API.lua","988","GRM_UI.GetCheckboxPinNumber ( int , int )","Returns the bottom left checkbox depending on the number of checkboxes and rows. For example, if there are 9 checkboxes in rows of 3 checkboxes per row, I want to pin to bottom left checkbox, which is the first checkbox on the 3rd row, or checkbox number 7","Be bale to have dynamic access to building checkbox or button grids of any size, for example in GRM use, a guild might have 10 ranks, or it might have 5 ranks. If I build a checkbox grid of all the ranks, I need to know which row to pin my next frame to properly."
"GRM_UI_API.lua","1010","GRM.ToBool ( string )","Returns the boolean true or false depending on input. It can receive the input as a string regardless of case, or if you are just using single char true/false like T/F","Easy check for a boolean input since there isn't exactly a quick check built into Lua."
"GRM_UI_API.lua","1029","GRM_UI.GetFrame ( string or frameTable )","Returns the frame from either string name or frame itself, or nil","Verification that frame is valid."
"GRM_UI_API.lua","1051","GRM_UI.WrapText ( string , int )","Wraps text based on the given string if it is too long","To control the visual aspect of really long string on mouseovers and so on."
"GRM_UI_API.lua","1120","GRM_UI.BuildSliderTextures ( sliderFrame )","Adds the texture ends to the outside of the input slider frame","Blizz deprecated some frame designs I like so this modifies and adds my own custom design using a texture made by ChatGPT for me."
"GRM_UI_API.lua","1192","GRM_UI.ScaleButtonToFontStringSize ( buttonObject , fontstringObject , int)","Determines the width of the string, the increases the width of the button so it doesn't overlap, with buffer","UI Quality of Life"
"GRM_UI_API.lua","1209","GRM.InitiateEditBoxPopup ( string , string )","Opens the custom popup edit box with the given text and title","Reusable popup edit box for various inputs for player to copy"
"GRM_UI_Precheck.lua","24","UI_Pre.EnableCommunities()","Enables the Communities Guild UI instead of Classic in the cVAR","Keep GRM's database easier to manage by just dealing with 1 guild interface."
"GRM_Util.lua","4","Util.TableLength ( table )","Returns the integer count of how many items in the given list","Since Lua does not provide a simple count on tables, this is a reusable tool"
"GRM_Util.lua","17","Util.DeepCopyArray(array)","Makes a Deep copy, including all children, recursively, so as to create a new memory reference of the array","In most languages, including Lua, you cannot just copy a table. It copies the reference and changes made to new table and references the memory to being the same, even if they have different variable names"
"GRM_Util.lua","36","Util.RegisterGuildChatPermission()","Initiates attempt to determine player has access to proper channel","If guild chat channel is restricted then sync cannot be enabled either..."
"GRM_Util.lua","78","GetLogCountAllGuilds()","Returns the integer count of all logs and number guilds","Important messaging to prevent stack overflow data limits."
"GRM_Util.lua","92","Util.WarnTableSize()","Establishes the warning message to addon users of reaching addon data limits","If total storage capacity in GRM tables were to reach 32-bit limits a stack overflow"
"GRM_WebApps.lua","6","WebApps.GetWebAppURL( appName: string )","Returns the URL for the requested web app by name","To provide users with quick access to web apps associated with GRM"
